source_id	path	url	sha256	bytes	media_type	retrieved_at	http_last_modified	http_etag
zl3b	ZL3b-n.txt	https://www.voynich.nu/data/ZL3b-n.txt	bf5b6d4ac1e3a51b1847a9c388318d609020441ccd56984c901c32b09beccafc	411671	text/plain	2026-10-02T01:41:55+00:00	Thu, 05 Jun 2025 00:03:05 GMT	
it2a	IT2a-n.txt	https://www.voynich.nu/data/IT2a-n.txt	7f27a8b0feed8f6de0a99900df6bf912dd1d295c38e5f830bac8b41c3f536fb5	342104	text/plain	2026-10-02T01:41:56+00:00	Wed, 25 Jun 2025 07:09:22 GMT	
cd2a	CD2a-n.txt	https://www.voynich.nu/data/CD2a-n.txt	edc18e6de699c50d575925d4f469685ccbbe22c9755b9b8a3b002f83253cbde5	132833	text/plain	2026-10-02T01:41:57+00:00	Sat, 04 Nov 2023 02:02:13 GMT	
fg2a	FG2a-n.txt	https://www.voynich.nu/data/FG2a-n.txt	a1460a05ff610a406e62b4095a8f8e88c04653c1ef4aa5ad6428ddb1ac01fe06	264787	text/plain	2026-10-02T01:41:58+00:00	Sat, 04 Nov 2023 02:03:47 GMT	
gc2a	GC2a-n.txt	https://www.voynich.nu/data/GC2a-n.txt	b09570cb6c993bc2d87134d115e60a978650a8a6495483ddbb1f6005a586096f	314916	text/plain	2026-10-02T01:41:58+00:00	Wed, 25 Jun 2025 07:09:00 GMT	
rf1b_e	RF1b-e.txt	https://www.voynich.nu/data/RF1b-e.txt	e7d3238e35743e06c63367a933909ec37b1e2de7ada3a1b449447eafa1918782	362373	text/plain	2026-10-02T01:41:59+00:00	Thu, 22 May 2025 07:52:34 GMT	
rf1b_er	RF1b-er.txt	https://www.voynich.nu/data/RF1b-er.txt	eb857a1f353b18983fbc25b954e1bbce227a26d99cefabfda9206ff9b57644d2	343891	text/plain	2026-10-02T01:42:00+00:00	Mon, 02 Jun 2025 05:18:01 GMT	
voynich_nu_legacy_ivtff	ZL_ivtff_2b.txt	https://www.voynich.nu/data/previous/ZL_ivtff_2b.txt	c7ffff9e1f3ecbec174e234c04f056b2bec14f8d722726c456f108e2c7060db5	412645	text/plain	2026-10-02T01:42:00+00:00	Sat, 04 Nov 2023 11:26:54 GMT	
voynich_nu_legacy_ivtff	IT_ivtff_1a.txt	https://www.voynich.nu/data/previous/IT_ivtff_1a.txt	db624a731114f26854bbfe3a59d40827fa8911be46d086b6c558d99e557241ee	344691	text/plain	2026-10-02T01:42:00+00:00	Sat, 04 Nov 2023 11:26:50 GMT	
voynich_nu_legacy_ivtff	ZL_ivtff_1r.txt	https://www.voynich.nu/data/previous/ZL_ivtff_1r.txt	1632f3269b8b79e813bd9904daf6589cf860b22fb88a9addb47e1dedde523467	420959	text/plain	2026-10-02T01:42:00+00:00	Sat, 04 Nov 2023 11:26:56 GMT	
voynich_nu_legacy_ivtff	ZL3a-n.txt	https://www.voynich.nu/data/previous/ZL3a-n.txt	56419297682d338ff1a0a17f5ae251e3ee3e2c5bf05a62db04c5385ef30b36a2	411710	text/plain	2026-10-02T01:42:00+00:00	Mon, 19 May 2025 05:48:56 GMT	
voynich_nu_legacy_ivtff	CD_ivtff_1a.txt	https://www.voynich.nu/data/previous/CD_ivtff_1a.txt	248815de8027066a4984ef49c78fad865fc09aded7e3e03faa2638f1511d1fc9	132855	text/plain	2026-10-02T01:42:01+00:00	Sat, 04 Nov 2023 11:26:49 GMT	
voynich_nu_legacy_ivtff	FG_ivtff_1e.txt	https://www.voynich.nu/data/previous/FG_ivtff_1e.txt	4dbbcd1f21d6cddf5f7acfeefc26a6f45b440b6219a30dbabc93f8d86f143202	265576	text/plain	2026-10-02T01:42:01+00:00	Sat, 04 Nov 2023 11:26:48 GMT	
voynich_nu_legacy_ivtff	GC_ivtff_1b.txt	https://www.voynich.nu/data/previous/GC_ivtff_1b.txt	f1b637f76ebca3276c47e65f4318beaa6c097e9510abf66176fd5c27f0543dd3	315040	text/plain	2026-10-02T01:42:01+00:00	Sat, 04 Nov 2023 11:26:52 GMT	
voynich_nu_legacy_ivtff	TT_ivtff_v0a.txt	https://www.voynich.nu/data/previous/TT_ivtff_v0a.txt	a02d86597151d3fb62e61982008c9a324c4b39de74747796a912feaa7b45dd2e	352352	text/plain	2026-10-02T01:42:01+00:00	Sat, 04 Nov 2023 11:26:52 GMT	
voynich_nu_legacy_ivtff	RF1a-n.txt	https://www.voynich.nu/data/previous/RF1a-n.txt	4aca4978d7e3c7ddb6401ecc558f35e6f5f84d1eda930b3ec89ee3a6958fa7b6	343977	text/plain	2026-10-02T01:42:01+00:00	Mon, 19 May 2025 05:48:48 GMT	
lsi_16e6	unit16e6.txt	https://www.ic.unicamp.br/~stolfi/EXPORT/00-EXPORT/98-12-28-interln16e6/unit16e6.txt	c712ec73a70d278bd781ed30ccbb5ae620f5f884759afcbdc971cd43fcae52d6	31599	text/plain	2026-10-02T01:42:02+00:00	Mon, 28 Dec 1998 09:58:36 GMT	"""7b6f-3400a94892b00"""
lsi_16e6	edit16e6.txt	https://www.ic.unicamp.br/~stolfi/EXPORT/00-EXPORT/98-12-28-interln16e6/edit16e6.txt	c59d7d278331fa320022736adf770558efadfbd2b6282afc6483726f4a903cd3	53021	text/plain	2026-10-02T01:42:02+00:00	Mon, 28 Dec 1998 10:09:54 GMT	"""cf1d-3400abcf2a080"""
lsi_16e6	text16e6.evt.gz	https://www.ic.unicamp.br/~stolfi/EXPORT/00-EXPORT/98-12-28-interln16e6/text16e6.evt.gz	d29491a847529ff0b5fcff8b51e707b59e093c9629ce0cf2e179c6c8d65d52da	346000	application/x-gzip	2026-10-02T01:42:03+00:00	Tue, 29 Dec 1998 06:37:49 GMT	"""54790-3401be451e940"""
ivtff_spec_2_0_2	IVTT_manual.pdf	https://www.voynich.nu/software/ivtt/IVTT_manual.pdf	86e43c603024ad668e897194c2663385711200d83701c503dcee2bc957a3b4a3	630518	application/pdf	2026-10-02T01:42:04+00:00	Sun, 07 Sep 2025 05:13:15 GMT	
ivtff_spec_2_0_2	IVTFF_format.pdf	https://www.voynich.nu/software/ivtt/IVTFF_format.pdf	7ac9c4a82064763cac8767cca6f661cc4e1b4503ab9342acc03032ddb6939d49	1171234	application/pdf	2026-10-02T01:42:04+00:00	Tue, 08 Jul 2025 08:38:26 GMT	
sta1_alphabet	STA1_def.pdf	https://www.voynich.nu/data/sta/STA1_def.pdf	85a595aa61936fa103a0f2c11d980e9970e11f98d1f35038f9fc268cc433ada2	1159908	application/pdf	2026-10-02T01:42:05+00:00	Sat, 13 Sep 2025 23:06:22 GMT	
sta1_alphabet	STA1-families.pdf	https://www.voynich.nu/data/sta/STA1-families.pdf	f5cd8a7c48c9a5a892971fba491fbb324d40c6b88388738cac5c28a8e206fd8d	850627	application/pdf	2026-10-02T01:42:05+00:00	Sat, 04 Nov 2023 11:03:25 GMT	
archetype_timm_2026	README.md	https://zenodo.org/api/records/18827108/files/README.md/content	ca3b016fa251971945cd78833339d85c2549debb22bdfd2c224e7dd41ee73af3	5857	application/octet-stream, application/octet-stream	2026-10-02T01:42:06+00:00		
archetype_timm_2026	archetype-voynich-palaeography-project.tar.gz	https://zenodo.org/api/records/18827108/files/archetype-voynich-palaeography-project.tar.gz/content	1e79c1ebcce4aa18a8fa5ad83743e9204eb1b08ea52627264bc08bf036485ba4	2324622	application/octet-stream, application/octet-stream	2026-10-02T01:42:08+00:00		
mccrone_2009	voynich_analysis.pdf	https://library.yale.edu/sites/default/files/2026-06/voynich_analysis.pdf	99aab11b73599e24d8391d24a36f45fed90c70dfc21861e0773e0bbff58af78b	6059189	application/pdf	2026-10-02T01:42:18+00:00	Mon, 24 Aug 2026 04:31:23 GMT	"""6a8bc91b-5c74b5"""
barabe_aic_2012	bpga31-15.pdf	https://cool.culturalheritage.org/coolaic/sg/bpg/annual/v31/bpga31-15.pdf	6158bb4056e451f82def9efb5dc0419ac79f127c7f3146008e55dc269c3456e2	23105	application/pdf	2026-10-02T01:42:18+00:00	Tue, 09 Nov 2021 22:10:44 GMT	"""1deb17a70ddfd2468eab0f21a68bd984"""
radiocarbon_arizona_2009	voynich_nu_carbon.html	https://www.voynich.nu/extra/carbon.html	402f5ccbfa639ebc0003eb51be78d0d43b6fe1e65bd5eb72acaa6525071313e0	27914	text/html	2026-10-02T01:42:19+00:00	Tue, 10 Jun 2025 23:55:51 GMT	
dimperio_1978	dimperio_elegant_enigma_1978.pdf	https://archive.org/download/VoynichManuscriptAnElegantEnigma/Voynich%20Manuscript-%20An.%20Elegant.%20Enigma.pdf	6ec3e27ceb430008276f6f1d00a6208dee3959d65d1ef46a56567165c112feef	32798145	application/pdf	2026-10-02T01:44:01+00:00	Sun, 23 Oct 2016 18:51:26 GMT	"""580d06ae-1f475c1"""
tiltman_1967	tiltman_1967.pdf	http://web.archive.org/web/20260920073605id_/https://www.nsa.gov/portals/75/documents/news-features/declassified-documents/tech-journals/voynich-manuscript-mysterious.pdf	2297136842d348b1b921862e0366a25074ad6552286788e3893b38892bf6deae	15697348	application/pdf	2026-10-02T01:44:03+00:00		
dimperio_cluster_1978	dimperio_cluster_1978.pdf	http://web.archive.org/web/2026id_/https://www.nsa.gov/portals/75/documents/news-features/declassified-documents/tech-journals/Application-of-Cluster-Analysis.pdf	c9cd26a531f726c3677de99f08c206ec5088f9574860336c94ea364ce7575f26	7056039	application/pdf	2026-10-02T01:44:05+00:00		
yale_ms408_iiif_2014	mods.xml	https://collections.library.yale.edu/catalog/oai?verb=GetRecord&metadataPrefix=oai_mods&identifier=oai:collections.library.yale.edu:2002046	e3b0c44298fc1c149afbf4c8996fb92427ae41e4649b934ca495991b7852b855	0	text/html	2026-10-02T01:44:39+00:00		
yale_ms408_iiif_2014	iiif-manifest.json	https://collections.library.yale.edu/manifests/2002046	317d58fd9ea90392a83d9858a91eada3d0b41416a3c835857dc0154bd123a309	403033	application/json	2026-10-02T01:44:39+00:00		
yale_ms408_iiif_2014	images/001_1006074.jpg	https://collections.library.yale.edu/iiif/2/1006074/full/full/0/default.jpg	a2af37b5735b76e49a4fb2033f3ac54187d08aee7d910479c1fd04cb4e8b8a14	2057677	image/jpeg	2026-10-02T01:44:41+00:00		
yale_ms408_iiif_2014	images/002_1006075.jpg	https://collections.library.yale.edu/iiif/2/1006075/full/full/0/default.jpg	1f609ec3e91977e339099d1f864993f985246ac345e89896427392078b601dd2	1807387	image/jpeg	2026-10-02T01:44:53+00:00		
yale_ms408_iiif_2014	images/006_1006079.jpg	https://collections.library.yale.edu/iiif/2/1006079/full/full/0/default.jpg	ae2e9591c75389fe093e7f35d5c670781d196c253d472030dd4a1d1c86ae1cb7	2415827	image/jpeg	2026-10-02T01:44:55+00:00		
yale_ms408_iiif_2014	images/007_1006080.jpg	https://collections.library.yale.edu/iiif/2/1006080/full/full/0/default.jpg	6ea4d4023a3b199463eee9e30508726a9314391f05a613bce3f87ae8d23fd151	2201720	image/jpeg	2026-10-02T01:44:57+00:00		
yale_ms408_iiif_2014	images/005_1006078.jpg	https://collections.library.yale.edu/iiif/2/1006078/full/full/0/default.jpg	826533a0760798acf5a4caa01ac29fe95eb1ed13a9fb26ac82900a8aea11d53f	2169315	image/jpeg	2026-10-02T01:44:57+00:00		
yale_ms408_iiif_2014	images/009_1006082.jpg	https://collections.library.yale.edu/iiif/2/1006082/full/full/0/default.jpg	fb166d0fe36d8cb635bb73b1d70b7d62e51a5f1ebf896f51921bd1854a06d904	2325087	image/jpeg	2026-10-02T01:45:12+00:00		
yale_ms408_iiif_2014	images/010_1006083.jpg	https://collections.library.yale.edu/iiif/2/1006083/full/full/0/default.jpg	afec0f17556cb8cec1f1bc529ba4b572fc32363702091bacda4c7c1e0ebf37bc	2408540	image/jpeg	2026-10-02T01:45:14+00:00		
yale_ms408_iiif_2014	images/003_1006076.jpg	https://collections.library.yale.edu/iiif/2/1006076/full/full/0/default.jpg	d02e73e9d81daa461d39beda0340b2acccadcd9db898605fc00b4f126e3e60bf	2309265	image/jpeg	2026-10-02T01:45:44+00:00		
yale_ms408_iiif_2014	images/004_1006077.jpg	https://collections.library.yale.edu/iiif/2/1006077/full/full/0/default.jpg	43065eacad8a743816eb2b7d9acd8cf882a9bb498f1cea84602d12fede99f77d	2343486	image/jpeg	2026-10-02T01:45:44+00:00		
yale_ms408_iiif_2014	images/008_1006081.jpg	https://collections.library.yale.edu/iiif/2/1006081/full/full/0/default.jpg	b9c19a872d6456fa58f76f15dec1d61bc80cc353fceff33f11abdaae87ce199e	2287993	image/jpeg	2026-10-02T01:46:02+00:00		
yale_ms408_iiif_2014	images/014_1006087.jpg	https://collections.library.yale.edu/iiif/2/1006087/full/full/0/default.jpg	c05ffc33745eca87cb0387cf47868f2a0a62f2cf6c3f7929a35a2e64834c40dc	2277617	image/jpeg	2026-10-02T01:46:05+00:00		
yale_ms408_iiif_2014	images/015_1006088.jpg	https://collections.library.yale.edu/iiif/2/1006088/full/full/0/default.jpg	fd4529ff994cfaefe9bf75966a59eede9ab0ea59e3514bf3aaf0a45c0df0e2a0	2218752	image/jpeg	2026-10-02T01:46:14+00:00		
yale_ms408_iiif_2014	images/011_1006084.jpg	https://collections.library.yale.edu/iiif/2/1006084/full/full/0/default.jpg	e0e966c2a24f6b434b34cd1e1d4ee9aef2cec281c6ad071847e8e8b50d799acb	2424178	image/jpeg	2026-10-02T01:46:22+00:00		
yale_ms408_iiif_2014	images/017_1006090.jpg	https://collections.library.yale.edu/iiif/2/1006090/full/full/0/default.jpg	2dfbbfab02ca4220a7ad1ade4b6be69d0401df9a64762e3883ffa87640e07e7e	2318868	image/jpeg	2026-10-02T01:46:23+00:00		
yale_ms408_iiif_2014	images/013_1006086.jpg	https://collections.library.yale.edu/iiif/2/1006086/full/full/0/default.jpg	2e9e318c945c1a961ab676c81827b4ee71c993d3d02a1adb9365bbb007ffa4dc	2331837	image/jpeg	2026-10-02T01:46:27+00:00		
yale_ms408_iiif_2014	images/018_1006091.jpg	https://collections.library.yale.edu/iiif/2/1006091/full/full/0/default.jpg	726c5a8de19709f2286423802e7d1e18f2c58cc558d5680e57a3377e9623ca1c	2177365	image/jpeg	2026-10-02T01:46:27+00:00		
yale_ms408_iiif_2014	images/019_1006092.jpg	https://collections.library.yale.edu/iiif/2/1006092/full/full/0/default.jpg	a5f3a7b1a3f9c0e791a3365d801884c64d996749719d84ffb11f0f06fbb30925	2414246	image/jpeg	2026-10-02T01:46:29+00:00		
yale_ms408_iiif_2014	images/016_1006089.jpg	https://collections.library.yale.edu/iiif/2/1006089/full/full/0/default.jpg	81fed5fa8e1b174ff1176899b76d08003148445bdc6f68f3c7f59f8c6729e841	2182142	image/jpeg	2026-10-02T01:46:32+00:00		
yale_ms408_iiif_2014	images/020_1006093.jpg	https://collections.library.yale.edu/iiif/2/1006093/full/full/0/default.jpg	790a7493a31133cf9375fb7471d1d1167df4988bcadeb74ea2528a0ba562e693	2312352	image/jpeg	2026-10-02T01:46:33+00:00		
yale_ms408_iiif_2014	images/022_1006095.jpg	https://collections.library.yale.edu/iiif/2/1006095/full/full/0/default.jpg	5cff25a923f5e8173a2a8ad21ec247d7c9bd090ac379322d5dda4d17be916403	2277816	image/jpeg	2026-10-02T01:46:35+00:00		
yale_ms408_iiif_2014	images/021_1006094.jpg	https://collections.library.yale.edu/iiif/2/1006094/full/full/0/default.jpg	8d8d5636691bae1be1ff908afad1388c25c53154e8808be572675ae8500c2ac5	2349652	image/jpeg	2026-10-02T01:46:35+00:00		
yale_ms408_iiif_2014	images/024_1006097.jpg	https://collections.library.yale.edu/iiif/2/1006097/full/full/0/default.jpg	896a5297fd4ac6a4ca215ae5e000ac8d6a50ea6063283a28b42ba1974d681d51	2430042	image/jpeg	2026-10-02T01:46:36+00:00		
yale_ms408_iiif_2014	images/025_1006098.jpg	https://collections.library.yale.edu/iiif/2/1006098/full/full/0/default.jpg	454eb5f05db936ed0cf729c3881af0ded0993bc116246c6c8fd0c2789f4e9833	2246956	image/jpeg	2026-10-02T01:46:37+00:00		
yale_ms408_iiif_2014	images/026_1006099.jpg	https://collections.library.yale.edu/iiif/2/1006099/full/full/0/default.jpg	79ac3ff85ed178229cd4bafc6332c606684dd0eba37221758a7ec430c86544f0	2541873	image/jpeg	2026-10-02T01:46:38+00:00		
yale_ms408_iiif_2014	images/027_1006100.jpg	https://collections.library.yale.edu/iiif/2/1006100/full/full/0/default.jpg	1c2b3a255fc01cb6db6f1c2e971ee93e6911ef1acc2ef0800a6a7eae2572945c	2566544	image/jpeg	2026-10-02T01:46:40+00:00		
yale_ms408_iiif_2014	images/023_1006096.jpg	https://collections.library.yale.edu/iiif/2/1006096/full/full/0/default.jpg	5307f28c9c4f65506ea6ce6c46182de03463afc0a5cdcb59ca67453a2f18f811	2255232	image/jpeg	2026-10-02T01:46:43+00:00		
yale_ms408_iiif_2014	images/028_1006101.jpg	https://collections.library.yale.edu/iiif/2/1006101/full/full/0/default.jpg	97dbdbe273597957d62db2cf3a6d9769a0121cba1d0bb682c8008a6d2de622a6	2266429	image/jpeg	2026-10-02T01:46:48+00:00		
yale_ms408_iiif_2014	images/012_1006085.jpg	https://collections.library.yale.edu/iiif/2/1006085/full/full/0/default.jpg	c294a7576438c7673149f7b6294378127721daa5a48d045643feb812a6c49f40	2362440	image/jpeg	2026-10-02T01:46:48+00:00		
yale_ms408_iiif_2014	images/031_1006104.jpg	https://collections.library.yale.edu/iiif/2/1006104/full/full/0/default.jpg	1a7e9d3d9e6c647d73899317cf21c2967ded0e30517c5020e7c2093f6d99f265	2157068	image/jpeg	2026-10-02T01:46:50+00:00		
yale_ms408_iiif_2014	images/032_1006105.jpg	https://collections.library.yale.edu/iiif/2/1006105/full/full/0/default.jpg	0001f9fb64430a47afa2c9dfa94e8eba1b6423ab0d3c3b9ae2a7c43e406d3a5e	2474638	image/jpeg	2026-10-02T01:46:50+00:00		
yale_ms408_iiif_2014	images/029_1006102.jpg	https://collections.library.yale.edu/iiif/2/1006102/full/full/0/default.jpg	94d811f32199d1a092ff7eedb50ef6b7d3e35fa609093a55cdd3937a056b0edf	2104790	image/jpeg	2026-10-02T01:47:44+00:00		
yale_ms408_iiif_2014	images/035_1006108.jpg	https://collections.library.yale.edu/iiif/2/1006108/full/full/0/default.jpg	01659aa94a6176b56c621f50c9cbe8c467836d6265a03d8edb1e97e236126e78	2037604	image/jpeg	2026-10-02T01:47:46+00:00		
yale_ms408_iiif_2014	images/036_1006109.jpg	https://collections.library.yale.edu/iiif/2/1006109/full/full/0/default.jpg	a0f14ccc11f76d832def734e32e33dccea82222e0b198ac3d73c93e8d1fcc47f	2348011	image/jpeg	2026-10-02T01:47:49+00:00		
yale_ms408_iiif_2014	images/037_1006110.jpg	https://collections.library.yale.edu/iiif/2/1006110/full/full/0/default.jpg	c05e13bd154a93d77e2f601f11d9bd886fdf4524a49dbae0339b0bd864f7283c	2080239	image/jpeg	2026-10-02T01:47:52+00:00		
yale_ms408_iiif_2014	images/033_1006106.jpg	https://collections.library.yale.edu/iiif/2/1006106/full/full/0/default.jpg	9ed091881b24f31504a5daa064c131f06b0bce10e8346f3dbe20de6cdaf2452f	2245151	image/jpeg	2026-10-02T01:47:54+00:00		
yale_ms408_iiif_2014	images/034_1006107.jpg	https://collections.library.yale.edu/iiif/2/1006107/full/full/0/default.jpg	61070cc9fb18d90711adcab577dee66e7e7958b6733dcddb0b484d01388979ec	2262791	image/jpeg	2026-10-02T01:47:55+00:00		
yale_ms408_iiif_2014	images/039_1006112.jpg	https://collections.library.yale.edu/iiif/2/1006112/full/full/0/default.jpg	2090ee8a14985ae1db08d465bb9229a7490620ac9f5c288118f3c37cc4c9398e	2246148	image/jpeg	2026-10-02T01:47:56+00:00		
yale_ms408_iiif_2014	images/040_1006113.jpg	https://collections.library.yale.edu/iiif/2/1006113/full/full/0/default.jpg	472ca57a0abf61ab000cd26c6065b007073a95a0cf662ff4cc7d4158c94b52b7	2345948	image/jpeg	2026-10-02T01:47:58+00:00		
yale_ms408_iiif_2014	images/041_1006114.jpg	https://collections.library.yale.edu/iiif/2/1006114/full/full/0/default.jpg	0d28a9ed56ad63a46a0fa8be769600b635ea6cd703989016f1d07308cc067c88	2203478	image/jpeg	2026-10-02T01:47:58+00:00		
yale_ms408_iiif_2014	images/043_1006116.jpg	https://collections.library.yale.edu/iiif/2/1006116/full/full/0/default.jpg	7bfb7bf49850d6d8df30ebae5a1ea8adc7b27bb714cb0e24453724805bd72a3e	2286657	image/jpeg	2026-10-02T01:48:00+00:00		
yale_ms408_iiif_2014	images/042_1006115.jpg	https://collections.library.yale.edu/iiif/2/1006115/full/full/0/default.jpg	f10bf37a910e69fb8ea1f34d74b79522b6c7d0bebed77fe13ce40240f792ab53	2515369	image/jpeg	2026-10-02T01:48:01+00:00		
yale_ms408_iiif_2014	images/045_1006118.jpg	https://collections.library.yale.edu/iiif/2/1006118/full/full/0/default.jpg	accaf5bdc2bcbbb97171d591f8352258329671eb68d095f4fe3f556979ff2e07	2271913	image/jpeg	2026-10-02T01:48:03+00:00		
yale_ms408_iiif_2014	images/044_1006117.jpg	https://collections.library.yale.edu/iiif/2/1006117/full/full/0/default.jpg	0243271c28759a1a45350cd058270a12ea131860652cf1a3f7c14e47fe4ed6b2	2312904	image/jpeg	2026-10-02T01:48:03+00:00		
yale_ms408_iiif_2014	images/046_1006119.jpg	https://collections.library.yale.edu/iiif/2/1006119/full/full/0/default.jpg	4ce0750cd5118df63ca35fe955dcf3add4160d2ddb5e2770e47bb9930e992fc3	2322426	image/jpeg	2026-10-02T01:48:06+00:00		
yale_ms408_iiif_2014	images/048_1006121.jpg	https://collections.library.yale.edu/iiif/2/1006121/full/full/0/default.jpg	0b814f58b56dff9351ae0d2f0db18a965fd6d67bb9f8302265b76f8ce5cd9f87	2441968	image/jpeg	2026-10-02T01:48:08+00:00		
yale_ms408_iiif_2014	images/049_1006122.jpg	https://collections.library.yale.edu/iiif/2/1006122/full/full/0/default.jpg	1089c404ba05823109860af916e7dba2833cf99b98834c1534f3c66fcfaad1a4	2142361	image/jpeg	2026-10-02T01:48:11+00:00		
yale_ms408_iiif_2014	images/050_1006123.jpg	https://collections.library.yale.edu/iiif/2/1006123/full/full/0/default.jpg	0f135a9525a84dfccf038a2221c7178dfbfb3b1a1fe4b6d0f62aeb6e8b655d73	2476763	image/jpeg	2026-10-02T01:48:13+00:00		
yale_ms408_iiif_2014	images/051_1006124.jpg	https://collections.library.yale.edu/iiif/2/1006124/full/full/0/default.jpg	a593efb741d70ec23ae25c3725dbf2c8e8b3f8d2392cea6eb06921ac5949a6db	2353112	image/jpeg	2026-10-02T01:48:16+00:00		
yale_ms408_iiif_2014	images/052_1006125.jpg	https://collections.library.yale.edu/iiif/2/1006125/full/full/0/default.jpg	3378e154f7ef8a45405cb008277aa1dc2229388c456cd3c66438bcca54d02c6b	2397269	image/jpeg	2026-10-02T01:48:18+00:00		
yale_ms408_iiif_2014	images/053_1006126.jpg	https://collections.library.yale.edu/iiif/2/1006126/full/full/0/default.jpg	978616e82efb3a452075ab98f7cde7351c373af0ecf668896c77af4f48abb9d5	2206347	image/jpeg	2026-10-02T01:48:21+00:00		
yale_ms408_iiif_2014	images/054_1006127.jpg	https://collections.library.yale.edu/iiif/2/1006127/full/full/0/default.jpg	a84bedb17fc768a2e3c5e335b158c86cbef92636d010ef5811fa90b68951d608	2539302	image/jpeg	2026-10-02T01:48:28+00:00		
yale_ms408_iiif_2014	images/055_1006128.jpg	https://collections.library.yale.edu/iiif/2/1006128/full/full/0/default.jpg	b7c3fa283b7d2647e512dac6a665c5d37945e5aab8e21798292069ef26d67c04	2408951	image/jpeg	2026-10-02T01:48:30+00:00		
yale_ms408_iiif_2014	images/056_1006129.jpg	https://collections.library.yale.edu/iiif/2/1006129/full/full/0/default.jpg	2d325310e4ec264132340974cb71ec7f0cdb2f62820f97e644145dec72d84605	2403851	image/jpeg	2026-10-02T01:48:32+00:00		
yale_ms408_iiif_2014	images/057_1006130.jpg	https://collections.library.yale.edu/iiif/2/1006130/full/full/0/default.jpg	ea8217a4cea6a3861e183a95e82d3e4ee3308aef8025bc2e9c9bce8a7a0c92d6	2263746	image/jpeg	2026-10-02T01:48:35+00:00		
yale_ms408_iiif_2014	images/058_1006131.jpg	https://collections.library.yale.edu/iiif/2/1006131/full/full/0/default.jpg	1739f36ccfddb9121b2acec4faea712136aeeb4ad5fb2889ba5484549d791503	2578857	image/jpeg	2026-10-02T01:48:37+00:00		
yale_ms408_iiif_2014	images/059_1006132.jpg	https://collections.library.yale.edu/iiif/2/1006132/full/full/0/default.jpg	df1a0812c502a83e77529d664416c5fec91f23353fd83f75f9d40c12fceb03b6	2463510	image/jpeg	2026-10-02T01:48:39+00:00		
yale_ms408_iiif_2014	images/060_1006133.jpg	https://collections.library.yale.edu/iiif/2/1006133/full/full/0/default.jpg	d6eed32377c25b7c13b88e83cb6981a9d16b5dcbe3c433b7611c4e0105cb0035	2424515	image/jpeg	2026-10-02T01:48:41+00:00		
yale_ms408_iiif_2014	images/030_1006103.jpg	https://collections.library.yale.edu/iiif/2/1006103/full/full/0/default.jpg	d224773e2e39ef02719c25560e8072e6407bdea9f8d1bdf8da515adb5c2fc127	2407748	image/jpeg	2026-10-02T01:48:52+00:00		
yale_ms408_iiif_2014	images/062_1006135.jpg	https://collections.library.yale.edu/iiif/2/1006135/full/full/0/default.jpg	666bd3a13edd196866270ff7d8034b8c65695139087cd4ae0da6fdfa31133921	2511446	image/jpeg	2026-10-02T01:48:54+00:00		
yale_ms408_iiif_2014	images/063_1006136.jpg	https://collections.library.yale.edu/iiif/2/1006136/full/full/0/default.jpg	fd6f925e17822b61b6339a768dff769f29b132ed6cb0ccb7efee616a1d4db26b	2447039	image/jpeg	2026-10-02T01:48:57+00:00		
yale_ms408_iiif_2014	images/038_1006111.jpg	https://collections.library.yale.edu/iiif/2/1006111/full/full/0/default.jpg	7a64b4d65a273b4974ba51828e697f4053862975f826c13308421a1fcce0bcd3	2380623	image/jpeg	2026-10-02T01:48:58+00:00		
yale_ms408_iiif_2014	images/064_1006137.jpg	https://collections.library.yale.edu/iiif/2/1006137/full/full/0/default.jpg	e664856322574dcfb8bcf225a9d880ce28ab6d65bf6236e47624ae05c7d3764b	2403521	image/jpeg	2026-10-02T01:48:59+00:00		
yale_ms408_iiif_2014	images/066_1006139.jpg	https://collections.library.yale.edu/iiif/2/1006139/full/full/0/default.jpg	41b148c40e9cf73c63044c5415d3c2bbeebffc20153a36762f35e8134da42941	2481281	image/jpeg	2026-10-02T01:49:01+00:00		
yale_ms408_iiif_2014	images/067_1006140.jpg	https://collections.library.yale.edu/iiif/2/1006140/full/full/0/default.jpg	4108828356258d68d2b53ef29d484f0648c269ecc4984781248e7803ba51e353	2546157	image/jpeg	2026-10-02T01:49:04+00:00		
yale_ms408_iiif_2014	images/068_1006141.jpg	https://collections.library.yale.edu/iiif/2/1006141/full/full/0/default.jpg	2f68183982075a405f7e2cc11ea06b76b263f80f20f01083279e7f03dcb4f78a	2447734	image/jpeg	2026-10-02T01:49:05+00:00		
yale_ms408_iiif_2014	images/069_1006142.jpg	https://collections.library.yale.edu/iiif/2/1006142/full/full/0/default.jpg	d190cd19497ea5e59b702d3abaf8513b3b706b79f16cd24947b5615efa455d71	2358222	image/jpeg	2026-10-02T01:49:08+00:00		
yale_ms408_iiif_2014	images/047_1006120.jpg	https://collections.library.yale.edu/iiif/2/1006120/full/full/0/default.jpg	3700fe396154e836b0acd3da86aef1d307f9d2da773208e476ee9db2e80de9e6	2089220	image/jpeg	2026-10-02T01:49:14+00:00		
yale_ms408_iiif_2014	images/071_1006144.jpg	https://collections.library.yale.edu/iiif/2/1006144/full/full/0/default.jpg	807e9b5aa1ea72b90c39f71c5ae1cfa4aa0c303b4dd889340c2814f1cff62da2	2284575	image/jpeg	2026-10-02T01:49:28+00:00		
yale_ms408_iiif_2014	images/072_1006145.jpg	https://collections.library.yale.edu/iiif/2/1006145/full/full/0/default.jpg	fbbf69e740ae7a922f7e4f6cff836004827df15ab917eb6bcc43430a5c89edc2	2498755	image/jpeg	2026-10-02T01:49:31+00:00		
yale_ms408_iiif_2014	images/061_1006134.jpg	https://collections.library.yale.edu/iiif/2/1006134/full/full/0/default.jpg	3968b083d7346a556796d60e97a9ea66a4bb911fa1d085cfa046e9e0b37edc64	2275542	image/jpeg	2026-10-02T01:49:45+00:00		
yale_ms408_iiif_2014	images/065_1006138.jpg	https://collections.library.yale.edu/iiif/2/1006138/full/full/0/default.jpg	28e6d9f02b9ca96b85275b7c6dd6e94453d3a2f5c6038d9966933d0229da9e74	2386980	image/jpeg	2026-10-02T01:50:02+00:00		
yale_ms408_iiif_2014	images/075_1006148.jpg	https://collections.library.yale.edu/iiif/2/1006148/full/full/0/default.jpg	9e4ea17ac6b9b184dae0a423bea8feab3eab48eb203dddcf786b3201e6e76b2a	2447400	image/jpeg	2026-10-02T01:50:04+00:00		
yale_ms408_iiif_2014	images/076_1006149.jpg	https://collections.library.yale.edu/iiif/2/1006149/full/full/0/default.jpg	4a24360ad6ad267cbc3f8cc3b50a5b84e332b8d2bb655e85683e8b5de2768161	2385887	image/jpeg	2026-10-02T01:50:06+00:00		
yale_ms408_iiif_2014	images/077_1006150.jpg	https://collections.library.yale.edu/iiif/2/1006150/full/full/0/default.jpg	c86b9bc0182e1385136465d92ce9c43f31320bfab55d7b2e87e1ea81a7330bf0	2275064	image/jpeg	2026-10-02T01:50:12+00:00		
yale_ms408_iiif_2014	images/078_1006151.jpg	https://collections.library.yale.edu/iiif/2/1006151/full/full/0/default.jpg	13cafc785fd69c7471bc670480becc6338cf20682e1d196c2ef14f03abee8586	2542588	image/jpeg	2026-10-02T01:50:16+00:00		
yale_ms408_iiif_2014	images/079_1006152.jpg	https://collections.library.yale.edu/iiif/2/1006152/full/full/0/default.jpg	540cff9e3a031c5de5ba9d5c7e388cd50980b0d225a1f89b97bda2c6f0de60b7	2320825	image/jpeg	2026-10-02T01:50:19+00:00		
yale_ms408_iiif_2014	images/080_1006153.jpg	https://collections.library.yale.edu/iiif/2/1006153/full/full/0/default.jpg	bce0c42319b096126ad9fe0558ecfb8a61335867cbd1869e0865eaacf54c1087	2500919	image/jpeg	2026-10-02T01:50:21+00:00		
yale_ms408_iiif_2014	images/081_1006154.jpg	https://collections.library.yale.edu/iiif/2/1006154/full/full/0/default.jpg	7631b874dbb3e2f48ade864485a0210cb207f2c7878181e458582beba86877ba	2320992	image/jpeg	2026-10-02T01:50:24+00:00		
yale_ms408_iiif_2014	images/082_1006155.jpg	https://collections.library.yale.edu/iiif/2/1006155/full/full/0/default.jpg	bc753d5f30cfcbd5ad6479bb16205652d55b94da16fcbba1d78574674e3743ea	2452899	image/jpeg	2026-10-02T01:50:27+00:00		
yale_ms408_iiif_2014	images/073_1006146.jpg	https://collections.library.yale.edu/iiif/2/1006146/full/full/0/default.jpg	4daf7373cfed96fcd9e3d6cb6a9a50cf413e27cc93cf507fee17bee93d8f6d28	2414081	image/jpeg	2026-10-02T01:50:32+00:00		
yale_ms408_iiif_2014	images/084_1006157.jpg	https://collections.library.yale.edu/iiif/2/1006157/full/full/0/default.jpg	bd2a7f2bbaf4c789d51f239248d81c151f4fc1c9f5ab6f51c148646a9d301f66	2420565	image/jpeg	2026-10-02T01:50:33+00:00		
yale_ms408_iiif_2014	images/085_1006158.jpg	https://collections.library.yale.edu/iiif/2/1006158/full/full/0/default.jpg	cf92565c8f400c987e59359d77c297fc52afc2f6996bd60e5421cbc1074a4bd2	2546968	image/jpeg	2026-10-02T01:50:36+00:00		
yale_ms408_iiif_2014	images/086_1006159.jpg	https://collections.library.yale.edu/iiif/2/1006159/full/full/0/default.jpg	13c816595b0ec2ae3ed702ff1b17fe1b3756faec0dbc51ca95ca04873206c133	2374588	image/jpeg	2026-10-02T01:50:48+00:00		
yale_ms408_iiif_2014	images/074_1006147.jpg	https://collections.library.yale.edu/iiif/2/1006147/full/full/0/default.jpg	56d2086b7ce7a126a494d472276b0f5fe025775604a9afd55e5bd8e2ef6f8649	2282211	image/jpeg	2026-10-02T01:50:53+00:00		
yale_ms408_iiif_2014	images/088_1006161.jpg	https://collections.library.yale.edu/iiif/2/1006161/full/full/0/default.jpg	dd57f4055f9c933913cf550f76b2786cdeeeeea74fd9641c55f148903e4cd3db	2364267	image/jpeg	2026-10-02T01:51:03+00:00		
yale_ms408_iiif_2014	images/070_1006143.jpg	https://collections.library.yale.edu/iiif/2/1006143/full/full/0/default.jpg	564412e99b04406f51afe2c8f9ab20320518b3e71b91deee48fb16ee1ad3ffbd	2487494	image/jpeg	2026-10-02T01:51:22+00:00		
yale_ms408_iiif_2014	images/090_1006163.jpg	https://collections.library.yale.edu/iiif/2/1006163/full/full/0/default.jpg	f49fcf1b8abb327483cdf272104a0dc628f31394a413908c866eb0094bd2d224	2595090	image/jpeg	2026-10-02T01:51:26+00:00		
yale_ms408_iiif_2014	images/091_1006164.jpg	https://collections.library.yale.edu/iiif/2/1006164/full/full/0/default.jpg	bc11de34e89d67f2b61c63473c3273256aa45d3d6beac4195c95625c07422740	2390615	image/jpeg	2026-10-02T01:51:28+00:00		
yale_ms408_iiif_2014	images/092_1006165.jpg	https://collections.library.yale.edu/iiif/2/1006165/full/full/0/default.jpg	bee511bff7d50d8ef83a70b598e1c2d8733cd1e6ad72b070f7fbd4e2171cb0ec	2616301	image/jpeg	2026-10-02T01:51:30+00:00		
yale_ms408_iiif_2014	images/083_1006156.jpg	https://collections.library.yale.edu/iiif/2/1006156/full/full/0/default.jpg	5e86508e3ecdb425b791fdcba0305f51cdf9a78182d082055a3da0b55012660a	2304066	image/jpeg	2026-10-02T01:51:31+00:00		
yale_ms408_iiif_2014	images/094_1006167.jpg	https://collections.library.yale.edu/iiif/2/1006167/full/full/0/default.jpg	bcdae68e9bf1f172ad100b598b3189a2eff85cb7b67a151f7bb4a44f1f56f94e	2364698	image/jpeg	2026-10-02T01:51:39+00:00		
yale_ms408_iiif_2014	images/093_1006166.jpg	https://collections.library.yale.edu/iiif/2/1006166/full/full/0/default.jpg	5a0a7f262b1fbccb44cd7e6ae69097476b92ff38f4124a50532a79e4f2619033	2357654	image/jpeg	2026-10-02T01:51:39+00:00		
yale_ms408_iiif_2014	images/096_1006169.jpg	https://collections.library.yale.edu/iiif/2/1006169/full/full/0/default.jpg	c0ecc85912878c5c27ad64d560dd088e703ea95e68a87aaecb112a4aabcbe516	2430994	image/jpeg	2026-10-02T01:51:41+00:00		
yale_ms408_iiif_2014	images/097_1006170.jpg	https://collections.library.yale.edu/iiif/2/1006170/full/full/0/default.jpg	c125a5ffc5121e31e07dbaebd4515d6375e2f71feff312690dc943e62e0d8d56	2364265	image/jpeg	2026-10-02T01:51:43+00:00		
yale_ms408_iiif_2014	images/095_1006168.jpg	https://collections.library.yale.edu/iiif/2/1006168/full/full/0/default.jpg	f34ccbd6fbb72b5a469ca16b1b07ded862be76e01e0dcf9133940ffdd10c672e	2448267	image/jpeg	2026-10-02T01:51:44+00:00		
yale_ms408_iiif_2014	images/098_1006171.jpg	https://collections.library.yale.edu/iiif/2/1006171/full/full/0/default.jpg	3c03e0e8b3d3e75f93ba7a7619a029b7ffbe33d7243f32222ad59ac7555dfd96	2665282	image/jpeg	2026-10-02T01:51:46+00:00		
yale_ms408_iiif_2014	images/099_1006172.jpg	https://collections.library.yale.edu/iiif/2/1006172/full/full/0/default.jpg	a48565bbb583e5b9564f7ad0754d1cbe5802a9d8af48e64825434ad1b05ad70d	2469159	image/jpeg	2026-10-02T01:51:47+00:00		
yale_ms408_iiif_2014	images/101_1006174.jpg	https://collections.library.yale.edu/iiif/2/1006174/full/full/0/default.jpg	d3335f9fe15abe0d4473e881f411f658fe7a4db70fcb03c13dad8a2f49cf6cc1	2464029	image/jpeg	2026-10-02T01:51:50+00:00		
yale_ms408_iiif_2014	images/100_1006173.jpg	https://collections.library.yale.edu/iiif/2/1006173/full/full/0/default.jpg	bbd4d60e069704fdfe91394ac07387022341c6cf08eb7d6d2160a34ea5b7677d	2504671	image/jpeg	2026-10-02T01:51:50+00:00		
yale_ms408_iiif_2014	images/102_1006175.jpg	https://collections.library.yale.edu/iiif/2/1006175/full/full/0/default.jpg	7e794abb1dfddce9f2cee013a7f1aaec880b86e884ae17298354863b0108734e	2392238	image/jpeg	2026-10-02T01:51:51+00:00		
yale_ms408_iiif_2014	images/087_1006160.jpg	https://collections.library.yale.edu/iiif/2/1006160/full/full/0/default.jpg	f9cd059bb34057bf9635a1d1443cafd3b358cdb64ec0c5e1ff73bfc091da0eb3	2401007	image/jpeg	2026-10-02T01:51:53+00:00		
yale_ms408_iiif_2014	images/104_1006177.jpg	https://collections.library.yale.edu/iiif/2/1006177/full/full/0/default.jpg	9792c5070fa339a220781439d0b8864d48b2e2dc071cd051b24e501d565ddb39	2556232	image/jpeg	2026-10-02T01:51:54+00:00		
yale_ms408_iiif_2014	images/105_1006178.jpg	https://collections.library.yale.edu/iiif/2/1006178/full/full/0/default.jpg	a415de024d9cf57a8a607c764d9a8d038803dcaabda8a77f7325645fa0c73f89	2480129	image/jpeg	2026-10-02T01:51:55+00:00		
yale_ms408_iiif_2014	images/107_1006180.jpg	https://collections.library.yale.edu/iiif/2/1006180/full/full/0/default.jpg	471b393530cf2f80116e8bcfb9712b43e991db175b919e594a1587cca21f2eaa	1712121	image/jpeg	2026-10-02T01:51:57+00:00		
yale_ms408_iiif_2014	images/106_1006179.jpg	https://collections.library.yale.edu/iiif/2/1006179/full/full/0/default.jpg	717481f74b5552c603f38ec3b2ae4de2f447320e18d3aaf368a8ccd211e1df11	2491136	image/jpeg	2026-10-02T01:51:58+00:00		
yale_ms408_iiif_2014	images/109_1006182.jpg	https://collections.library.yale.edu/iiif/2/1006182/full/full/0/default.jpg	24e4b496a7e198a6bcd8d98044112d45418c157f2f2a54fdf997e01de6d53126	2429358	image/jpeg	2026-10-02T01:52:00+00:00		
yale_ms408_iiif_2014	images/108_1006181.jpg	https://collections.library.yale.edu/iiif/2/1006181/full/full/0/default.jpg	97c02cfada6ad1c2450bdac0e345cddc4d4788570813b84ac65ccdcd360dbc13	2612218	image/jpeg	2026-10-02T01:52:00+00:00		
yale_ms408_iiif_2014	images/110_1006183.jpg	https://collections.library.yale.edu/iiif/2/1006183/full/full/0/default.jpg	0e9b1dac025cad189bc7258f41fb8cafc6fcff70f9c4e5bb4f85c9bb79ad5a80	2472922	image/jpeg	2026-10-02T01:52:03+00:00		
yale_ms408_iiif_2014	images/089_1006162.jpg	https://collections.library.yale.edu/iiif/2/1006162/full/full/0/default.jpg	32afa9bda4154db2e3236081b0d7603dfc34bf11b1844a5084881b764dafe4f8	2317232	image/jpeg	2026-10-02T01:52:07+00:00		
yale_ms408_iiif_2014	images/113_1006186.jpg	https://collections.library.yale.edu/iiif/2/1006186/full/full/0/default.jpg	473727b2ea1dd000a4a15eaa57302a48c410d4f6e670abdd607cd7c7461ff98c	2514436	image/jpeg	2026-10-02T01:52:09+00:00		
yale_ms408_iiif_2014	images/112_1006185.jpg	https://collections.library.yale.edu/iiif/2/1006185/full/full/0/default.jpg	d92ba733bf53dc49e8d81df2d1873d5f36c52f98cf67292ea43e66a844a61cc9	2431108	image/jpeg	2026-10-02T01:52:13+00:00		
yale_ms408_iiif_2014	images/115_1006188.jpg	https://collections.library.yale.edu/iiif/2/1006188/full/full/0/default.jpg	2897cf3214d13176c9d708a9f4f9030752a50922271ade7286c0c2cd73b811fd	2379242	image/jpeg	2026-10-02T01:52:15+00:00		
yale_ms408_iiif_2014	images/103_1006176.jpg	https://collections.library.yale.edu/iiif/2/1006176/full/full/0/default.jpg	002748147666ab2ec1d81be186248a7a9b58e001a8b61a53498b8d7f49193206	2368581	image/jpeg	2026-10-02T01:52:54+00:00		
yale_ms408_iiif_2014	images/117_1006190.jpg	https://collections.library.yale.edu/iiif/2/1006190/full/full/0/default.jpg	dc7a0c45454665f33287804ec56f8eaa952a691540fc6fd434e79d75c7ce597f	2278211	image/jpeg	2026-10-02T01:52:56+00:00		
yale_ms408_iiif_2014	images/111_1006184.jpg	https://collections.library.yale.edu/iiif/2/1006184/full/full/0/default.jpg	d81272aa14671b1b6672fe7556c15ac177c734685d9ef7448237a2cc08dc899d	2375075	image/jpeg	2026-10-02T01:52:59+00:00		
yale_ms408_iiif_2014	images/119_1006192.jpg	https://collections.library.yale.edu/iiif/2/1006192/full/full/0/default.jpg	47d6a239bb7dbdc8d5e1a2238f2e10cf533d8abb409338017761bd3aed0a7554	2438243	image/jpeg	2026-10-02T01:53:01+00:00		
yale_ms408_iiif_2014	images/116_1006189.jpg	https://collections.library.yale.edu/iiif/2/1006189/full/full/0/default.jpg	7319cd29982e6ac56192d02b8546a4b65aace9f2e65f3c782a1c019a94d3b3fc	2342333	image/jpeg	2026-10-02T01:53:04+00:00		
yale_ms408_iiif_2014	images/114_1006187.jpg	https://collections.library.yale.edu/iiif/2/1006187/full/full/0/default.jpg	2bf46dbeaaaab4a97075f46f503582da0eef2b352eb92277d7a3b6db1a3a0b8c	2470040	image/jpeg	2026-10-02T01:53:04+00:00		
yale_ms408_iiif_2014	images/122_1006195.jpg	https://collections.library.yale.edu/iiif/2/1006195/full/full/0/default.jpg	4799e8ebd8d968ea28dae919cfb86065566662b4e77c8b429d12e3e6e685638b	4446668	image/jpeg	2026-10-02T01:53:06+00:00		
yale_ms408_iiif_2014	images/121_1006194.jpg	https://collections.library.yale.edu/iiif/2/1006194/full/full/0/default.jpg	0518312a566ee713a46c9887d8b8b9d7141d14095e360661789c1dad9b5c0d1c	4023408	image/jpeg	2026-10-02T01:53:06+00:00		
yale_ms408_iiif_2014	images/123_1006196.jpg	https://collections.library.yale.edu/iiif/2/1006196/full/full/0/default.jpg	4b0f31d1e08b8f026886aa599232b7dfcd33417b1eef43a44e619c3ebd21faa5	7286292	image/jpeg	2026-10-02T01:53:11+00:00		
yale_ms408_iiif_2014	images/124_1006197.jpg	https://collections.library.yale.edu/iiif/2/1006197/full/full/0/default.jpg	06d33798cd4f901771b9869078d3f29f7e7ef5a490a9abc6dd09f3a3adec867f	6296138	image/jpeg	2026-10-02T01:53:11+00:00		
yale_ms408_iiif_2014	images/126_1006199.jpg	https://collections.library.yale.edu/iiif/2/1006199/full/full/0/default.jpg	709419c3c6861c216b1746261884e08a38f1b5a2b052ad129e78cdd73697b5e9	7504623	image/jpeg	2026-10-02T01:53:24+00:00		
yale_ms408_iiif_2014	images/127_1006200.jpg	https://collections.library.yale.edu/iiif/2/1006200/full/full/0/default.jpg	062ff6a9f14d0c16eb12dc8f6dc480771b7c19746ebdb20302b998e66181ccea	3460553	image/jpeg	2026-10-02T01:53:26+00:00		
yale_ms408_iiif_2014	images/128_1006201.jpg	https://collections.library.yale.edu/iiif/2/1006201/full/full/0/default.jpg	c8f24b6be5451aba49eb793784c43cb7fc8341dca8a58ff43fc1eebf4877b60c	2452475	image/jpeg	2026-10-02T01:53:28+00:00		
yale_ms408_iiif_2014	images/129_1006202.jpg	https://collections.library.yale.edu/iiif/2/1006202/full/full/0/default.jpg	6405841a75a8fa24dd9e5c93ad090ee56bf26c77757f3b1634487e27b509e61b	2497713	image/jpeg	2026-10-02T01:53:30+00:00		
yale_ms408_iiif_2014	images/130_1006203.jpg	https://collections.library.yale.edu/iiif/2/1006203/full/full/0/default.jpg	45f7caf4b58744fdcd4928887661b56a135538a5a40a24fea6ca6c5239898269	4057262	image/jpeg	2026-10-02T01:53:33+00:00		
yale_ms408_iiif_2014	images/118_1006191.jpg	https://collections.library.yale.edu/iiif/2/1006191/full/full/0/default.jpg	d3ebd8bfcf12a0a98f9ecc96ee345e82c7cc15d5c786c93c63ccd2f923ea1714	2659154	image/jpeg	2026-10-02T01:53:38+00:00		
yale_ms408_iiif_2014	images/131_1006204.jpg	https://collections.library.yale.edu/iiif/2/1006204/full/full/0/default.jpg	2552b2eafb7948d182e52ec49e96a5d92a774917924aea594fb1ac3af3bfcdc5	5185933	image/jpeg	2026-10-02T01:53:39+00:00		
yale_ms408_iiif_2014	images/132_1006205.jpg	https://collections.library.yale.edu/iiif/2/1006205/full/full/0/default.jpg	c0ac0dbc3e4b4a6eb2b8edf26dc762a7f9bf26ac9c385fa6bdc770725622b1e7	2656012	image/jpeg	2026-10-02T01:53:41+00:00		
yale_ms408_iiif_2014	images/134_1006207.jpg	https://collections.library.yale.edu/iiif/2/1006207/full/full/0/default.jpg	4227e5261bb5986e605ddb4f58fa1526640955d778c06916a1c34734bb431141	2509279	image/jpeg	2026-10-02T01:53:44+00:00		
yale_ms408_iiif_2014	images/135_1006208.jpg	https://collections.library.yale.edu/iiif/2/1006208/full/full/0/default.jpg	6fd33917722a97ef0c93f905885963332645c1a1c81f60f03a165b12007a7fc3	2481871	image/jpeg	2026-10-02T01:53:47+00:00		
yale_ms408_iiif_2014	images/136_1006209.jpg	https://collections.library.yale.edu/iiif/2/1006209/full/full/0/default.jpg	654edf15a65d1a2bb0d7bb4995f8f6fba1625d5eed847c9b6969d1c44e385a23	2379752	image/jpeg	2026-10-02T01:53:49+00:00		
yale_ms408_iiif_2014	images/137_1006210.jpg	https://collections.library.yale.edu/iiif/2/1006210/full/full/0/default.jpg	39d264ab4e6fbb9cad1de45b7efedb6f4b9cb497cb587214926fcbaf6590ec68	2495259	image/jpeg	2026-10-02T01:53:52+00:00		
yale_ms408_iiif_2014	images/138_1006211.jpg	https://collections.library.yale.edu/iiif/2/1006211/full/full/0/default.jpg	affdb2ff70e84ae277d3d30d18b3a468bd4eded393f70514978ad8b0c48df49e	2437408	image/jpeg	2026-10-02T01:53:54+00:00		
yale_ms408_iiif_2014	images/139_1006212.jpg	https://collections.library.yale.edu/iiif/2/1006212/full/full/0/default.jpg	9ad387ccea37cd8a25ce9602817eb19af5105c545a238203715efe454e5b24ad	2502790	image/jpeg	2026-10-02T01:53:56+00:00		
yale_ms408_iiif_2014	images/140_1006213.jpg	https://collections.library.yale.edu/iiif/2/1006213/full/full/0/default.jpg	e2e2f629753bfe6a9c111d8157ac63cfc4524966cbf367ddaaffece07cffdab2	2444513	image/jpeg	2026-10-02T01:53:57+00:00		
yale_ms408_iiif_2014	images/141_1006214.jpg	https://collections.library.yale.edu/iiif/2/1006214/full/full/0/default.jpg	0054f691ac8fddcac324fba6b385f8ad578cd0f2f9879d5498a325bab0310893	2440887	image/jpeg	2026-10-02T01:53:59+00:00		
yale_ms408_iiif_2014	images/142_1006215.jpg	https://collections.library.yale.edu/iiif/2/1006215/full/full/0/default.jpg	9c574f3a564cc55252633174784745a075689be93a9c7249f381f71434f282e0	2477344	image/jpeg	2026-10-02T01:54:03+00:00		
yale_ms408_iiif_2014	images/143_1006216.jpg	https://collections.library.yale.edu/iiif/2/1006216/full/full/0/default.jpg	a0f51d21267270b55ac69fc947a4a3443e2a32fc263b162c51a27ad9745eb979	2480261	image/jpeg	2026-10-02T01:54:05+00:00		
yale_ms408_iiif_2014	images/120_1006193.jpg	https://collections.library.yale.edu/iiif/2/1006193/full/full/0/default.jpg	8304c6ba3605207c67f4f843974e60e947b423f21255a06656d6af3055fa53ce	2777718	image/jpeg	2026-10-02T01:54:05+00:00		
yale_ms408_iiif_2014	images/145_1006218.jpg	https://collections.library.yale.edu/iiif/2/1006218/full/full/0/default.jpg	81223a0b0aa0a24fe821cf62a9bdf4ac504f222ab3cfcb89fcedd7946bceada0	2458868	image/jpeg	2026-10-02T01:54:08+00:00		
yale_ms408_iiif_2014	images/146_1006219.jpg	https://collections.library.yale.edu/iiif/2/1006219/full/full/0/default.jpg	29c94fba8ec872eb71faab93fc4a02e09cd4ef31d1b9001bd44f011d141cfb0b	2565980	image/jpeg	2026-10-02T01:54:10+00:00		
yale_ms408_iiif_2014	images/144_1006217.jpg	https://collections.library.yale.edu/iiif/2/1006217/full/full/0/default.jpg	81d647bbc752211d5bf671f7791c59fc8dceaa60e20e7f7a075319b44ed879c1	2349308	image/jpeg	2026-10-02T01:54:12+00:00		
yale_ms408_iiif_2014	images/147_1006220.jpg	https://collections.library.yale.edu/iiif/2/1006220/full/full/0/default.jpg	e5e83f606eb9c3089051035f53ea694bcb1dadb5a93ee0064019c903ec6802fe	2489043	image/jpeg	2026-10-02T01:54:12+00:00		
yale_ms408_iiif_2014	images/149_1006222.jpg	https://collections.library.yale.edu/iiif/2/1006222/full/full/0/default.jpg	269cb42307824ab82764f80009429e58d98c649371d8efe10d2a1f54132a21ef	2361120	image/jpeg	2026-10-02T01:54:14+00:00		
yale_ms408_iiif_2014	images/150_1006223.jpg	https://collections.library.yale.edu/iiif/2/1006223/full/full/0/default.jpg	4c86853e2d6e62690ec0106dcc3812c95f009022b06e7edfd347386728003142	2476549	image/jpeg	2026-10-02T01:54:16+00:00		
yale_ms408_iiif_2014	images/151_1006224.jpg	https://collections.library.yale.edu/iiif/2/1006224/full/full/0/default.jpg	dc353557586906cbe4210f503cc57af58599a3948517fb45b1d222760be96729	2534965	image/jpeg	2026-10-02T01:54:18+00:00		
yale_ms408_iiif_2014	images/125_1006198.jpg	https://collections.library.yale.edu/iiif/2/1006198/full/full/0/default.jpg	b830e74480830c0d5e8f7b56025473e051743f9ec50685b6fe316ecd493f0f01	2310730	image/jpeg	2026-10-02T01:55:20+00:00		
yale_ms408_iiif_2014	images/153_1006226.jpg	https://collections.library.yale.edu/iiif/2/1006226/full/full/0/default.jpg	7e8fa7c29b6c6ab462ad5359bdabfcd60505622700f6e5cb18478d20cbd79fbe	2430526	image/jpeg	2026-10-02T01:55:22+00:00		
yale_ms408_iiif_2014	images/152_1006225.jpg	https://collections.library.yale.edu/iiif/2/1006225/full/full/0/default.jpg	dc4610b14efc89e3eded3b887b28b95f8c98a07adb4bed6d83a10e37daf0c7e9	2577846	image/jpeg	2026-10-02T01:55:23+00:00		
yale_ms408_iiif_2014	images/154_1006227.jpg	https://collections.library.yale.edu/iiif/2/1006227/full/full/0/default.jpg	e47d19f00b8c50c3216c4e48106c0b229c61091b403f52bb084bf89fa9fe5f6f	2581927	image/jpeg	2026-10-02T01:55:37+00:00		
yale_ms408_iiif_2014	images/133_1006206.jpg	https://collections.library.yale.edu/iiif/2/1006206/full/full/0/default.jpg	5bc8e07dbd61cc1f218cfc4449cd527be118aa7884878ec4c8e568e9c2d89bad	2417083	image/jpeg	2026-10-02T01:55:49+00:00		
yale_ms408_iiif_2014	images/157_1006230.jpg	https://collections.library.yale.edu/iiif/2/1006230/full/full/0/default.jpg	4c5f7642e7da2be07242968faa92a2d0bb1cb88e8589d30f5d2acbfc3cc7e0be	4051973	image/jpeg	2026-10-02T01:55:52+00:00		
yale_ms408_iiif_2014	images/158_1006231.jpg	https://collections.library.yale.edu/iiif/2/1006231/full/full/0/default.jpg	4b08afeee514691b0a511099ca299aed544d6fd1782b7dee8df163dfc06354ed	12711585	image/jpeg	2026-10-02T01:56:00+00:00		
yale_ms408_iiif_2014	images/148_1006221.jpg	https://collections.library.yale.edu/iiif/2/1006221/full/full/0/default.jpg	bb1a2316e7fc2966f5761f591d79339c75dcfbc6c2c9ab2b88a37e800266d4bf	2314288	image/jpeg	2026-10-02T01:56:21+00:00		
yale_ms408_iiif_2014	images/160_1043429.jpg	https://collections.library.yale.edu/iiif/2/1043429/full/full/0/default.jpg	3bac9e01c7bd848fa947b4877d1166f8e9f38822c7bd209e9574a88f6cb181c0	2515219	image/jpeg	2026-10-02T01:56:24+00:00		
yale_ms408_iiif_2014	images/161_1037112.jpg	https://collections.library.yale.edu/iiif/2/1037112/full/full/0/default.jpg	a1d21ccad0df430b47f3b3df2829bbefb8c4d1644cb70310e6d1de4b01c20013	2165186	image/jpeg	2026-10-02T01:56:25+00:00		
yale_ms408_iiif_2014	images/155_1006228.jpg	https://collections.library.yale.edu/iiif/2/1006228/full/full/0/default.jpg	630363719d71b356384a71aaded860df772fd23ad28dd8e6dc2db9901b6e08a1	2400324	image/jpeg	2026-10-02T01:56:27+00:00		
yale_ms408_iiif_2014	images/163_1006234.jpg	https://collections.library.yale.edu/iiif/2/1006234/full/full/0/default.jpg	b6b0dd8ba7cd316f3b09a8b156d1eed0eb36ad8ec9086b975969f4f8f7dd5406	3354371	image/jpeg	2026-10-02T01:56:30+00:00		
yale_ms408_iiif_2014	images/156_1006229.jpg	https://collections.library.yale.edu/iiif/2/1006229/full/full/0/default.jpg	dde619e85e35601b9206051389873f6cb092a17f04a8fcd02b32fe3961ea37ce	6679215	image/jpeg	2026-10-02T01:56:43+00:00		
yale_ms408_iiif_2014	images/165_1006236.jpg	https://collections.library.yale.edu/iiif/2/1006236/full/full/0/default.jpg	f315895bc403e9b78bdda4d207789ed7b5a38654a47715e4571fdfc140c619c6	2321881	image/jpeg	2026-10-02T01:56:45+00:00		
yale_ms408_iiif_2014	images/166_1006237.jpg	https://collections.library.yale.edu/iiif/2/1006237/full/full/0/default.jpg	4fe01cc0f7c1424c62cdd0fbd83092ab928493b908970b05eb112ab9d91a7793	2325893	image/jpeg	2026-10-02T01:56:48+00:00		
yale_ms408_iiif_2014	images/167_1006238.jpg	https://collections.library.yale.edu/iiif/2/1006238/full/full/0/default.jpg	e8ab4d7dcf7d758e2f0e05f9579ef5366a846c273f309ae603616a5e74bbec3a	2295952	image/jpeg	2026-10-02T01:56:51+00:00		
yale_ms408_iiif_2014	images/168_1006239.jpg	https://collections.library.yale.edu/iiif/2/1006239/full/full/0/default.jpg	ed9a4f5e3c4be33611749ce05c303aa7553c5cf3523882d87d05c7aac86e0e32	2346206	image/jpeg	2026-10-02T01:56:53+00:00		
yale_ms408_iiif_2014	images/169_1006240.jpg	https://collections.library.yale.edu/iiif/2/1006240/full/full/0/default.jpg	ad33592ad7f29a6e9fc6b9e45444286231f06a903d95b54d1195b17cfdca417b	2256276	image/jpeg	2026-10-02T01:56:56+00:00		
yale_ms408_iiif_2014	images/164_1006235.jpg	https://collections.library.yale.edu/iiif/2/1006235/full/full/0/default.jpg	6aaa777945f288a8ba206921709292eaaf4ea972f9a0bb59cdf3040aaed3e15a	6065709	image/jpeg	2026-10-02T01:57:37+00:00		
yale_ms408_iiif_2014	images/171_1006242.jpg	https://collections.library.yale.edu/iiif/2/1006242/full/full/0/default.jpg	9cdbb63ffcc2b43314bf5b9d812e59f1c0f0ce17c811270bc977a1ae71e7a960	2366068	image/jpeg	2026-10-02T01:57:39+00:00		
yale_ms408_iiif_2014	images/172_1006243.jpg	https://collections.library.yale.edu/iiif/2/1006243/full/full/0/default.jpg	e9f7a4ceb162f393086b1f0be4d5c11edf4d72b8e8ea3420fdb13d8ff58efb51	2409920	image/jpeg	2026-10-02T01:57:42+00:00		
yale_ms408_iiif_2014	images/173_1006244.jpg	https://collections.library.yale.edu/iiif/2/1006244/full/full/0/default.jpg	3feb9d44f6498e7dc085dd9f3eee9a5f29db941d2d401accd54948d5fae3b613	2288765	image/jpeg	2026-10-02T01:57:44+00:00		
yale_ms408_iiif_2014	images/170_1006241.jpg	https://collections.library.yale.edu/iiif/2/1006241/full/full/0/default.jpg	04405b1d121a3c73571bad7f5b887b8cf3776a829ee6482e8a82ca095918071d	6490884	image/jpeg	2026-10-02T01:58:02+00:00		
yale_ms408_iiif_2014	images/159_1006232.jpg	https://collections.library.yale.edu/iiif/2/1006232/full/full/0/default.jpg	eb9c7020f670d4d9070a4d37130db9e250b9b4ecf33ab34ffb0596512fa53a6c	2318631	image/jpeg	2026-10-02T01:58:11+00:00		
yale_ms408_iiif_2014	images/176_1006247.jpg	https://collections.library.yale.edu/iiif/2/1006247/full/full/0/default.jpg	111f6dfc34b8ecb9230cb5a0d144afef4cbd788048ddda2f440108941c91d5e5	2543597	image/jpeg	2026-10-02T01:58:13+00:00		
yale_ms408_iiif_2014	images/162_1006233.jpg	https://collections.library.yale.edu/iiif/2/1006233/full/full/0/default.jpg	3b553c70d0c068cb39a276d391127165c5d9d868ec08e7f5eb2e73b32bb95d1e	7549178	image/jpeg	2026-10-02T01:58:36+00:00		
yale_ms408_iiif_2014	images/174_1006245.jpg	https://collections.library.yale.edu/iiif/2/1006245/full/full/0/default.jpg	7aad14a896b53ddc78f3c7239d358389f215654c26fd9db7dfc43329439c1f15	2428082	image/jpeg	2026-10-02T01:58:49+00:00		
yale_ms408_iiif_2014	images/179_1006250.jpg	https://collections.library.yale.edu/iiif/2/1006250/full/full/0/default.jpg	1122f1b13afdf1509402334816f95e5e9baa2b6c94aa9e347b04aa2e4e54f36b	2418725	image/jpeg	2026-10-02T01:58:51+00:00		
yale_ms408_iiif_2014	images/175_1006246.jpg	https://collections.library.yale.edu/iiif/2/1006246/full/full/0/default.jpg	f17eba5496a1b1d92f589c33ee9be256a379ec8d2bba3da1ebe2ff5a2e3e2901	2251701	image/jpeg	2026-10-02T01:59:07+00:00		
yale_ms408_iiif_2014	images/181_1006252.jpg	https://collections.library.yale.edu/iiif/2/1006252/full/full/0/default.jpg	8cdb1030d805b968932146124915cb0d86f7abf853167ffec028b59599820fad	2576704	image/jpeg	2026-10-02T02:00:12+00:00		
yale_ms408_iiif_2014	images/182_1006253.jpg	https://collections.library.yale.edu/iiif/2/1006253/full/full/0/default.jpg	e3ed770ad77b1c1127b8e60b2ee2d9e226ab4089d4861b85dbf22299925397ce	2321583	image/jpeg	2026-10-02T02:00:15+00:00		
yale_ms408_iiif_2014	images/183_1006254.jpg	https://collections.library.yale.edu/iiif/2/1006254/full/full/0/default.jpg	28a65644ebf9a16dc41c073e6535117d924765fae6af474dbd1e3fe2b167beda	2339024	image/jpeg	2026-10-02T02:00:17+00:00		
yale_ms408_iiif_2014	images/178_1006249.jpg	https://collections.library.yale.edu/iiif/2/1006249/full/full/0/default.jpg	72637b9770f40f7a8ff6b96a551e64775e88994ae69bafec0b43d48974364c33	6794523	image/jpeg	2026-10-02T02:00:48+00:00		
yale_ms408_iiif_2014	images/185_1006256.jpg	https://collections.library.yale.edu/iiif/2/1006256/full/full/0/default.jpg	2ee5f2a32ed2e242d60dcb34398c9b8be6af0341872a476e3905f1314ebe716f	2488386	image/jpeg	2026-10-02T02:00:51+00:00		
yale_ms408_iiif_2014	images/184_1006255.jpg	https://collections.library.yale.edu/iiif/2/1006255/full/full/0/default.jpg	dd2444928b8dd5d1e60fbd58e04e4be38ed877f9d491058a7c6b779ceb18a75b	2431962	image/jpeg	2026-10-02T02:01:21+00:00		
yale_ms408_iiif_2014	images/177_1006248.jpg	https://collections.library.yale.edu/iiif/2/1006248/full/full/0/default.jpg	6dcf72a0d7eac14da2232987c9cc1521e6d70c9f0f92d3eb39b55fc075520429	2278638	image/jpeg	2026-10-02T02:01:28+00:00		
yale_ms408_iiif_2014	images/188_1006259.jpg	https://collections.library.yale.edu/iiif/2/1006259/full/full/0/default.jpg	540787c3d0aa7a13c1cc620fe222a13d0b2409eaa69e19de56d2544cfdf3c678	2156614	image/jpeg	2026-10-02T02:01:31+00:00		
yale_ms408_iiif_2014	images/189_1006260.jpg	https://collections.library.yale.edu/iiif/2/1006260/full/full/0/default.jpg	1aad6bd53b227df51ba6f9b19812558a8b4f4313f97dd1a8b272ee4c60fefb31	2345469	image/jpeg	2026-10-02T02:01:33+00:00		
yale_ms408_iiif_2014	images/190_1006261.jpg	https://collections.library.yale.edu/iiif/2/1006261/full/full/0/default.jpg	41e4c5cd7a0b171517dea7724fc3b858ffe38293f043f317061e93a99c47ffc5	2135119	image/jpeg	2026-10-02T02:01:34+00:00		
yale_ms408_iiif_2014	images/180_1006251.jpg	https://collections.library.yale.edu/iiif/2/1006251/full/full/0/default.jpg	30fd529fc6bf8999d5be48024ee6a1676af55e8d66dc0a4f77993fe2565e9d94	7307954	image/jpeg	2026-10-02T02:02:08+00:00		
yale_ms408_iiif_2014	images/192_1006263.jpg	https://collections.library.yale.edu/iiif/2/1006263/full/full/0/default.jpg	46316d4cb82f2ccdd1c8d414ee99ad60f72d6154c28b888d00c484245d75704c	2351206	image/jpeg	2026-10-02T02:02:09+00:00		
yale_ms408_iiif_2014	images/193_1006264.jpg	https://collections.library.yale.edu/iiif/2/1006264/full/full/0/default.jpg	afad28189500567259ef2041cd1c591644bf6d6c86ac6a39cd1c09503693ad76	2425346	image/jpeg	2026-10-02T02:02:11+00:00		
yale_ms408_iiif_2014	images/194_1006265.jpg	https://collections.library.yale.edu/iiif/2/1006265/full/full/0/default.jpg	df3fce237ad489c5fcdc1c8dab2a5b21b7c338bc3b88ca588cc79434f9499a7b	2336859	image/jpeg	2026-10-02T02:02:13+00:00		
yale_ms408_iiif_2014	images/195_1006266.jpg	https://collections.library.yale.edu/iiif/2/1006266/full/full/0/default.jpg	12ea5325dcdc68d0ea9480bb369d1d95b4dc3accd1ff0d9b84beea8827cfdf31	2325154	image/jpeg	2026-10-02T02:02:15+00:00		
yale_ms408_iiif_2014	images/187_1006258.jpg	https://collections.library.yale.edu/iiif/2/1006258/full/full/0/default.jpg	0401750e6d83ed74cd4fea79f99c2aba5e2c8dcd90ed0f2641be81c7b722e82f	2394628	image/jpeg	2026-10-02T02:02:26+00:00		
yale_ms408_iiif_2014	images/197_1006268.jpg	https://collections.library.yale.edu/iiif/2/1006268/full/full/0/default.jpg	f59b3420ff3fdbe6f360c12993304a12b11acdef1a2978784efcd77541c0d9b3	2264657	image/jpeg	2026-10-02T02:02:27+00:00		
yale_ms408_iiif_2014	images/198_1006269.jpg	https://collections.library.yale.edu/iiif/2/1006269/full/full/0/default.jpg	c421f574928c767cada83c01295370c078b66234610d262e286079a7a5a4cc1a	2028100	image/jpeg	2026-10-02T02:02:29+00:00		
yale_ms408_iiif_2014	images/199_1006270.jpg	https://collections.library.yale.edu/iiif/2/1006270/full/full/0/default.jpg	ad748f9012b174be520b7ac837fdadf913e49a696323920ca655ecf5474afb5c	2092549	image/jpeg	2026-10-02T02:02:33+00:00		
yale_ms408_iiif_2014	images/186_1006257.jpg	https://collections.library.yale.edu/iiif/2/1006257/full/full/0/default.jpg	c6caadfdcdcc2afb0351ecb3b9f94cdc8c61be0cf005aa16d16aea024e336ccd	2292513	image/jpeg	2026-10-02T02:03:00+00:00		
yale_ms408_iiif_2014	images/201_1006272.jpg	https://collections.library.yale.edu/iiif/2/1006272/full/full/0/default.jpg	fc76cfcb2e6f8911b3928c59772c9c4eca7854dd2a260bec81972f78b883aa37	2163029	image/jpeg	2026-10-02T02:03:01+00:00		
yale_ms408_iiif_2014	images/196_1006267.jpg	https://collections.library.yale.edu/iiif/2/1006267/full/full/0/default.jpg	00729a36de336f57b387fc364441057b31b4bc51f6c5e915352d9185121cbcbf	2405510	image/jpeg	2026-10-02T02:03:20+00:00		
yale_ms408_iiif_2014	images/203_1006274.jpg	https://collections.library.yale.edu/iiif/2/1006274/full/full/0/default.jpg	6de34408de10afa401805534c691341824f0660e054d836f9be5e8620cb17668	2060756	image/jpeg	2026-10-02T02:03:22+00:00		
yale_ms408_iiif_2014	images/200_1006271.jpg	https://collections.library.yale.edu/iiif/2/1006271/full/full/0/default.jpg	d5b4940ea3d934848bf98c751616172339e8f0e587e41aaea15023e1a314eca3	2246955	image/jpeg	2026-10-02T02:03:39+00:00		
yale_ms408_iiif_2014	images/191_1006262.jpg	https://collections.library.yale.edu/iiif/2/1006262/full/full/0/default.jpg	eb97d7b784be55eaa92781031d3ccefc3e37f9eda41314a9ed996e711a041a58	2177003	image/jpeg	2026-10-02T02:03:43+00:00		
yale_ms408_iiif_2014	images/206_1006277.jpg	https://collections.library.yale.edu/iiif/2/1006277/full/full/0/default.jpg	0f2e8691a66f255159b28f3fc2984633016f96c30c6d4d89cff6396708e5bb17	1994539	image/jpeg	2026-10-02T02:03:45+00:00		
yale_ms408_iiif_2014	images/207_1037113.jpg	https://collections.library.yale.edu/iiif/2/1037113/full/full/0/default.jpg	0866fe9ca5683fb6f29044fe8ffcbc4c5e76c9e11055868484af57d00d3ab4fb	1730653	image/jpeg	2026-10-02T02:03:47+00:00		
yale_ms408_iiif_2014	images/202_1006273.jpg	https://collections.library.yale.edu/iiif/2/1006273/full/full/0/default.jpg	159d08488392d651c1818e825d3defce83187ad6997610d179dbfe76be30e4e3	2302398	image/jpeg	2026-10-02T02:04:06+00:00		
yale_ms408_iiif_2014	images/209_11868207.jpg	https://collections.library.yale.edu/iiif/2/11868207/full/full/0/default.jpg	5fa43ddc7715b7e339926272bde77de076aadf3e4ab69fcc2a395fa6f8fa791f	738163	image/jpeg	2026-10-02T02:04:07+00:00		
yale_ms408_iiif_2014	images/210_11868208.jpg	https://collections.library.yale.edu/iiif/2/11868208/full/full/0/default.jpg	4a789f649dfc003ec1f2cc37192700f8faada479909022821d020b3fa0351e5d	735694	image/jpeg	2026-10-02T02:04:08+00:00		
yale_ms408_iiif_2014	images/211_11868209.jpg	https://collections.library.yale.edu/iiif/2/11868209/full/full/0/default.jpg	dfc7c73ea388977bbb91df85ec7154fddd1890448524a2126745d7e53a6ff4b9	1093602	image/jpeg	2026-10-02T02:04:10+00:00		
yale_ms408_iiif_2014	images/212_11868210.jpg	https://collections.library.yale.edu/iiif/2/11868210/full/full/0/default.jpg	76aed62e4f92adf94b6adedb372e5e3501c4bddef19441d592834b223ae47cfc	688476	image/jpeg	2026-10-02T02:04:11+00:00		
yale_ms408_iiif_2014	images/213_1006279.jpg	https://collections.library.yale.edu/iiif/2/1006279/full/full/0/default.jpg	1fb21ed63cbf1c99411936a8e0832b3161adfbf2377e0bc202a07578332f290e	2002483	image/jpeg	2026-10-02T02:04:14+00:00		
yale_ms408_iiif_2014	images/204_1006275.jpg	https://collections.library.yale.edu/iiif/2/1006275/full/full/0/default.jpg	5700486404459fe1abfc11f6347aa0171bd651e39bcf71d594beecfb170ed8a3	2213260	image/jpeg	2026-10-02T02:04:28+00:00		
yale_ms408_iiif_2014	images/205_1006276.jpg	https://collections.library.yale.edu/iiif/2/1006276/full/full/0/default.jpg	4451503bbcbf9f9ab541c65c630bd37bfb06991c708abf29b2ad184ee09ac20c	2132637	image/jpeg	2026-10-02T02:04:43+00:00		
yale_ms408_iiif_2014	images/208_1006278.jpg	https://collections.library.yale.edu/iiif/2/1006278/full/full/0/default.jpg	72fea8bb59c1e1164e022f9e41f269a16247b09775228eb3f5f05b494135b7b5	3522472	image/jpeg	2026-10-02T02:05:41+00:00		
sta1_transliterations	CD2a_1.txt	https://www.voynich.nu/data/sta/CD2a_1.txt	10296646c1fb0ab35e2f985154776ccfac7acb30b61d7c5bef7ff6571aaa6c69	195359	text/plain	2026-10-02T02:15:19+00:00	Sat, 04 Nov 2023 11:05:14 GMT	
sta1_transliterations	CD2a_0.txt	https://www.voynich.nu/data/sta/CD2a_0.txt	5c86a82bc99f5329c498aeb3009ee6ebfbe819ec435948e3b9503ce9101ef79d	195359	text/plain	2026-10-02T02:15:19+00:00	Sat, 04 Nov 2023 11:05:14 GMT	
sta1_transliterations	IT2a.txt	https://www.voynich.nu/data/sta/IT2a.txt	215f2d05690828c00bd4ae00d6201df31050adcd81601343b142ae91b9dfeee4	460923	text/plain	2026-10-02T02:15:19+00:00	Wed, 25 Jun 2025 07:13:34 GMT	
sta1_transliterations	ZL3b.txt	https://www.voynich.nu/data/sta/ZL3b.txt	8438ba1c45f47fe1d06b5262cbcdf60ce69158a0edbd4dd802612896f3217e2a	472861	text/plain	2026-10-02T02:15:19+00:00	Thu, 22 May 2025 07:53:09 GMT	
sta1_transliterations	FG2a.txt	https://www.voynich.nu/data/sta/FG2a.txt	3a66b0e9cd7b156191bfaf0b5a0a4efdaf019e8ee9e9364305bca4c12932fa4c	393038	text/plain	2026-10-02T02:15:20+00:00	Sat, 04 Nov 2023 11:05:17 GMT	
sta1_transliterations	GC2a_0.txt	https://www.voynich.nu/data/sta/GC2a_0.txt	b39cabbd9c8c8a098bfa9f76e0649291d17d77e1cb4fb0a3351ff7bdc832ace3	468252	text/plain	2026-10-02T02:15:20+00:00	Wed, 25 Jun 2025 07:12:06 GMT	
sta1_transliterations	GC2a_1.txt	https://www.voynich.nu/data/sta/GC2a_1.txt	0c0d1eea4b5ab87f8a65fb7f4346864cd90758ad993812b4f2122b3899d4ac88	468252	text/plain	2026-10-02T02:15:20+00:00	Wed, 25 Jun 2025 07:12:42 GMT	
sta1_transliterations	RF1b.txt	https://www.voynich.nu/data/sta/RF1b.txt	81c331b7d8e76761e27d350c3b37ccfbe192848e6c8a227bcb5d40fb29259b17	463638	text/plain	2026-10-02T02:15:20+00:00	Thu, 22 May 2025 07:53:04 GMT	
sta1_transliterations	VT0e.txt	https://www.voynich.nu/data/sta/VT0e.txt	9903667b8b1c3daa062cbd635bbf0b7ffc644ee92eb292a1f115b976049c3df1	453846	text/plain	2026-10-02T02:15:20+00:00	Wed, 25 Jun 2025 07:13:07 GMT	
sta1_transliterations	STA1-basic.pdf	https://www.voynich.nu/data/sta/STA1-basic.pdf	197fc885af1d179edf973e9f2ae24f9b1ba59d9a86fb12abda488d8ca4f8838b	461755	application/pdf	2026-10-02T02:15:21+00:00	Sat, 04 Nov 2023 11:03:25 GMT	
bitrans_tool	bitfiles.zip	https://www.voynich.nu/software/bitrans/bitfiles.zip	daad91f9341523f688629fe0dedce2164c3d597b302202c7c075a69668d09f5d	11323	application/zip	2026-10-02T02:15:21+00:00	Fri, 05 Dec 2025 23:06:18 GMT	
bitrans_tool	bitrans.c	https://www.voynich.nu/software/bitrans/bitrans.c	3ffc7e6c74078f9b395179aaf5daaae3c8dfbbfc2896d21162c8ff0354108e9a	43334	text/x-c	2026-10-02T02:15:22+00:00	Fri, 05 Dec 2025 23:06:23 GMT	
bitrans_tool	Bitrans_manual.pdf	https://www.voynich.nu/software/bitrans/Bitrans_manual.pdf	6873c33d6a093241ceb7cc2796ea8728068a2e390d5de01d22d3a4e2ea186564	1162524	application/pdf	2026-10-02T02:15:22+00:00	Fri, 05 Dec 2025 23:06:28 GMT	
cmp_gutenberg_vernaculars	pg1012_dante_divina_commedia_it.txt	https://www.gutenberg.org/cache/epub/1012/pg1012.txt	568035b4af7bda4f69f8ed5dea160f59bcf5b9371c7f2a62a97f94b826c0c1c6	626095	text/plain	2026-10-02T02:43:23+00:00	Thu, 01 Oct 2026 12:14:47 GMT	
cmp_gutenberg_vernaculars	pg14915_nibelungenlied_de.txt	https://www.gutenberg.org/cache/epub/14915/pg14915.txt	1d2a9bed82a5bc1ae2ea14d80790cd5d684a99ed4cd6865e565d185731205aa9	682497	text/plain	2026-10-02T02:43:23+00:00	Sun, 06 Sep 2026 15:13:50 GMT	
cmp_gutenberg_vernaculars	pg22120_chaucer_canterbury_enm.txt	https://www.gutenberg.org/cache/epub/22120/pg22120.txt	94ae337faad105ae63b9a72bb82baa34fba4a6e1468de5b97cbb4c56db34cd7a	1503756	text/plain	2026-10-02T02:43:23+00:00	Wed, 09 Sep 2026 12:38:28 GMT	
cmp_copiale_cipher	copiale-master-transcription.txt	https://www.su.se/download/18.4347052c19c47d1ff802df6/1771944938612/copiale-master-transcription.txt	9371894cae4beb7c0b7c61b6bd183541411e8456ce35d5996d8b5322ecad3d94	10927	text/plain	2026-10-02T02:43:23+00:00	Tue, 24 Feb 2026 14:55:38 GMT	
cmp_copiale_cipher	copiale-master-deciphered.txt	https://www.su.se/download/18.4347052c19c47d1ff802df8/1771944998723/copiale-master-deciphered.txt	fde4b3d47b66e3daf4b0f5e8ab5886cb93634b816053fb4af1a5746016db0c23	9013	text/plain	2026-10-02T02:43:23+00:00	Tue, 24 Feb 2026 14:56:38 GMT	
cmp_copiale_cipher	copiale-deciphered.txt	https://www.su.se/download/18.4347052c19c47d1ff802df0/1771943955387/copiale-deciphered.txt	7ed027ae9af45893e68ed3054528e77f92ff97fd4b039930d34b8bc42cb6c4c2	89504	text/plain	2026-10-02T02:43:24+00:00	Tue, 24 Feb 2026 14:39:15 GMT	
cmp_copiale_cipher	copiale-transcription.txt	https://www.su.se/download/18.4347052c19c47d1ff802df4/1771944422949/copiale-transcription%20(1).txt	10a1d03ae1c85bf06ef1aa7c7ace604bb45e0011263b80b9a4b2333ec0c9f537	242736	text/plain	2026-10-02T02:43:24+00:00	Tue, 24 Feb 2026 14:47:02 GMT	
cmp_copiale_cipher	knight_megyesi_schaefer_2011.pdf	https://aclanthology.org/W11-1202.pdf	5ec2ac44f61841278fcf2ec05a04c089e4716425846fa5c0aeb71180651eea7a	678925	application/pdf	2026-10-02T02:43:24+00:00	Thu, 19 May 2011 14:17:04 GMT	"""a5c0d-4a3a1a8ce5800"""
cmp_copiale_cipher	copiale-translation.txt	https://www.su.se/download/18.4347052c19c47d1ff802df2/1771944176575/copiale-translation.txt	fe5b719197b57c84f09ab6098c21a3feb0d3959ac60b8d356f90eed8923b55e6	80950	text/plain	2026-10-02T02:43:24+00:00	Tue, 24 Feb 2026 14:42:56 GMT	
cmp_timm_selfcitation	LICENSE	https://raw.githubusercontent.com/TorstenTimm/SelfCitationTextgenerator/master/LICENSE	3621db279bfbb241057694d91c22895b4c5210e3c161ecef89c8402d091eb029	1069	text/plain	2026-10-02T02:43:24+00:00		"W/""33491f128022adf360b0b85c28b725dc8e5b60067946877a0d38f92cfb02f299"""
cmp_timm_selfcitation	generated_text.txt	https://raw.githubusercontent.com/TorstenTimm/SelfCitationTextgenerator/master/graphs/GeneratedText/generated_text.txt	1e954a17b157e83f04ea21353ba877f70084b828b812fab3944347ac2888dc11	62795	text/plain	2026-10-02T02:43:24+00:00		"W/""3805531ab3922552e8ac79af6054f130bd3a0b1f9b36ac8ec84879c1e08fd685"""
cmp_timm_selfcitation	PROPERTIES.md	https://raw.githubusercontent.com/TorstenTimm/SelfCitationTextgenerator/master/PROPERTIES.md	488d873c2ad6c77d4adfedd2ee1268b93c51b930ca9be5c8abcae1ccad91e1e6	5844	text/plain	2026-10-02T02:43:24+00:00		"W/""bbb534db5a32df284414b07ea97beb2e411aaaaa50c5735f3f82cde5aefd9793"""
cmp_timm_selfcitation	conf.properties	https://raw.githubusercontent.com/TorstenTimm/SelfCitationTextgenerator/master/executable/conf.properties	308af498cd5da6957e7f9d06e01efff0273856d7f59d5e15205edae86f9061ee	5512	text/plain	2026-10-02T02:43:24+00:00		"W/""d852bae51fe2f42d0f184c1b8adc70c309bacd607e57518e535e4d368b338fc6"""
cmp_timm_selfcitation	text-generator.jar	https://raw.githubusercontent.com/TorstenTimm/SelfCitationTextgenerator/master/executable/text-generator.jar	dc9b2f3cd4e930e45f093fc096bdf0aef54bbe760f558858af1cdf09ad18fef8	194341	application/octet-stream	2026-10-02T02:43:24+00:00		"W/""d2fdd89766ef860cb6e013372d18a5c327158d52a7cb8b04db268e4ab39bd839"""
cmp_digital_scriptorium	search/herbal_p1.json	https://search.digital-scriptorium.org/?search_field=all_fields&per_page=100&format=json&q=herbal&page=1	597843135a9f36d23d35314ab10b771ab55ef49e7dd3fc5137c6d010623b4572	12809	application/json	2026-10-02T02:43:25+00:00		"W/""597843135a9f36d23d35314ab10b771a"""
cmp_digital_scriptorium	search/herbarium_p1.json	https://search.digital-scriptorium.org/?search_field=all_fields&per_page=100&format=json&q=herbarium&page=1	13a8a4981593a90b1089d24eaa1bd3138330ed790c70214f89fbd12b47983fa0	9498	application/json	2026-10-02T02:43:25+00:00		"W/""13a8a4981593a90b1089d24eaa1bd313"""
cmp_digital_scriptorium	search/medical_recipes_p1.json	https://search.digital-scriptorium.org/?search_field=all_fields&per_page=100&format=json&q=medical%20recipes&page=1	d147228734890ecd6e57751490541c49ac1ea39e9f1fb564806844d5a775fbbb	32051	application/json	2026-10-02T02:43:26+00:00		"W/""d147228734890ecd6e57751490541c49"""
cmp_digital_scriptorium	search/medicina_p1.json	https://search.digital-scriptorium.org/?search_field=all_fields&per_page=100&format=json&q=medicina&page=1	34f1a09b8b0aab2403415f79ef06fadae7e15b775051b0736ff22a957e33cca2	22878	application/json	2026-10-02T02:43:27+00:00		"W/""34f1a09b8b0aab2403415f79ef06fada"""
cmp_digital_scriptorium	search/astronomy_p1.json	https://search.digital-scriptorium.org/?search_field=all_fields&per_page=100&format=json&q=astronomy&page=1	7b7ca54640ad10d4a7bcba04ba566e05e6519cbef9e3ba52b5829afbeb2e9ba8	103746	application/json	2026-10-02T02:43:28+00:00		"W/""7b7ca54640ad10d4a7bcba04ba566e05"""
cmp_digital_scriptorium	search/astronomy_p2.json	https://search.digital-scriptorium.org/?search_field=all_fields&per_page=100&format=json&q=astronomy&page=2	9f7f86232362a80327ca457811505e00df9ddf5d37b5deaa7342a53c0918272a	103687	application/json	2026-10-02T02:43:30+00:00		"W/""9f7f86232362a80327ca457811505e00"""
cmp_digital_scriptorium	search/astronomy_p3.json	https://search.digital-scriptorium.org/?search_field=all_fields&per_page=100&format=json&q=astronomy&page=3	e718da7b309330cffe437b68c39e1a2296ef857cb9148e60d8ad66c95a6ac4c9	101936	application/json	2026-10-02T02:43:31+00:00		"W/""e718da7b309330cffe437b68c39e1a22"""
cmp_digital_scriptorium	search/astronomy_p4.json	https://search.digital-scriptorium.org/?search_field=all_fields&per_page=100&format=json&q=astronomy&page=4	e0eed102f6444dca41e101153fa4d21a84f23fd71ec05248a4f79a29b2e4c6bb	98845	application/json	2026-10-02T02:43:32+00:00		"W/""e0eed102f6444dca41e101153fa4d21a"""
cmp_digital_scriptorium	search/astronomy_p5.json	https://search.digital-scriptorium.org/?search_field=all_fields&per_page=100&format=json&q=astronomy&page=5	be2f06d8a60c937b602932d636a983f6fc6de48c97540df150720a69b4bf96bf	101107	application/json	2026-10-02T02:43:33+00:00		"W/""be2f06d8a60c937b602932d636a983f6"""
cmp_digital_scriptorium	search/astrology_p1.json	https://search.digital-scriptorium.org/?search_field=all_fields&per_page=100&format=json&q=astrology&page=1	5cc4958edc587dff54bf16046c027f3e7c0eb1666b368a9480528e8bc721ce31	96430	application/json	2026-10-02T02:43:33+00:00		"W/""5cc4958edc587dff54bf16046c027f3e"""
cmp_digital_scriptorium	search/astrology_p2.json	https://search.digital-scriptorium.org/?search_field=all_fields&per_page=100&format=json&q=astrology&page=2	2430e547838aa678da4508baf58eb5590c266cedda05f397e6b02017fdedbe57	99746	application/json	2026-10-02T02:43:36+00:00		"W/""2430e547838aa678da4508baf58eb559"""
cmp_digital_scriptorium	search/astrology_p3.json	https://search.digital-scriptorium.org/?search_field=all_fields&per_page=100&format=json&q=astrology&page=3	952cbb82b3c717bda4da8d65f45d8bfe9466b9287aae6e961467484782dde948	97588	application/json	2026-10-02T02:43:40+00:00		"W/""952cbb82b3c717bda4da8d65f45d8bfe"""
cmp_digital_scriptorium	search/astrology_p4.json	https://search.digital-scriptorium.org/?search_field=all_fields&per_page=100&format=json&q=astrology&page=4	35016913a417c8d3c0ce2edf87850df4324c0554ca36dd99e3ab9ae303f71fcc	97338	application/json	2026-10-02T02:43:41+00:00		"W/""35016913a417c8d3c0ce2edf87850df4"""
cmp_digital_scriptorium	search/astrology_p5.json	https://search.digital-scriptorium.org/?search_field=all_fields&per_page=100&format=json&q=astrology&page=5	dbb61de3a5b8fc97593c86d89ceb898d851cf3ee0e89401f72521f723fcfebef	49285	application/json	2026-10-02T02:43:42+00:00		"W/""dbb61de3a5b8fc97593c86d89ceb898d"""
cmp_digital_scriptorium	search/zodiac_p1.json	https://search.digital-scriptorium.org/?search_field=all_fields&per_page=100&format=json&q=zodiac&page=1	35a1a2ae606b6f857ef6d46cff6e5443c6e3da524965b0fa5c48d6df049bc3ef	78336	application/json	2026-10-02T02:43:43+00:00		"W/""35a1a2ae606b6f857ef6d46cff6e5443"""
cmp_digital_scriptorium	search/alchemy_p1.json	https://search.digital-scriptorium.org/?search_field=all_fields&per_page=100&format=json&q=alchemy&page=1	ec19f55b5b362be857f4a97058bdb2a9b1b9d930617c500c00e39f9aaeaa45c3	71300	application/json	2026-10-02T02:43:44+00:00		"W/""ec19f55b5b362be857f4a97058bdb2a9"""
cmp_digital_scriptorium	search/balneis_p1.json	https://search.digital-scriptorium.org/?search_field=all_fields&per_page=100&format=json&q=balneis&page=1	f35b4a7d84b49be8dff94fcdda1d6be103282f4ed1ce82b7e30db258201854a3	11497	application/json	2026-10-02T02:43:44+00:00		"W/""f35b4a7d84b49be8dff94fcdda1d6be1"""
cmp_digital_scriptorium	search/baths_p1.json	https://search.digital-scriptorium.org/?search_field=all_fields&per_page=100&format=json&q=baths&page=1	20b04b14c54f46cff9cbecb3874c2054eb63ee140fdf79bc0abdbd568c3b1e55	8287	application/json	2026-10-02T02:43:45+00:00		"W/""20b04b14c54f46cff9cbecb3874c2054"""
cmp_digital_scriptorium	search/cipher_p1.json	https://search.digital-scriptorium.org/?search_field=all_fields&per_page=100&format=json&q=cipher&page=1	ef88b967c09bd761370bb1bbac20b188d4809d6b2a8363da6f4b6831ede10f5c	13371	application/json	2026-10-02T02:43:46+00:00		"W/""ef88b967c09bd761370bb1bbac20b188"""
cmp_digital_scriptorium	search/secret_writing_p1.json	https://search.digital-scriptorium.org/?search_field=all_fields&per_page=100&format=json&q=secret%20writing&page=1	dc2e7b20dcfd484aaa7e46a24c80323ce8ae89357a4b6236fa5827673a729abb	16849	application/json	2026-10-02T02:43:46+00:00		"W/""dc2e7b20dcfd484aaa7e46a24c80323c"""
cmp_digital_scriptorium	search/de_virtutibus_herbarum_p1.json	https://search.digital-scriptorium.org/?search_field=all_fields&per_page=100&format=json&q=de%20virtutibus%20herbarum&page=1	6f773b57da408da2aa9dc99a40921f795dac932ad357f58e9c654c0015dc075f	33170	application/json	2026-10-02T02:43:46+00:00		"W/""6f773b57da408da2aa9dc99a40921f79"""
cmp_digital_scriptorium	search/tacuinum_sanitatis_p1.json	https://search.digital-scriptorium.org/?search_field=all_fields&per_page=100&format=json&q=tacuinum%20sanitatis&page=1	4d29835303ed4b1d54dfb2b3a074b04735f80127566012df01d0ea32e88f58c5	1831	application/json	2026-10-02T02:43:47+00:00		"W/""4d29835303ed4b1d54dfb2b3a074b047"""
cmp_digital_scriptorium	search/regimen_sanitatis_p1.json	https://search.digital-scriptorium.org/?search_field=all_fields&per_page=100&format=json&q=regimen%20sanitatis&page=1	039e478afa89cd281e064899af0439521a0bc46190ab66b730a8ecf21826a775	1823	application/json	2026-10-02T02:43:47+00:00		"W/""039e478afa89cd281e064899af043952"""
cmp_gutenberg_vernaculars	pg16816_roman_de_la_rose_I_fr.txt	https://www.gutenberg.org/cache/epub/16816/pg16816.txt	a508531233b18e26000b9073b483cfe5a8704c36bc75c3e8b42d5740418dd284	659259	text/plain	2026-10-02T02:44:00+00:00	Mon, 07 Sep 2026 14:43:41 GMT	
cmp_corpus_corporum	nav/root.xml	https://mlat.uzh.ch/php_modules/navigate.php?load=/&group_by=	5848092f84612b57228d3763d6cf5a9ec7c7ce0232b002efeaa4a7d6e8671c12	19693	text/xml	2026-10-02T02:44:01+00:00		
cmp_corpus_corporum	nav_17098.xml	https://mlat.uzh.ch/php_modules/navigate.php?load=/17098&group_by=	ea8b5a7fff1548c37edb99b8fecb619cb1db8721a56d5d21e1862d95ac6c1c10	1184	text/xml	2026-10-02T02:44:02+00:00		
cmp_corpus_corporum	nav_12130.xml	https://mlat.uzh.ch/php_modules/navigate.php?load=/12130&group_by=	88735b1174f702dc20e245bb774447148e2eef62d3117ca907a79218b1607279	21866	text/xml	2026-10-02T02:44:03+00:00		
cmp_corpus_corporum	nav_12130_2423.xml	https://mlat.uzh.ch/php_modules/navigate.php?load=/12130/2423&group_by=	8dcacd06a66a7cec974a098aaa356f6d547c9dbb5182b1ecfad80fcd094ffed5	2253	text/xml	2026-10-02T02:44:05+00:00		
cmp_corpus_corporum	nav_12130_2423_12268.xml	https://mlat.uzh.ch/php_modules/navigate.php?load=/12130/2423/12268&group_by=	be06600a4eb5515d41dacd84fa8d3ecb3b0ca684df9ff589805d6376c4e8f6ff	2173	text/xml	2026-10-02T02:44:06+00:00		
cmp_corpus_corporum	nav_12130_12299.xml	https://mlat.uzh.ch/php_modules/navigate.php?load=/12130/12299&group_by=	d62d9d42881360cba2f654f8a39e3228fa6a4ea78bcdd551c9d0bf71b4caba92	3160	text/xml	2026-10-02T02:44:07+00:00		
cmp_corpus_corporum	nav_12130_12299_12240.xml	https://mlat.uzh.ch/php_modules/navigate.php?load=/12130/12299/12240&group_by=	8bbcd3d12319e99ab393169539f89b66a114166a3e2577fe95d041b624bf2e83	1912	text/xml	2026-10-02T02:44:08+00:00		
cmp_corpus_corporum	nav_12130_30.xml	https://mlat.uzh.ch/php_modules/navigate.php?load=/12130/30&group_by=	d20c0b89fcdb659f29340b216f700d48f824cfdcb853e86dd300773582805899	2313	text/xml	2026-10-02T02:44:09+00:00		
cmp_corpus_corporum	nav_12130_30_12290.xml	https://mlat.uzh.ch/php_modules/navigate.php?load=/12130/30/12290&group_by=	a3c4bc3a7541d01749ae9aaeb5d56592e39b8dd25da23b0f3d8a63d587ce79d2	2075	text/xml	2026-10-02T02:44:10+00:00		
cmp_corpus_corporum	nav_12130_30_12274.xml	https://mlat.uzh.ch/php_modules/navigate.php?load=/12130/30/12274&group_by=	dbd25f8199f11721b5204ae169b22ccf97fa72b92548d3bad53e334ee1cb83aa	2351	text/xml	2026-10-02T02:44:11+00:00		
cmp_corpus_corporum	nav_12130_30_21743.xml	https://mlat.uzh.ch/php_modules/navigate.php?load=/12130/30/21743&group_by=	33559f8c4203b94f1451cbf95dab5586ac7af5e577386db47e0dfa72cbb5a5aa	2419	text/xml	2026-10-02T02:44:13+00:00		
cmp_corpus_corporum	nav_12130_12300.xml	https://mlat.uzh.ch/php_modules/navigate.php?load=/12130/12300&group_by=	cc27e9b7f5b1b9cd30b90f4438993704fc1a446da0b9fe04d4a062590eed6c05	5677	text/xml	2026-10-02T02:44:14+00:00		
cmp_corpus_corporum	nav_12130_12300_12225.xml	https://mlat.uzh.ch/php_modules/navigate.php?load=/12130/12300/12225&group_by=	f49bdaec1eac500c69af6c88391b2ddc7d7c2a2da97878b9bc5390cf3c03528a	1912	text/xml	2026-10-02T02:44:15+00:00		
cmp_corpus_corporum	nav_12130_12300_12228.xml	https://mlat.uzh.ch/php_modules/navigate.php?load=/12130/12300/12228&group_by=	246d2d447a6c6489247fd79848291e36bfd426fe316e0ffb9b56065dffda46ee	1945	text/xml	2026-10-02T02:44:16+00:00		
cmp_corpus_corporum	nav_12130_12300_12248.xml	https://mlat.uzh.ch/php_modules/navigate.php?load=/12130/12300/12248&group_by=	bbd291f3c6d9ca0b6a8072ca6a739a4390a67f0d152a2726df584a1119b47e94	1891	text/xml	2026-10-02T02:44:17+00:00		
cmp_corpus_corporum	nav_12130_900.xml	https://mlat.uzh.ch/php_modules/navigate.php?load=/12130/900&group_by=	1fb6b6568b9e0498f20bab0ceab851194428f121656b9c52a47eca93442f0e2f	4509	text/xml	2026-10-02T02:44:18+00:00		
cmp_corpus_corporum	nav_12130_900_12238.xml	https://mlat.uzh.ch/php_modules/navigate.php?load=/12130/900/12238&group_by=	04ebc7d4ca0800ae36e075ab6dad8fb00c3277e9b8354a0c27422ecf88eff353	1925	text/xml	2026-10-02T02:44:19+00:00		
cmp_corpus_corporum	nav_12130_12302.xml	https://mlat.uzh.ch/php_modules/navigate.php?load=/12130/12302&group_by=	9ba6efac3b6ada43f34bfcb3a942093cf353fb6e47c4b753b6b0bb1bfb0dca7f	2476	text/xml	2026-10-02T02:44:20+00:00		
cmp_corpus_corporum	nav_12130_12302_12285.xml	https://mlat.uzh.ch/php_modules/navigate.php?load=/12130/12302/12285&group_by=	c9a8e5761782a46693b297b82b9e0b2751e2e1a7ec2ef7191d75feef30d57ce8	2104	text/xml	2026-10-02T02:44:21+00:00		
cmp_corpus_corporum	nav_12130_12302_12288.xml	https://mlat.uzh.ch/php_modules/navigate.php?load=/12130/12302/12288&group_by=	baf742bd6a1d91939967693c53505c72082ea0f504e98f19ca43ff1d04b001f2	2188	text/xml	2026-10-02T02:44:22+00:00		
cmp_corpus_corporum	nav_12130_12303.xml	https://mlat.uzh.ch/php_modules/navigate.php?load=/12130/12303&group_by=	3d0548edc2fcb54c3ae5420e590de61c058c9246951605efa0864c08c1d28b56	1896	text/xml	2026-10-02T02:44:23+00:00		
cmp_corpus_corporum	nav_12130_12303_12269.xml	https://mlat.uzh.ch/php_modules/navigate.php?load=/12130/12303/12269&group_by=	d79f7a20d170f8ddf6c7cbfac4a4d726f992f823a98a1f94a591d2114233fe19	2120	text/xml	2026-10-02T02:44:24+00:00		
cmp_corpus_corporum	nav_12130_12304.xml	https://mlat.uzh.ch/php_modules/navigate.php?load=/12130/12304&group_by=	645298f46b74db9ffc406e19f0596c81cd7ab045c3efac54d454539eb5d087f6	2018	text/xml	2026-10-02T02:44:26+00:00		
cmp_corpus_corporum	nav_12130_12304_12265.xml	https://mlat.uzh.ch/php_modules/navigate.php?load=/12130/12304/12265&group_by=	5ed7b63f4986f78efd9bfafac19371bb1a673882db737543a85782c96674ab12	2182	text/xml	2026-10-02T02:44:27+00:00		
cmp_corpus_corporum	nav_12130_12305.xml	https://mlat.uzh.ch/php_modules/navigate.php?load=/12130/12305&group_by=	40d2d7fe14b1a469f921d51dd5c7af92c817d0c6138a231cad84044c69067c10	3140	text/xml	2026-10-02T02:44:28+00:00		
cmp_corpus_corporum	nav_12130_12305_12267.xml	https://mlat.uzh.ch/php_modules/navigate.php?load=/12130/12305/12267&group_by=	4f350c14e601972e57501cc1cc0dc2118df2bf6c859f72afa909f8a69fcf7c74	2264	text/xml	2026-10-02T02:44:29+00:00		
cmp_corpus_corporum	nav_12130_12306.xml	https://mlat.uzh.ch/php_modules/navigate.php?load=/12130/12306&group_by=	dc6eba1c3ea241e6c9fb2fea0b3fd1774f47d5d0b513d73d184031b7ccfb7556	2895	text/xml	2026-10-02T02:44:30+00:00		
cmp_corpus_corporum	nav_12130_12306_12296.xml	https://mlat.uzh.ch/php_modules/navigate.php?load=/12130/12306/12296&group_by=	83d32673b854a5f52c6d591babed309f8fae092a94e1198b4ea8cabcc72b9b15	2260	text/xml	2026-10-02T02:44:31+00:00		
cmp_corpus_corporum	nav_12130_12307.xml	https://mlat.uzh.ch/php_modules/navigate.php?load=/12130/12307&group_by=	b0b4813f8661728e1c5605b7e52f049eb9023c0a436c112bfeea9d95d098e469	1920	text/xml	2026-10-02T02:44:32+00:00		
cmp_corpus_corporum	nav_12130_12307_12224.xml	https://mlat.uzh.ch/php_modules/navigate.php?load=/12130/12307/12224&group_by=	5ad2859a8f24427a0a6f33a114c8bc8e4852d08156f6d97b074b0788dfff74be	2117	text/xml	2026-10-02T02:44:33+00:00		
cmp_corpus_corporum	nav_12130_12308.xml	https://mlat.uzh.ch/php_modules/navigate.php?load=/12130/12308&group_by=	54248282566c9bf4fd55d1fac6bbc42a92f41295c2722c6131646cb6b58cba5b	2008	text/xml	2026-10-02T02:44:34+00:00		
cmp_corpus_corporum	nav_12130_12308_12260.xml	https://mlat.uzh.ch/php_modules/navigate.php?load=/12130/12308/12260&group_by=	53d04d968120e2b5274f8222e34252ef6ad5cdb3fc4c7c1cfebb87d227c89b3e	2161	text/xml	2026-10-02T02:44:36+00:00		
cmp_corpus_corporum	nav_12130_12309.xml	https://mlat.uzh.ch/php_modules/navigate.php?load=/12130/12309&group_by=	26549f6714862caabd9d1fbbb858d0c59497488d3e1f249637f82a3f6f79bfef	3201	text/xml	2026-10-02T02:44:37+00:00		
cmp_corpus_corporum	nav_12130_12309_12257.xml	https://mlat.uzh.ch/php_modules/navigate.php?load=/12130/12309/12257&group_by=	bebbb1f1270d5cf13e222f50956ddd767cf2cc3de3ebfe23db9c5186fd51ab85	2161	text/xml	2026-10-02T02:44:38+00:00		
cmp_corpus_corporum	nav_12130_21746.xml	https://mlat.uzh.ch/php_modules/navigate.php?load=/12130/21746&group_by=	f422854b6648e974ddb4be0297924ab8cd5f4729a31c3b8c1dfcc194c4550e9b	2226	text/xml	2026-10-02T02:44:39+00:00		
cmp_corpus_corporum	nav_12130_21746_21747.xml	https://mlat.uzh.ch/php_modules/navigate.php?load=/12130/21746/21747&group_by=	5eea574c3b0ea06c4b64fbb307c04d5db7dfa7f305f271f941c43bb9db6883d0	2181	text/xml	2026-10-02T02:44:40+00:00		
cmp_corpus_corporum	nav_12130_11905.xml	https://mlat.uzh.ch/php_modules/navigate.php?load=/12130/11905&group_by=	125835f8cd702813c10dda6eff54337cfe6d002fa795c9a69882de084f119789	1936	text/xml	2026-10-02T02:44:41+00:00		
cmp_corpus_corporum	nav_12130_11905_12279.xml	https://mlat.uzh.ch/php_modules/navigate.php?load=/12130/11905/12279&group_by=	f05d1af05b2034198812a60617b22b0c99859603292a11a916894fbed10e2761	2165	text/xml	2026-10-02T02:44:42+00:00		
cmp_corpus_corporum	nav_12130_12310.xml	https://mlat.uzh.ch/php_modules/navigate.php?load=/12130/12310&group_by=	82dc2068dbe98b4201c41a5f1454b6b9cf2135fd80d25b7e7c1b302e00a49a9f	3806	text/xml	2026-10-02T02:44:43+00:00		
cmp_corpus_corporum	nav_12130_12310_12253.xml	https://mlat.uzh.ch/php_modules/navigate.php?load=/12130/12310/12253&group_by=	ffc0a73e34c1f4ea8bd4f5cc903eccd2b7a1b19d15ef843f65c0d61658797a71	2122	text/xml	2026-10-02T02:44:44+00:00		
cmp_corpus_corporum	nav_12130_12311.xml	https://mlat.uzh.ch/php_modules/navigate.php?load=/12130/12311&group_by=	35881951e56b09be06e1ec8fb41949db3e1324cdeb8b5596a1ab3cb24ef7931e	2434	text/xml	2026-10-02T02:44:45+00:00		
cmp_corpus_corporum	nav_12130_12311_12242.xml	https://mlat.uzh.ch/php_modules/navigate.php?load=/12130/12311/12242&group_by=	63dade6e3ea631e1232a70ddfa4a4e99b9bd96c09fda56ff75db02ca3083448b	2058	text/xml	2026-10-02T02:44:47+00:00		
cmp_corpus_corporum	nav_12130_12311_12297.xml	https://mlat.uzh.ch/php_modules/navigate.php?load=/12130/12311/12297&group_by=	1e4af4db088d817b70614462fa38687c285081664edbf2431728a8c548c2f0d3	2107	text/xml	2026-10-02T02:44:49+00:00		
cmp_corpus_corporum	nav_12130_21600.xml	https://mlat.uzh.ch/php_modules/navigate.php?load=/12130/21600&group_by=	ede12585a7b3d69e0c0a821f361fd2726cff6a7d61e5527e9d3ea7f1711e824a	2288	text/xml	2026-10-02T02:44:50+00:00		
cmp_corpus_corporum	nav_12130_21600_21602.xml	https://mlat.uzh.ch/php_modules/navigate.php?load=/12130/21600/21602&group_by=	55683077ab85eaf41d95b34254f9399f0272b2ae281abe331f454d03ec271f0d	2268	text/xml	2026-10-02T02:44:51+00:00		
cmp_corpus_corporum	nav_12130_12312.xml	https://mlat.uzh.ch/php_modules/navigate.php?load=/12130/12312&group_by=	07810c3a40045dd919a38c7bc62d0ace9c32dc8b04c16a4c82d0c2bdbe211551	1893	text/xml	2026-10-02T02:44:53+00:00		
cmp_corpus_corporum	nav_12130_12312_12254.xml	https://mlat.uzh.ch/php_modules/navigate.php?load=/12130/12312/12254&group_by=	8a90bb22ef2832e72740fc8ee50def1901e5a1e030d21d3869ec9aa7e89e69bc	2214	text/xml	2026-10-02T02:44:54+00:00		
cmp_corpus_corporum	nav_12130_21633.xml	https://mlat.uzh.ch/php_modules/navigate.php?load=/12130/21633&group_by=	ec63f0ffb5751ff43663e5d28f276c296353e7c8e23a2eb3d2fda0fda3dd0f6d	1945	text/xml	2026-10-02T02:44:55+00:00		
cmp_corpus_corporum	nav_12130_21633_21612.xml	https://mlat.uzh.ch/php_modules/navigate.php?load=/12130/21633/21612&group_by=	eb6e173a973afa04313f9e40f9c8cd1d169aa07ddb31eddc015e1f5e9d5548f1	2431	text/xml	2026-10-02T02:44:56+00:00		
cmp_corpus_corporum	nav_12130_12313.xml	https://mlat.uzh.ch/php_modules/navigate.php?load=/12130/12313&group_by=	c56f06855a675b2a5dffae088243f34fcde92971138909111e303f04c83ec402	5038	text/xml	2026-10-02T02:44:57+00:00		
cmp_corpus_corporum	nav_12130_12313_12217.xml	https://mlat.uzh.ch/php_modules/navigate.php?load=/12130/12313/12217&group_by=	ab8414e0122bd7f4ab72dacd06010ec38ffe54f1bfd00d43a5b207ebce42fb4f	2085	text/xml	2026-10-02T02:44:58+00:00		
cmp_corpus_corporum	nav_12130_12314.xml	https://mlat.uzh.ch/php_modules/navigate.php?load=/12130/12314&group_by=	68a253cb66ea02766903a54c0ba99db0557404deeb56711bea4dfea26bf3aafd	2627	text/xml	2026-10-02T02:44:59+00:00		
cmp_corpus_corporum	nav_12130_12314_12245.xml	https://mlat.uzh.ch/php_modules/navigate.php?load=/12130/12314/12245&group_by=	56bd6bbe899e039fea2258d46988d22973464b3c698f0d0fe2c1596533887c72	2213	text/xml	2026-10-02T02:45:00+00:00		
cmp_corpus_corporum	nav_12130_12315.xml	https://mlat.uzh.ch/php_modules/navigate.php?load=/12130/12315&group_by=	4a2459570caef728b71200a9a491820978c8638b0221ab1d8bf2b27c3d6aabf8	2085	text/xml	2026-10-02T02:45:01+00:00		
cmp_corpus_corporum	nav_12130_12315_12236.xml	https://mlat.uzh.ch/php_modules/navigate.php?load=/12130/12315/12236&group_by=	52c47f300bbd9b6efe14e461ecc468cd3abe10e7d54b1a189eae0c8ffd877c43	2102	text/xml	2026-10-02T02:45:02+00:00		
cmp_corpus_corporum	nav_12130_12316.xml	https://mlat.uzh.ch/php_modules/navigate.php?load=/12130/12316&group_by=	34f8445586fa14fe9e03a3fc36b2831c45fbb1f24a3529f20458849f50c04f21	2382	text/xml	2026-10-02T02:45:03+00:00		
cmp_corpus_corporum	nav_12130_12316_12282.xml	https://mlat.uzh.ch/php_modules/navigate.php?load=/12130/12316/12282&group_by=	3d5160b5da1e32c5ec4f848d6b8defa7ab40682313e0a038fb4b6efbf317a04a	2089	text/xml	2026-10-02T02:45:05+00:00		
cmp_corpus_corporum	nav_12130_12316_24939.xml	https://mlat.uzh.ch/php_modules/navigate.php?load=/12130/12316/24939&group_by=	f9911b81619b91c640dce09828ff142c24a7d7fa6b22717ac450074f57de3548	2195	text/xml	2026-10-02T02:45:06+00:00		
cmp_corpus_corporum	nav_12130_12317.xml	https://mlat.uzh.ch/php_modules/navigate.php?load=/12130/12317&group_by=	cdd2e53e9daad733affe0a350b664332ef7459aedc5317d170988b832d932aad	2603	text/xml	2026-10-02T02:45:07+00:00		
cmp_corpus_corporum	nav_12130_12317_12264.xml	https://mlat.uzh.ch/php_modules/navigate.php?load=/12130/12317/12264&group_by=	fe03e5acf22c76747dca2267562a1ef69e0137fea40e9520ae47355a684277d4	1965	text/xml	2026-10-02T02:45:08+00:00		
cmp_corpus_corporum	nav_12130_12318.xml	https://mlat.uzh.ch/php_modules/navigate.php?load=/12130/12318&group_by=	568c0fe4bfb7f816c2a62a2a8aaec84483c223e54efc8d474cf4baf5db257f22	1957	text/xml	2026-10-02T02:45:09+00:00		
cmp_corpus_corporum	nav_12130_12318_12289.xml	https://mlat.uzh.ch/php_modules/navigate.php?load=/12130/12318/12289&group_by=	a03e5a36636ed69124d2e0b6370a05c1abb9acd21bbd909f18b9545ef1dcc87e	2108	text/xml	2026-10-02T02:45:10+00:00		
cmp_corpus_corporum	nav_12130_12319.xml	https://mlat.uzh.ch/php_modules/navigate.php?load=/12130/12319&group_by=	9ab698fe0c3b39ed72b8c63e12edda0a9d887e2fe1f51d8f08f0142d729385cd	2450	text/xml	2026-10-02T02:45:11+00:00		
cmp_corpus_corporum	nav_12130_12319_12230.xml	https://mlat.uzh.ch/php_modules/navigate.php?load=/12130/12319/12230&group_by=	e341ee5a9b4d261ec35916f3fabc3c86875075df4029ba5e613ed1121dc71f16	2094	text/xml	2026-10-02T02:45:12+00:00		
cmp_corpus_corporum	nav_12130_12319_12293.xml	https://mlat.uzh.ch/php_modules/navigate.php?load=/12130/12319/12293&group_by=	ec1c0121c81b7c4bd58af05819a0a8820ae353198a7549d6fa06fae9b02185e4	2108	text/xml	2026-10-02T02:45:13+00:00		
cmp_corpus_corporum	nav_12130_12320.xml	https://mlat.uzh.ch/php_modules/navigate.php?load=/12130/12320&group_by=	c5b8f08a08ed237c649e9ad3d569ff2c573d83ca6627d0c26336e528c63bd22e	2762	text/xml	2026-10-02T02:45:15+00:00		
cmp_corpus_corporum	nav_12130_12320_12266.xml	https://mlat.uzh.ch/php_modules/navigate.php?load=/12130/12320/12266&group_by=	82edad8fdf1a5134f6b454df52a461e19b41a3b7745eee92d598443a161a0e67	2047	text/xml	2026-10-02T02:45:16+00:00		
cmp_corpus_corporum	nav_12130_12321.xml	https://mlat.uzh.ch/php_modules/navigate.php?load=/12130/12321&group_by=	9794ed44b94eeb260215e4403f0ef4cd9dfaddab8d6252547cbf8ba5d255261e	2685	text/xml	2026-10-02T02:45:17+00:00		
cmp_corpus_corporum	nav_12130_12321_12273.xml	https://mlat.uzh.ch/php_modules/navigate.php?load=/12130/12321/12273&group_by=	79be11ccd064b59be7792f88171c849eadf6adfc48f424f87f76a4b7a919955d	2053	text/xml	2026-10-02T02:45:18+00:00		
cmp_corpus_corporum	nav_12130_12322.xml	https://mlat.uzh.ch/php_modules/navigate.php?load=/12130/12322&group_by=	7388d8a56b7365cc44a6ae1deb5743ff6f95af634559cf05e469c60f4bc20ee2	1911	text/xml	2026-10-02T02:45:19+00:00		
cmp_corpus_corporum	nav_12130_12322_12292.xml	https://mlat.uzh.ch/php_modules/navigate.php?load=/12130/12322/12292&group_by=	b12cc08d7527f3764398787ec4215adb12bb6a2245002c8738e66636f4f629c6	2112	text/xml	2026-10-02T02:45:20+00:00		
cmp_corpus_corporum	nav_12130_12323.xml	https://mlat.uzh.ch/php_modules/navigate.php?load=/12130/12323&group_by=	20ffe589e62ccde53ebe729b9fe3e550ad8f73d6e109543aee36d59cc14cb7b1	1933	text/xml	2026-10-02T02:45:21+00:00		
cmp_corpus_corporum	nav_12130_12323_12287.xml	https://mlat.uzh.ch/php_modules/navigate.php?load=/12130/12323/12287&group_by=	fe89e427f80a5e8635ae04a2be0101db2f1f4f98c8e483e84b27243e00f76c8f	2174	text/xml	2026-10-02T02:45:22+00:00		
cmp_corpus_corporum	nav_12130_12324.xml	https://mlat.uzh.ch/php_modules/navigate.php?load=/12130/12324&group_by=	4f42cb15339bb0e470c06759ce8fa16ef14e1f0e6063531317a8d442a9c52caf	2985	text/xml	2026-10-02T02:45:23+00:00		
cmp_corpus_corporum	nav_12130_12324_12275.xml	https://mlat.uzh.ch/php_modules/navigate.php?load=/12130/12324/12275&group_by=	1bcc2aa9b0fe26fdb9437af7a0dea5905574eb24bfc32839fa392321c86ab27a	2114	text/xml	2026-10-02T02:45:25+00:00		
cmp_corpus_corporum	nav_12130_12325.xml	https://mlat.uzh.ch/php_modules/navigate.php?load=/12130/12325&group_by=	86e217faa44812cb5f3b2965555d03f5459a9b1b81c39dc067af6f65f3751340	4469	text/xml	2026-10-02T02:45:26+00:00		
cmp_corpus_corporum	nav_12130_12325_12277.xml	https://mlat.uzh.ch/php_modules/navigate.php?load=/12130/12325/12277&group_by=	88ac396d81893c48b25de7b7d1c2d2cb6b3fe6cb4cded5399053fab4cb642ea6	2229	text/xml	2026-10-02T02:45:27+00:00		
cmp_corpus_corporum	nav_12130_12326.xml	https://mlat.uzh.ch/php_modules/navigate.php?load=/12130/12326&group_by=	126772502afd4577367b9258deed615c70c0993ddb7560414baaa892fb87d0a4	2584	text/xml	2026-10-02T02:45:28+00:00		
cmp_corpus_corporum	nav_12130_12326_12286.xml	https://mlat.uzh.ch/php_modules/navigate.php?load=/12130/12326/12286&group_by=	acdf32eb29b498b7c32ecd1d5ff0cfa5173054288171030da3f60ff0c8f56363	2132	text/xml	2026-10-02T02:45:29+00:00		
cmp_corpus_corporum	nav_12130_12327.xml	https://mlat.uzh.ch/php_modules/navigate.php?load=/12130/12327&group_by=	66bf37b77982364e3661f3a071297c8bc2dbdf4cabc40bc36e32106a0239622a	2628	text/xml	2026-10-02T02:45:30+00:00		
cmp_corpus_corporum	nav_12130_12327_12251.xml	https://mlat.uzh.ch/php_modules/navigate.php?load=/12130/12327/12251&group_by=	c7a520379fce3abfc6f040c968ccab7734f44e41591ca896246cc197ed3d7ef8	2125	text/xml	2026-10-02T02:45:31+00:00		
cmp_corpus_corporum	nav_12130_12328.xml	https://mlat.uzh.ch/php_modules/navigate.php?load=/12130/12328&group_by=	c3eaf157a63b6aa92c2b382b09b8f1dda316c9dac17b1e0296d0b55affa31960	3479	text/xml	2026-10-02T02:45:32+00:00		
cmp_corpus_corporum	nav_12130_12328_12270.xml	https://mlat.uzh.ch/php_modules/navigate.php?load=/12130/12328/12270&group_by=	ad552af40b2da4ce5c73aaae0c659bfbef3fe2c981a282a2d00fe6315d5817e0	2055	text/xml	2026-10-02T02:45:33+00:00		
cmp_corpus_corporum	nav_12130_12328_24937.xml	https://mlat.uzh.ch/php_modules/navigate.php?load=/12130/12328/24937&group_by=	ead89e5edbd5f908bbf6d79974638d47d65c9f4ceeed3360afaf3c25e407f1a2	2167	text/xml	2026-10-02T02:45:35+00:00		
cmp_corpus_corporum	nav_12130_21592.xml	https://mlat.uzh.ch/php_modules/navigate.php?load=/12130/21592&group_by=	95fb31c911cf6cfbf9a1a81db49247077b1a04ba6126156a3ccb64818ff1017e	1903	text/xml	2026-10-02T02:45:36+00:00		
cmp_corpus_corporum	nav_12130_21592_21593.xml	https://mlat.uzh.ch/php_modules/navigate.php?load=/12130/21592/21593&group_by=	a96d74e2c1e1bb9070243152cc19fef9340dbd81268e51f9434c1e1de6bcc5d4	2293	text/xml	2026-10-02T02:45:37+00:00		
cmp_corpus_corporum	nav_12130_12329.xml	https://mlat.uzh.ch/php_modules/navigate.php?load=/12130/12329&group_by=	3f7aff7cd6ec24216dbefa67f2a4a51e4c46abf142df0ac8a144e07dc65383e1	4455	text/xml	2026-10-02T02:45:38+00:00		
cmp_corpus_corporum	nav_12130_12329_12295.xml	https://mlat.uzh.ch/php_modules/navigate.php?load=/12130/12329/12295&group_by=	8745efbaf33bc0c8cef9524fd4fed5b7f575f1089a73abb3cddddf261abfd2fb	2157	text/xml	2026-10-02T02:45:39+00:00		
cmp_corpus_corporum	nav_12130_12329_24935.xml	https://mlat.uzh.ch/php_modules/navigate.php?load=/12130/12329/24935&group_by=	fc5b2eaffb48e39f4d4a39455cf0e204cf4613dd9315874541f1e5a0b1386b0d	2090	text/xml	2026-10-02T02:45:40+00:00		
cmp_corpus_corporum	nav_12130_1318.xml	https://mlat.uzh.ch/php_modules/navigate.php?load=/12130/1318&group_by=	a6e51c86dfb3954aab82916caa55e88821872a2f7d46ef967962cedba2424a60	3089	text/xml	2026-10-02T02:45:41+00:00		
cmp_corpus_corporum	nav_12130_1318_3172.xml	https://mlat.uzh.ch/php_modules/navigate.php?load=/12130/1318/3172&group_by=	ea4d04abf6ff2aecfb0bbf15921d84efe926b864667a8207a8ea4fc4b6a08543	2104	text/xml	2026-10-02T02:45:42+00:00		
cmp_corpus_corporum	nav_12130_12330.xml	https://mlat.uzh.ch/php_modules/navigate.php?load=/12130/12330&group_by=	33c911d737aac3389fd09e1df1fe23dbdf81f985c569380e33a8ddd04e6113c1	2102	text/xml	2026-10-02T02:45:43+00:00		
cmp_corpus_corporum	nav_12130_12330_12263.xml	https://mlat.uzh.ch/php_modules/navigate.php?load=/12130/12330/12263&group_by=	3bb0dcda94bf5ce2e9e47a8b0445eaa0dcf4ddd2db1854d0dcac9a3ed272da67	2111	text/xml	2026-10-02T02:45:45+00:00		
cmp_corpus_corporum	nav_12130_29.xml	https://mlat.uzh.ch/php_modules/navigate.php?load=/12130/29&group_by=	4bd571d7d99e0ad11966377b0a6af8fb50bf1d6b3ef30dc28556c3339c24b9ba	3759	text/xml	2026-10-02T02:45:46+00:00		
cmp_corpus_corporum	nav_12130_29_18.xml	https://mlat.uzh.ch/php_modules/navigate.php?load=/12130/29/18&group_by=	f76baecd92c5307c762f2cb8c6d8f09de6d0a3c5f6c47156ba6736fcb1ced5b0	1882	text/xml	2026-10-02T02:45:47+00:00		
cmp_corpus_corporum	nav_12130_936.xml	https://mlat.uzh.ch/php_modules/navigate.php?load=/12130/936&group_by=	68b7f46bd483e0c29a4dab2edc5c6a3d87aa906254c37f1b21e3d87280e22c92	2302	text/xml	2026-10-02T02:45:48+00:00		
cmp_corpus_corporum	nav_12130_936_12278.xml	https://mlat.uzh.ch/php_modules/navigate.php?load=/12130/936/12278&group_by=	f98e368577570985a08473b27268f001d6d7f261b77e4212ce374daadf44aceb	2091	text/xml	2026-10-02T02:45:49+00:00		
cmp_corpus_corporum	nav_12130_12331.xml	https://mlat.uzh.ch/php_modules/navigate.php?load=/12130/12331&group_by=	fd9b0a2c916750f2fa1f24365a5a02c2e428922fdb7330c5d6a8588743594d82	1925	text/xml	2026-10-02T02:45:50+00:00		
cmp_corpus_corporum	nav_12130_12331_12294.xml	https://mlat.uzh.ch/php_modules/navigate.php?load=/12130/12331/12294&group_by=	eb7a54d8cd43b4fd9c2c297f8471c0731cf78dc353e7cea0f9e23c29c3bf547c	2149	text/xml	2026-10-02T02:45:51+00:00		
cmp_corpus_corporum	nav_12130_12332.xml	https://mlat.uzh.ch/php_modules/navigate.php?load=/12130/12332&group_by=	2c5244df40c24aa2608b097b073a8b2445d0edea497e2e2e94762c379564420f	1954	text/xml	2026-10-02T02:45:52+00:00		
cmp_corpus_corporum	nav_12130_12332_12223.xml	https://mlat.uzh.ch/php_modules/navigate.php?load=/12130/12332/12223&group_by=	44e2af9c66e5c7db14abde4c7b9d78da0fcb10386edc500cc098ff6dbe094e09	2152	text/xml	2026-10-02T02:45:53+00:00		
cmp_corpus_corporum	nav_12130_12333.xml	https://mlat.uzh.ch/php_modules/navigate.php?load=/12130/12333&group_by=	2991486a1703a676300314247e9ce4758fb10a52612db9efff99b98e344289e3	1888	text/xml	2026-10-02T02:45:54+00:00		
cmp_corpus_corporum	nav_12130_12333_12226.xml	https://mlat.uzh.ch/php_modules/navigate.php?load=/12130/12333/12226&group_by=	ff438fc008aca78f4a3f9c55e5478d8e99f56739099afc46f6ac4066c100f99c	2204	text/xml	2026-10-02T02:45:55+00:00		
cmp_corpus_corporum	nav_12130_12334.xml	https://mlat.uzh.ch/php_modules/navigate.php?load=/12130/12334&group_by=	c1d5c8b0d2ed3bb19293e20f8cfad3f70d7524a463bb8997dd156ac2f4fc5287	2415	text/xml	2026-10-02T02:45:56+00:00		
cmp_corpus_corporum	nav_12130_12334_12255.xml	https://mlat.uzh.ch/php_modules/navigate.php?load=/12130/12334/12255&group_by=	e62147a5651833caffaac298ead178b311375eab76e9204b5ac0a4c2f67aadc4	2132	text/xml	2026-10-02T02:45:57+00:00		
cmp_corpus_corporum	nav_12130_12335.xml	https://mlat.uzh.ch/php_modules/navigate.php?load=/12130/12335&group_by=	6f36f49e3fc0bec4f5bc31da2f7f3dcc981c85caff1a8e4169ff0ac74f63b4aa	1910	text/xml	2026-10-02T02:45:58+00:00		
cmp_corpus_corporum	nav_12130_12335_12256.xml	https://mlat.uzh.ch/php_modules/navigate.php?load=/12130/12335/12256&group_by=	3fda5cc4095c5b6c358d82c233d2538ea252a133f34e1c18348aafab28cac489	2095	text/xml	2026-10-02T02:46:00+00:00		
cmp_corpus_corporum	nav_12130_12336.xml	https://mlat.uzh.ch/php_modules/navigate.php?load=/12130/12336&group_by=	3cc953f9d11739f0aa61619f456c5b4d89a69826963e66894342d44d64abd760	1973	text/xml	2026-10-02T02:46:01+00:00		
cmp_corpus_corporum	nav_12130_12336_12247.xml	https://mlat.uzh.ch/php_modules/navigate.php?load=/12130/12336/12247&group_by=	fff9bf78134caecffabb9d46bad17f2b22db530c8732ad49e8aa7f67c44a38f2	2138	text/xml	2026-10-02T02:46:02+00:00		
cmp_corpus_corporum	nav_12130_12337.xml	https://mlat.uzh.ch/php_modules/navigate.php?load=/12130/12337&group_by=	e7ffdfe96a069a6af05e13b0aa6db0d8b757d61f4718936e39b0c708516dac7e	2024	text/xml	2026-10-02T02:46:03+00:00		
cmp_corpus_corporum	nav_12130_12337_12258.xml	https://mlat.uzh.ch/php_modules/navigate.php?load=/12130/12337/12258&group_by=	4033792bc3e18f5170fa90b57028236c9aaa5fd315fbf0d932e71b92605daf48	2106	text/xml	2026-10-02T02:46:04+00:00		
cmp_corpus_corporum	nav_12130_12338.xml	https://mlat.uzh.ch/php_modules/navigate.php?load=/12130/12338&group_by=	8ca7e5567dfed5249d711597f72b88d2f51ceb1dcbcfc0b8d15b23a23379c46d	2500	text/xml	2026-10-02T02:46:05+00:00		
cmp_corpus_corporum	nav_12130_12338_12222.xml	https://mlat.uzh.ch/php_modules/navigate.php?load=/12130/12338/12222&group_by=	52d47a47e1e36d89d910b19eb098da00a79abe63ed875738e7b3794e8bddc85a	2053	text/xml	2026-10-02T02:46:06+00:00		
cmp_corpus_corporum	nav_12130_12339.xml	https://mlat.uzh.ch/php_modules/navigate.php?load=/12130/12339&group_by=	ae19ced173fee8f3edd3340e85ee0a60767194fb8846e4e0dd5c677e610ee349	3267	text/xml	2026-10-02T02:46:07+00:00		
cmp_corpus_corporum	nav_12130_12339_12249.xml	https://mlat.uzh.ch/php_modules/navigate.php?load=/12130/12339/12249&group_by=	bcfeea2cba528517e9017886c0c8ccb40a1395d090d06db970375a3d0dc17b4c	1987	text/xml	2026-10-02T02:46:08+00:00		
cmp_corpus_corporum	nav_12130_21739.xml	https://mlat.uzh.ch/php_modules/navigate.php?load=/12130/21739&group_by=	5ff6c97ab9d4b7caf26830cb252eaefc23e3d12c00b4b43341465e2ac331644f	2098	text/xml	2026-10-02T02:46:09+00:00		
cmp_corpus_corporum	nav_12130_21739_21740.xml	https://mlat.uzh.ch/php_modules/navigate.php?load=/12130/21739/21740&group_by=	97f931a5fb3a0fb2b3af18792a6ff2efe7e93246d2f694afdf033770b0b15d5b	2199	text/xml	2026-10-02T02:46:11+00:00		
cmp_corpus_corporum	nav_12130_12341.xml	https://mlat.uzh.ch/php_modules/navigate.php?load=/12130/12341&group_by=	07c787c48aacb728b21ffd1593c8c817baa6186f081620decacc968b566d4b45	2045	text/xml	2026-10-02T02:46:12+00:00		
cmp_corpus_corporum	nav_12130_12341_12218.xml	https://mlat.uzh.ch/php_modules/navigate.php?load=/12130/12341/12218&group_by=	d8a35e0c058ff2cc4f9e7e6c09d12a197b5fc56afd8a36df909e2f99cefea5ed	2163	text/xml	2026-10-02T02:46:13+00:00		
cmp_corpus_corporum	nav_12130_12342.xml	https://mlat.uzh.ch/php_modules/navigate.php?load=/12130/12342&group_by=	df74a03da3a0d02b541433b7e641dfafd0c3955e7d691f938dd16bbbcc3e4e4e	16668	text/xml	2026-10-02T02:46:14+00:00		
cmp_corpus_corporum	nav_12130_12342_12219.xml	https://mlat.uzh.ch/php_modules/navigate.php?load=/12130/12342/12219&group_by=	4dda96c558f8f0de83ba636aac3108ebb848cadb8af8d5287557d2e04c13cbfe	2141	text/xml	2026-10-02T02:46:15+00:00		
cmp_corpus_corporum	nav_12130_12342_12227.xml	https://mlat.uzh.ch/php_modules/navigate.php?load=/12130/12342/12227&group_by=	c1edeaa6edb2c2447a4d58aec4812031f7e5568a8f9fc53d9b0fa79c0631c148	2098	text/xml	2026-10-02T02:46:16+00:00		
cmp_corpus_corporum	nav_12130_12342_12234.xml	https://mlat.uzh.ch/php_modules/navigate.php?load=/12130/12342/12234&group_by=	863982e1972bda53cfddb6524c21d968fa0271e05f2e801fef670dcce87af99d	2090	text/xml	2026-10-02T02:46:17+00:00		
cmp_corpus_corporum	nav_12130_12342_12237.xml	https://mlat.uzh.ch/php_modules/navigate.php?load=/12130/12342/12237&group_by=	74c902dcf857bc18110e462ef9d3834b59709f1cc17d8c6de5460648efeaaea6	2105	text/xml	2026-10-02T02:46:19+00:00		
cmp_corpus_corporum	nav_12130_12342_12239.xml	https://mlat.uzh.ch/php_modules/navigate.php?load=/12130/12342/12239&group_by=	0a591aadedc45f4bc2c38a3dddcba43e308b7068eabbace4b1e2d027e44e7889	2119	text/xml	2026-10-02T02:46:20+00:00		
cmp_corpus_corporum	nav_12130_12342_12244.xml	https://mlat.uzh.ch/php_modules/navigate.php?load=/12130/12342/12244&group_by=	48e4718f241fce2ef0c806da3e5687c08e2e76b8e0f0a07432177d895b87639a	2138	text/xml	2026-10-02T02:46:21+00:00		
cmp_corpus_corporum	nav_12130_12342_12261.xml	https://mlat.uzh.ch/php_modules/navigate.php?load=/12130/12342/12261&group_by=	2213005452affcd7de878f50571fad5581944e67bfdb97c339c61110d34a73a5	2138	text/xml	2026-10-02T02:46:22+00:00		
cmp_corpus_corporum	nav_12130_12342_12262.xml	https://mlat.uzh.ch/php_modules/navigate.php?load=/12130/12342/12262&group_by=	286594cae6cfdeb0b47c26eddf47795e5e2749c43ccfdf7179ad6e0edb567b0c	2138	text/xml	2026-10-02T02:46:23+00:00		
cmp_corpus_corporum	nav_12130_12342_12272.xml	https://mlat.uzh.ch/php_modules/navigate.php?load=/12130/12342/12272&group_by=	83952d4397f4cf4ef1c04f2354bb4ee84d5a034d5e5ded4192d15464eaff3786	2107	text/xml	2026-10-02T02:46:24+00:00		
cmp_corpus_corporum	nav_12130_12342_12298.xml	https://mlat.uzh.ch/php_modules/navigate.php?load=/12130/12342/12298&group_by=	5b17df2cdedf3bef867452209d9d40af516f2d668d46e8b2dd031b9f6b525661	2122	text/xml	2026-10-02T02:46:25+00:00		
cmp_corpus_corporum	nav_12130_21634.xml	https://mlat.uzh.ch/php_modules/navigate.php?load=/12130/21634&group_by=	e0edc045e8d6d2bea320c82088c9de70d9698cbbc5eb510510c71e940e8fea22	2035	text/xml	2026-10-02T02:46:26+00:00		
cmp_corpus_corporum	nav_12130_21634_21635.xml	https://mlat.uzh.ch/php_modules/navigate.php?load=/12130/21634/21635&group_by=	b17d2fad7cbc4f758516b2bd39a6bd91138dc5774f11ad0b59cf952d7dd41c29	2457	text/xml	2026-10-02T02:46:27+00:00		
cmp_corpus_corporum	nav_12130_12343.xml	https://mlat.uzh.ch/php_modules/navigate.php?load=/12130/12343&group_by=	6cd80596b798edc59ee0989c7f058614c6be93d3bbd04dddf344b0bac6339a5f	1935	text/xml	2026-10-02T02:46:28+00:00		
cmp_corpus_corporum	nav_12130_12343_12252.xml	https://mlat.uzh.ch/php_modules/navigate.php?load=/12130/12343/12252&group_by=	30310b9debb94899fb233c028679afb388322a79e47d1d81280993f83999164d	2148	text/xml	2026-10-02T02:46:29+00:00		
cmp_corpus_corporum	nav_12130_12344.xml	https://mlat.uzh.ch/php_modules/navigate.php?load=/12130/12344&group_by=	5a76ef2e0afe0f2b8b71bdbca83a7a41f81035c220d8900a4af11672bc96c8d6	2030	text/xml	2026-10-02T02:46:30+00:00		
cmp_corpus_corporum	nav_12130_12344_12281.xml	https://mlat.uzh.ch/php_modules/navigate.php?load=/12130/12344/12281&group_by=	9cd79021db2a8f2adcdb1d5a4f3994d4f4a648af066d78e5c43047012dcc32ac	2095	text/xml	2026-10-02T02:46:31+00:00		
cmp_corpus_corporum	nav_12130_12345.xml	https://mlat.uzh.ch/php_modules/navigate.php?load=/12130/12345&group_by=	3a58f1d74301b288bd6b4b887764feb1cf91e4b47b75ed88770b0970c4b2dd52	2661	text/xml	2026-10-02T02:46:32+00:00		
cmp_corpus_corporum	nav_12130_12345_12235.xml	https://mlat.uzh.ch/php_modules/navigate.php?load=/12130/12345/12235&group_by=	9fb452374cac97f555be9b39c8479f8db6188562455f6ec75c4c0391044bd181	2102	text/xml	2026-10-02T02:46:33+00:00		
cmp_corpus_corporum	nav_12130_12346.xml	https://mlat.uzh.ch/php_modules/navigate.php?load=/12130/12346&group_by=	3f58764e25e6c8d83f21e126085c6308785c0b8f7188c4e80dff30014318de0f	3238	text/xml	2026-10-02T02:46:34+00:00		
cmp_corpus_corporum	nav_12130_12346_12231.xml	https://mlat.uzh.ch/php_modules/navigate.php?load=/12130/12346/12231&group_by=	edb877ad86f0ba3c9909ec8aedfb53b96f6a258a6fba7cc43298858192964e0f	2072	text/xml	2026-10-02T02:46:35+00:00		
cmp_corpus_corporum	nav_12130_12346_12232.xml	https://mlat.uzh.ch/php_modules/navigate.php?load=/12130/12346/12232&group_by=	0972513e343d698a5b79fcf617651b228c11aa275d4f7ac3ca81d40c62dee73b	2087	text/xml	2026-10-02T02:46:36+00:00		
cmp_corpus_corporum	nav_12130_12346_12233.xml	https://mlat.uzh.ch/php_modules/navigate.php?load=/12130/12346/12233&group_by=	b70bdbd1cc49276e6e579459164025ef76af00c6739f9c136799b25b082061c1	2085	text/xml	2026-10-02T02:46:37+00:00		
cmp_corpus_corporum	nav_12130_12347.xml	https://mlat.uzh.ch/php_modules/navigate.php?load=/12130/12347&group_by=	95d130ccb25c36e7daa5e442771dedf24dcab9c25109d8befde5c7bcc04026e8	1928	text/xml	2026-10-02T02:46:38+00:00		
cmp_corpus_corporum	nav_12130_12347_12216.xml	https://mlat.uzh.ch/php_modules/navigate.php?load=/12130/12347/12216&group_by=	cfe96d51ee718a81bffd66dfac15caa210a63c14f4bf93cf2761b4c7efc2e2ff	2010	text/xml	2026-10-02T02:46:38+00:00		
cmp_corpus_corporum	nav_12130_12347_21598.xml	https://mlat.uzh.ch/php_modules/navigate.php?load=/12130/12347/21598&group_by=	f2f8327c964d451d95a72a45bea739ccb76b92fb0bf4e089fcdc8baa527f0ad2	2017	text/xml	2026-10-02T02:46:40+00:00		
cmp_corpus_corporum	nav_12130_12348.xml	https://mlat.uzh.ch/php_modules/navigate.php?load=/12130/12348&group_by=	d0cbb98cb093cee74793c30f7c29a02c13943cad3a48452676e5fb11ddeebd52	2783	text/xml	2026-10-02T02:46:41+00:00		
cmp_corpus_corporum	nav_12130_12348_12276.xml	https://mlat.uzh.ch/php_modules/navigate.php?load=/12130/12348/12276&group_by=	dbd02abad71c5bc7d7396e8a990d30efad9183211358a99965f866fc9a9a55f4	2130	text/xml	2026-10-02T02:46:42+00:00		
cmp_corpus_corporum	nav_12130_12349.xml	https://mlat.uzh.ch/php_modules/navigate.php?load=/12130/12349&group_by=	354128219dac916002030785f8e2ab0a6ff43fcaa17e1876f08e5f2b03589e20	1966	text/xml	2026-10-02T02:46:43+00:00		
cmp_corpus_corporum	nav_12130_12349_12221.xml	https://mlat.uzh.ch/php_modules/navigate.php?load=/12130/12349/12221&group_by=	f35fd5d026db66d1545bf580061c406958319cce6cc6dc50dd3ba6d9f0d78574	1944	text/xml	2026-10-02T02:46:44+00:00		
cmp_corpus_corporum	nav_12130_21595.xml	https://mlat.uzh.ch/php_modules/navigate.php?load=/12130/21595&group_by=	90d55acb45d01f21ef05df5cd371fd665cd306ed8a27cf08bc04a40ba3bdc17d	1875	text/xml	2026-10-02T02:46:45+00:00		
cmp_corpus_corporum	nav_12130_21595_21596.xml	https://mlat.uzh.ch/php_modules/navigate.php?load=/12130/21595/21596&group_by=	47c4e6504034777bc21091265d43d0c447e5a1200eab6fa6c43d628858196a3d	2228	text/xml	2026-10-02T02:46:45+00:00		
cmp_corpus_corporum	nav_12130_12350.xml	https://mlat.uzh.ch/php_modules/navigate.php?load=/12130/12350&group_by=	c0e6cf131afb0d9197ee90179471416e81544d0bbe3ab61b6a99e99a445fe96f	3625	text/xml	2026-10-02T02:46:46+00:00		
cmp_corpus_corporum	nav_12130_12350_12283.xml	https://mlat.uzh.ch/php_modules/navigate.php?load=/12130/12350/12283&group_by=	7d136ade868598e84359c5f29f9c0d23dd04592e091fa0727ed2fc19f0b1934d	2080	text/xml	2026-10-02T02:46:48+00:00		
cmp_corpus_corporum	nav_12130_12350_12284.xml	https://mlat.uzh.ch/php_modules/navigate.php?load=/12130/12350/12284&group_by=	d6f28553e5afd74418238805d2828add8af8c2c68dd47632fd53d65a9a4e03f8	2074	text/xml	2026-10-02T02:46:49+00:00		
cmp_corpus_corporum	nav_12130_12350_12291.xml	https://mlat.uzh.ch/php_modules/navigate.php?load=/12130/12350/12291&group_by=	8b808e1a3f77581b898a5cbc369ce72137017d856728342e38aff39bfd21e584	1968	text/xml	2026-10-02T02:46:50+00:00		
cmp_corpus_corporum	nav_12130_12351.xml	https://mlat.uzh.ch/php_modules/navigate.php?load=/12130/12351&group_by=	18a85989ed157ef3565efbe0fa3e2a6b91872d991aa0d6191e81cc1b323bb39c	3965	text/xml	2026-10-02T02:46:51+00:00		
cmp_corpus_corporum	nav_12130_12351_12280.xml	https://mlat.uzh.ch/php_modules/navigate.php?load=/12130/12351/12280&group_by=	b072242f71546ecfaa2d4c5870e8805c19a6ca420bde6992b52c5e0e68670d36	2085	text/xml	2026-10-02T02:46:52+00:00		
cmp_corpus_corporum	nav_12130_12352.xml	https://mlat.uzh.ch/php_modules/navigate.php?load=/12130/12352&group_by=	2a3be7fb83a676431b685abc83ab31c2ee88455697d6b4223117be7e71ac995d	2014	text/xml	2026-10-02T02:46:53+00:00		
cmp_corpus_corporum	nav_12130_12352_12246.xml	https://mlat.uzh.ch/php_modules/navigate.php?load=/12130/12352/12246&group_by=	31ac5353f5a9e0802241c803fc30d6563e241d85f0e5d67514f4ba14be94d7a4	2078	text/xml	2026-10-02T02:46:54+00:00		
cmp_corpus_corporum	nav_12130_12353.xml	https://mlat.uzh.ch/php_modules/navigate.php?load=/12130/12353&group_by=	4e8b3fa664cb747cc19237e96664f10eba1de5aafa21adf684f5d4d5ebc0cd1a	2293	text/xml	2026-10-02T02:46:55+00:00		
cmp_corpus_corporum	nav_12130_12353_12259.xml	https://mlat.uzh.ch/php_modules/navigate.php?load=/12130/12353/12259&group_by=	35e7e0ef45cf63485fbf3c056665e7c75704ad3cc1431428759463b14ef0a6e7	2091	text/xml	2026-10-02T02:46:56+00:00		
cmp_corpus_corporum	nav_12130_12354.xml	https://mlat.uzh.ch/php_modules/navigate.php?load=/12130/12354&group_by=	7ff6375b074a58f9d7466a00817444a712f027d9c55f07dfa2850cd3a46afdfd	3673	text/xml	2026-10-02T02:46:58+00:00		
cmp_corpus_corporum	nav_12130_12354_12229.xml	https://mlat.uzh.ch/php_modules/navigate.php?load=/12130/12354/12229&group_by=	1e4b7196a55f853d82db11b3f0508623eacae99ad97845c325ebb0d9fe294ed7	2056	text/xml	2026-10-02T02:46:59+00:00		
cmp_corpus_corporum	nav_12130_12354_12243.xml	https://mlat.uzh.ch/php_modules/navigate.php?load=/12130/12354/12243&group_by=	22f3a6ef43faad4e3ee36d155459e521e0b82dc0b72a439f353fc0b83209bcb5	2065	text/xml	2026-10-02T02:47:00+00:00		
cmp_corpus_corporum	nav_12130_12355.xml	https://mlat.uzh.ch/php_modules/navigate.php?load=/12130/12355&group_by=	e30fd7923c1af8bdb655a9926c650df620e0d4ef1f623abd4c73fa9181966900	2023	text/xml	2026-10-02T02:47:01+00:00		
cmp_corpus_corporum	nav_12130_12355_12271.xml	https://mlat.uzh.ch/php_modules/navigate.php?load=/12130/12355/12271&group_by=	cdad157283736b6e96442988a83e108609b361249739d0412dc8b243615935c6	2067	text/xml	2026-10-02T02:47:02+00:00		
cmp_corpus_corporum	nav_12130_12356.xml	https://mlat.uzh.ch/php_modules/navigate.php?load=/12130/12356&group_by=	5c98efbf31691be2dbd255a265ecf623a510c07c2f069263de62da7e3bc43431	1886	text/xml	2026-10-02T02:47:03+00:00		
cmp_corpus_corporum	nav_12130_12356_12241.xml	https://mlat.uzh.ch/php_modules/navigate.php?load=/12130/12356/12241&group_by=	88247394f589ade7dcb20d84dca81d60094025d209796d91be2ba2bd24abe8f4	2017	text/xml	2026-10-02T02:47:04+00:00		
cmp_corpus_corporum	nav_12130_12357.xml	https://mlat.uzh.ch/php_modules/navigate.php?load=/12130/12357&group_by=	1eb2ddde98eeff6ce14de0f500c197012cc78f18bae6d4c01c429f7662d39b01	2507	text/xml	2026-10-02T02:47:05+00:00		
cmp_corpus_corporum	nav_12130_12357_12250.xml	https://mlat.uzh.ch/php_modules/navigate.php?load=/12130/12357/12250&group_by=	a71ef633104d39bf854cb133446a5d9c949beaf038bbce77d247ea980ffa79d2	2129	text/xml	2026-10-02T02:47:06+00:00		
cmp_corpus_corporum	nav_14008.xml	https://mlat.uzh.ch/php_modules/navigate.php?load=/14008&group_by=	991e9e255961fb8137c475953437721a8dce6fd9c9ac14b992e06a1ea31f6f86	2021	text/xml	2026-10-02T02:47:07+00:00		
cmp_corpus_corporum	nav_14008_15345.xml	https://mlat.uzh.ch/php_modules/navigate.php?load=/14008/15345&group_by=	4d4e65b7c9d38902553787a8d65503c0e119e82752affb0738f80d390dd08f4f	2041	text/xml	2026-10-02T02:47:08+00:00		
cmp_corpus_corporum	nav_14008_15345_15344.xml	https://mlat.uzh.ch/php_modules/navigate.php?load=/14008/15345/15344&group_by=	9662142e0b2df72f281cf348241166dca33e09a32b03a0bd9ca2ca0a88e79b02	2273	text/xml	2026-10-02T02:47:10+00:00		
cmp_corpus_corporum	texts/21744.xml	https://mlat.uzh.ch/php_modules/download.php?idno=21744&type=file-xml	dc3bfedfd8c943fb9354ff293a5bb7844ff1cdf0cc3dc9067a242e5ddd426778	113821	application/octet-stream	2026-10-02T02:47:11+00:00		
cmp_corpus_corporum	texts/12206.xml	https://mlat.uzh.ch/php_modules/download.php?idno=12206&type=file-xml	3f7b7e42950f246f2d0208c7652258ea1de94856c828d566d2928dc3d9cffe28	232756	application/octet-stream	2026-10-02T02:47:11+00:00		
cmp_corpus_corporum	texts/12184.xml	https://mlat.uzh.ch/php_modules/download.php?idno=12184&type=file-xml	67e525c78246bd0e9456b639b47133eca2cad8133081c925ef3bebab5d5f4e68	540405	application/octet-stream	2026-10-02T02:47:11+00:00		
cmp_corpus_corporum	texts/21745.xml	https://mlat.uzh.ch/php_modules/download.php?idno=21745&type=file-xml	956366d40314c711f87ed6982410f28e3a22d57fcac7cd835fb0cdcf298aed5a	41940	application/octet-stream	2026-10-02T02:47:11+00:00		
cmp_corpus_corporum	texts/12153.xml	https://mlat.uzh.ch/php_modules/download.php?idno=12153&type=file-xml	410e5fe1e03479a6cec2b92ba8e237d5ba4b9a538f644ade1cf1e117c8e2b8b6	41162	application/octet-stream	2026-10-02T02:47:11+00:00		
cmp_corpus_corporum	texts/12201.xml	https://mlat.uzh.ch/php_modules/download.php?idno=12201&type=file-xml	576b7012607b41a8399f21b4a55208f31b5064950aeb1a8e0133e71c2dbd44eb	34828	application/octet-stream	2026-10-02T02:47:11+00:00		
cmp_corpus_corporum	texts/12204.xml	https://mlat.uzh.ch/php_modules/download.php?idno=12204&type=file-xml	6b102ecc341a491591f9013433130247017c6ab6a19947bfb8c3cd52ed9357d0	75740	application/octet-stream	2026-10-02T02:47:12+00:00		
cmp_corpus_corporum	texts/12185.xml	https://mlat.uzh.ch/php_modules/download.php?idno=12185&type=file-xml	bacaef43ad10240d9e7fd3edf29a2facc9806209adf3d9ecfc82550496e3597d	19258	application/octet-stream	2026-10-02T02:47:12+00:00		
cmp_corpus_corporum	texts/12213.xml	https://mlat.uzh.ch/php_modules/download.php?idno=12213&type=file-xml	27508430ce2dcacea4be569ef3a7c72b54873941cf962fe22cc3771cbb04a2fd	245950	application/octet-stream	2026-10-02T02:47:13+00:00		
cmp_corpus_corporum	texts/12180.xml	https://mlat.uzh.ch/php_modules/download.php?idno=12180&type=file-xml	05754c59e2e48db8cb9f109699ffbeb2e22595049536dc5f86fdacafe3f81bcb	698873	application/octet-stream	2026-10-02T02:47:13+00:00		
cmp_corpus_corporum	texts/12182.xml	https://mlat.uzh.ch/php_modules/download.php?idno=12182&type=file-xml	d2cb40b7a2a511741d6ea7abd95b3fd0bfd71ce06354acd4e5eb9d16abe7a608	581650	application/octet-stream	2026-10-02T02:47:13+00:00		
cmp_corpus_corporum	texts/12175.xml	https://mlat.uzh.ch/php_modules/download.php?idno=12175&type=file-xml	b4d0a76fe0213984064ecd5e74bf801b692f5f6a92bb6161ea5b54b792b20aec	351617	application/octet-stream	2026-10-02T02:47:14+00:00		
cmp_corpus_corporum	texts/12172.xml	https://mlat.uzh.ch/php_modules/download.php?idno=12172&type=file-xml	2fa850c71001aa3953141f518afa184b95b9afbbe85ccdc5435be60e89611a92	1984930	application/octet-stream	2026-10-02T02:47:15+00:00		
cmp_corpus_corporum	texts/12139.xml	https://mlat.uzh.ch/php_modules/download.php?idno=12139&type=file-xml	2712c993814fc2a26ec8319c9363b0cc1c9ab108e7503cb3d6d06a6830a11704	2424266	application/octet-stream	2026-10-02T02:47:15+00:00		
cmp_corpus_corporum	texts/21748.xml	https://mlat.uzh.ch/php_modules/download.php?idno=21748&type=file-xml	684bfa3c48050d62b12849e47cef18218eac67a38f038092e89033c88a5f3cff	447171	application/octet-stream	2026-10-02T02:47:15+00:00		
cmp_corpus_corporum	texts/12195.xml	https://mlat.uzh.ch/php_modules/download.php?idno=12195&type=file-xml	986f114d2a4e76afd2b9fb125c5adedf36c672c90d78044eca3e547cff5779f6	136667	application/octet-stream	2026-10-02T02:47:15+00:00		
cmp_corpus_corporum	texts/12168.xml	https://mlat.uzh.ch/php_modules/download.php?idno=12168&type=file-xml	f5e29fbfe62f440dc6a91cfb8fdf5fc227e1d30cea6712ce6fc0efa425b8c181	129788	application/octet-stream	2026-10-02T02:47:15+00:00		
cmp_corpus_corporum	texts/12214.xml	https://mlat.uzh.ch/php_modules/download.php?idno=12214&type=file-xml	8dacbe82476a82fa7742740593feed83899a52c45060d2715fa6a390db4e6a1a	44905	application/octet-stream	2026-10-02T02:47:16+00:00		
cmp_corpus_corporum	texts/12157.xml	https://mlat.uzh.ch/php_modules/download.php?idno=12157&type=file-xml	da5a2280bbb4637402672fda48d2461d9744400a1a8ec58c5741b9c53cc141c7	138429	application/octet-stream	2026-10-02T02:47:16+00:00		
cmp_corpus_corporum	texts/21603.xml	https://mlat.uzh.ch/php_modules/download.php?idno=21603&type=file-xml	ce4e7c633ff71a8198c793dd44e93649e54cf2438a83901c67bcb948cf543727	141314	application/octet-stream	2026-10-02T02:47:16+00:00		
cmp_corpus_corporum	texts/12169.xml	https://mlat.uzh.ch/php_modules/download.php?idno=12169&type=file-xml	2b67ce587ff0b8a14d62be2169e0908353f67050fd0e167d6574d326d38cd0c3	95148	application/octet-stream	2026-10-02T02:47:17+00:00		
cmp_corpus_corporum	texts/21613.xml	https://mlat.uzh.ch/php_modules/download.php?idno=21613&type=file-xml	c337987e071abd2a63d293ecc51962e3e62ba38358d0a68e90f4d19539329c49	314515	application/octet-stream	2026-10-02T02:47:17+00:00		
cmp_corpus_corporum	texts/12160.xml	https://mlat.uzh.ch/php_modules/download.php?idno=12160&type=file-xml	d5e0eddc828cb5ccff2c5c8f3e4318343072e1288be0b463a8207c171c86a331	80104	application/octet-stream	2026-10-02T02:47:17+00:00		
cmp_corpus_corporum	texts/12132.xml	https://mlat.uzh.ch/php_modules/download.php?idno=12132&type=file-xml	e16c5a619a1d5699f38c96e99188f79851c829c0070465d31de2d3d5a7f54315	4953737	application/octet-stream	2026-10-02T02:47:18+00:00		
cmp_corpus_corporum	texts/12151.xml	https://mlat.uzh.ch/php_modules/download.php?idno=12151&type=file-xml	f0ca75b7c55d80681a80103e4e71daeddea2d09a28867966b5b77c29b3852091	103648	application/octet-stream	2026-10-02T02:47:18+00:00		
cmp_corpus_corporum	texts/12198.xml	https://mlat.uzh.ch/php_modules/download.php?idno=12198&type=file-xml	eb457fbeec62a2040509cf90735e9fc00778a0292612d5e26de76468ee14b887	483711	application/octet-stream	2026-10-02T02:47:19+00:00		
cmp_corpus_corporum	texts/24940.xml	https://mlat.uzh.ch/php_modules/download.php?idno=24940&type=file-xml	836ce7caf07c74236c041e5796047c51a45463d0c21bec9a871d21e4b7b0987d	92378	application/octet-stream	2026-10-02T02:47:19+00:00		
cmp_corpus_corporum	texts/12205.xml	https://mlat.uzh.ch/php_modules/download.php?idno=12205&type=file-xml	988a70357ddff01de13d9890293c7ea628ddf6201d0fcadebe887d0cf4e39c17	710027	application/octet-stream	2026-10-02T02:47:20+00:00		
cmp_corpus_corporum	texts/12145.xml	https://mlat.uzh.ch/php_modules/download.php?idno=12145&type=file-xml	512bd3c43a7bd75878e204f8a3299f44c4fc6c8ed293f8581741cc90d3221175	88847	application/octet-stream	2026-10-02T02:47:20+00:00		
cmp_corpus_corporum	texts/12179.xml	https://mlat.uzh.ch/php_modules/download.php?idno=12179&type=file-xml	0f748ed294b246e7852b3dd4332cc9ee6e9a145fa9a5b4503132d2369a8bd152	9836828	application/octet-stream	2026-10-02T02:47:20+00:00		
cmp_corpus_corporum	texts/12210.xml	https://mlat.uzh.ch/php_modules/download.php?idno=12210&type=file-xml	ed0462fe8a196c92aa68c634ed7072e44ab19f4633330c461422a5080d7f56c3	201962	application/octet-stream	2026-10-02T02:47:21+00:00		
cmp_corpus_corporum	texts/12189.xml	https://mlat.uzh.ch/php_modules/download.php?idno=12189&type=file-xml	1b37d734da08f53db80397c7b636a36591ac9ab797cc9c8e3e3b2228f5832ed5	330603	application/octet-stream	2026-10-02T02:47:22+00:00		
cmp_corpus_corporum	texts/12181.xml	https://mlat.uzh.ch/php_modules/download.php?idno=12181&type=file-xml	a662dfe50c868a5f70db6b289694ae80b10c61da0abc610f4ae49a8c13e51c51	474957	application/octet-stream	2026-10-02T02:47:22+00:00		
cmp_corpus_corporum	texts/12208.xml	https://mlat.uzh.ch/php_modules/download.php?idno=12208&type=file-xml	8f5bb819ae4fe7d977098b9d6d4a96d4c2f7516b3f7bf524278d961c57a9dc59	87039	application/octet-stream	2026-10-02T02:47:22+00:00		
cmp_corpus_corporum	texts/12203.xml	https://mlat.uzh.ch/php_modules/download.php?idno=12203&type=file-xml	46ba33022f35f6fe52ddb3756ef2874d1d820cadf3127c60451545aeb80fbd57	37211	application/octet-stream	2026-10-02T02:47:22+00:00		
cmp_corpus_corporum	texts/12191.xml	https://mlat.uzh.ch/php_modules/download.php?idno=12191&type=file-xml	1890b6990035ba09f47c3de9a6f59e5bbf70494ca04c189fa0ba6ea422db94ca	58173	application/octet-stream	2026-10-02T02:47:23+00:00		
cmp_corpus_corporum	texts/12193.xml	https://mlat.uzh.ch/php_modules/download.php?idno=12193&type=file-xml	1cb91fd9a661121ca8a6502454d0398a535533237c73947c56d9564f9f42aa58	307131	application/octet-stream	2026-10-02T02:47:23+00:00		
cmp_corpus_corporum	texts/12202.xml	https://mlat.uzh.ch/php_modules/download.php?idno=12202&type=file-xml	9f1a0249566df8733038d941d90a8446b85c93666370be6b0ad584b9fa55b0b7	57497	application/octet-stream	2026-10-02T02:47:23+00:00		
cmp_corpus_corporum	texts/12166.xml	https://mlat.uzh.ch/php_modules/download.php?idno=12166&type=file-xml	f81a1204ae8c34b6dbf9f2da977d2a078487c0465555611476a59c6779c686c7	227379	application/octet-stream	2026-10-02T02:47:24+00:00		
cmp_corpus_corporum	texts/24938.xml	https://mlat.uzh.ch/php_modules/download.php?idno=24938&type=file-xml	796c1325811cd5f76d131e9d4fb3e9a6d4977616f5f555bb085cee33af6519a3	166254	application/octet-stream	2026-10-02T02:47:24+00:00		
cmp_corpus_corporum	texts/12186.xml	https://mlat.uzh.ch/php_modules/download.php?idno=12186&type=file-xml	5dee1464ff9b1c0b3ba3f7b37919e6b8e886628f2252e0b2ccc5ef30b12b73f5	246908	application/octet-stream	2026-10-02T02:47:24+00:00		
cmp_corpus_corporum	texts/12212.xml	https://mlat.uzh.ch/php_modules/download.php?idno=12212&type=file-xml	cd81dda6abe39282c59c6d5a781acc134da31e7b7678e1268727c6426d2a9fc7	39581	application/octet-stream	2026-10-02T02:47:24+00:00		
cmp_corpus_corporum	texts/24936.xml	https://mlat.uzh.ch/php_modules/download.php?idno=24936&type=file-xml	d38f66adacde3ba33774d7e4b1a96ef566d3fd532c1f893a62bda6ca1c1f1b2a	66500	application/octet-stream	2026-10-02T02:47:25+00:00		
cmp_corpus_corporum	texts/21594.xml	https://mlat.uzh.ch/php_modules/download.php?idno=21594&type=file-xml	0a48912cabd09300af250950a9dc7f322e697b4740c4c660a1399cdbb72a5228	445286	application/octet-stream	2026-10-02T02:47:25+00:00		
cmp_corpus_corporum	texts/12209.xml	https://mlat.uzh.ch/php_modules/download.php?idno=12209&type=file-xml	c1d05f4a60f9eb82e35f34ab061cbf9acfa76f7f5f46b3b6c8c5c8f86c4ec464	156819	application/octet-stream	2026-10-02T02:47:26+00:00		
cmp_corpus_corporum	texts/12183.xml	https://mlat.uzh.ch/php_modules/download.php?idno=12183&type=file-xml	e960573798388d85fca438fcb774e6921d74969ef3d949678714a69feae65bd5	1489385	application/octet-stream	2026-10-02T02:47:26+00:00		
cmp_corpus_corporum	texts/12178.xml	https://mlat.uzh.ch/php_modules/download.php?idno=12178&type=file-xml	a78018a164cfe69be96f1540d370896494151b5393927c995ba3d3a2ca478780	6308958	application/octet-stream	2026-10-02T02:47:26+00:00		
cmp_corpus_corporum	texts/12211.xml	https://mlat.uzh.ch/php_modules/download.php?idno=12211&type=file-xml	57c8d28fcd6e821e8efba49b205ac752a74f864b2464d25e5fe021f3fab63562	47216	application/octet-stream	2026-10-02T02:47:27+00:00		
cmp_corpus_corporum	texts/12138.xml	https://mlat.uzh.ch/php_modules/download.php?idno=12138&type=file-xml	c51a8a38b2e6c7fbcc857b1f9bc7b7f588ebb45fa0c77cd56d678a19a764a8cc	111704	application/octet-stream	2026-10-02T02:47:27+00:00		
cmp_corpus_corporum	texts/12194.xml	https://mlat.uzh.ch/php_modules/download.php?idno=12194&type=file-xml	62ed4e47fcf5e3ea7e8cbe9d0362c973f2a03a6846e727a1752d29ef54e4e88b	986553	application/octet-stream	2026-10-02T02:47:27+00:00		
cmp_corpus_corporum	texts/12141.xml	https://mlat.uzh.ch/php_modules/download.php?idno=12141&type=file-xml	8b8eb496ae6c2fd82eaf549bcefa7584102fcd7a4cc62e695491325d44c7255a	91025	application/octet-stream	2026-10-02T02:47:28+00:00		
cmp_corpus_corporum	texts/12170.xml	https://mlat.uzh.ch/php_modules/download.php?idno=12170&type=file-xml	8e843f6c1129ace1a4a260c81d00ba7d94b200297e5822bd8e39ee5b0fcdb046	244881	application/octet-stream	2026-10-02T02:47:28+00:00		
cmp_corpus_corporum	texts/12162.xml	https://mlat.uzh.ch/php_modules/download.php?idno=12162&type=file-xml	b72b5f517c7b44e481e3ffba9707db42c0c090b97d6bd5eb09dec585b3440f57	36620	application/octet-stream	2026-10-02T02:47:28+00:00		
cmp_corpus_corporum	texts/12171.xml	https://mlat.uzh.ch/php_modules/download.php?idno=12171&type=file-xml	30f424abd3df647ca59117b4d2b5ab29dc200f380c4539eb7a1097ee9caf8e3d	363373	application/octet-stream	2026-10-02T02:47:28+00:00		
cmp_corpus_corporum	texts/12173.xml	https://mlat.uzh.ch/php_modules/download.php?idno=12173&type=file-xml	41d07835b871621af955b75a81363b686dc9ce5ba4a28e598cfaab20c7c56890	124117	application/octet-stream	2026-10-02T02:47:29+00:00		
cmp_corpus_corporum	texts/12137.xml	https://mlat.uzh.ch/php_modules/download.php?idno=12137&type=file-xml	d926006d716cab94051882df58d01b19e1d9222c2d5baeb4de283742b33e1242	232164	application/octet-stream	2026-10-02T02:47:29+00:00		
cmp_corpus_corporum	texts/21741.xml	https://mlat.uzh.ch/php_modules/download.php?idno=21741&type=file-xml	8a8307820a856066badc207569d2d45544790e43a7be3b50b607d321e1977a71	970373	application/octet-stream	2026-10-02T02:47:30+00:00		
cmp_corpus_corporum	texts/12134.xml	https://mlat.uzh.ch/php_modules/download.php?idno=12134&type=file-xml	b46ef5d88ed898057e9603da412a9a99ae8cca9397357d4b87f72cd9cee5cb5b	60171	application/octet-stream	2026-10-02T02:47:30+00:00		
cmp_corpus_corporum	texts/12142.xml	https://mlat.uzh.ch/php_modules/download.php?idno=12142&type=file-xml	4635c3c8451cdb212f0774b7e02240dc12d4c818467c04b6c758fcb3748a7aa4	125864	application/octet-stream	2026-10-02T02:47:31+00:00		
cmp_corpus_corporum	texts/12149.xml	https://mlat.uzh.ch/php_modules/download.php?idno=12149&type=file-xml	fc2ab01c621296ed1397fb6ab68bbec6d5fefe9adb00208c3c2aee3577b97132	76247	application/octet-stream	2026-10-02T02:47:31+00:00		
cmp_corpus_corporum	texts/12133.xml	https://mlat.uzh.ch/php_modules/download.php?idno=12133&type=file-xml	9db7041c8a60f240e8b7c62ee307e641aa1db4909fd98ba27883c6d9d0e8b04d	2782282	application/octet-stream	2026-10-02T02:47:31+00:00		
cmp_corpus_corporum	texts/12159.xml	https://mlat.uzh.ch/php_modules/download.php?idno=12159&type=file-xml	000fc70b9afc9c449ec3671d3dc3e5c403d23bfe1fdc1ea2fd009e5a251f982a	25548	application/octet-stream	2026-10-02T02:47:31+00:00		
cmp_corpus_corporum	texts/12152.xml	https://mlat.uzh.ch/php_modules/download.php?idno=12152&type=file-xml	dbcc95f8773fbbfbcd9737b6a0e9985c5220e426e31afe3d755601a046af7f1d	183661	application/octet-stream	2026-10-02T02:47:32+00:00		
cmp_corpus_corporum	texts/12154.xml	https://mlat.uzh.ch/php_modules/download.php?idno=12154&type=file-xml	9a8a78b0a25db0cd83389b0479b11c4ca53b889ea8bf50c23883995c005a7e05	263423	application/octet-stream	2026-10-02T02:47:32+00:00		
cmp_corpus_corporum	texts/12176.xml	https://mlat.uzh.ch/php_modules/download.php?idno=12176&type=file-xml	43971551f11b9207a5fa5919ee8d5f22cc03e4be991978bd9987da367b4d1d23	27025	application/octet-stream	2026-10-02T02:47:32+00:00		
cmp_corpus_corporum	texts/12177.xml	https://mlat.uzh.ch/php_modules/download.php?idno=12177&type=file-xml	cc21d91ca3577f63c81cbc0f5215b9020d689d8aee94c2c7e72691fea6417d56	14067	application/octet-stream	2026-10-02T02:47:32+00:00		
cmp_corpus_corporum	texts/12188.xml	https://mlat.uzh.ch/php_modules/download.php?idno=12188&type=file-xml	c073fabfcbc3bf3690fb6f5aed107ac88762fdd57c2bb61b7b2e919df663bab6	115780	application/octet-stream	2026-10-02T02:47:33+00:00		
cmp_corpus_corporum	texts/12215.xml	https://mlat.uzh.ch/php_modules/download.php?idno=12215&type=file-xml	ea3ab7445a509fe5155471b6ee6a75d407602371a2134c41861caf4556e65319	85253	application/octet-stream	2026-10-02T02:47:33+00:00		
cmp_corpus_corporum	texts/12167.xml	https://mlat.uzh.ch/php_modules/download.php?idno=12167&type=file-xml	7240a5301fa89aac157bcf368f02449d3a45b72739b62b2860cb564bac5435ec	144501	application/octet-stream	2026-10-02T02:47:33+00:00		
cmp_corpus_corporum	texts/21636.xml	https://mlat.uzh.ch/php_modules/download.php?idno=21636&type=file-xml	ae9dda2f41ef21ade650eb0f382ebea508485ee7c7fd9ffda741a9e64d8d69e6	304110	application/octet-stream	2026-10-02T02:47:33+00:00		
cmp_corpus_corporum	texts/12146.xml	https://mlat.uzh.ch/php_modules/download.php?idno=12146&type=file-xml	bdb159f196cb782c98385fb2fa2c5a07e6de501101c129885488964be63ecc39	101962	application/octet-stream	2026-10-02T02:47:34+00:00		
cmp_corpus_corporum	texts/12197.xml	https://mlat.uzh.ch/php_modules/download.php?idno=12197&type=file-xml	cae93075cd02f43f46173d8b5b51d744c0b68674963dcd4d7f3b83c579e91e48	3033071	application/octet-stream	2026-10-02T02:47:34+00:00		
cmp_corpus_corporum	texts/12150.xml	https://mlat.uzh.ch/php_modules/download.php?idno=12150&type=file-xml	4c46dc354b77ce33b04210e918747e5af89cd1f850ba38694d793fbf2f45ac68	129864	application/octet-stream	2026-10-02T02:47:34+00:00		
cmp_corpus_corporum	texts/12148.xml	https://mlat.uzh.ch/php_modules/download.php?idno=12148&type=file-xml	88fd39efc7fcc21b77e2003dc28f69c76e506f51928dcd958855a8a6c93fdb63	48239	application/octet-stream	2026-10-02T02:47:35+00:00		
cmp_corpus_corporum	texts/12147.xml	https://mlat.uzh.ch/php_modules/download.php?idno=12147&type=file-xml	8e36db9ad9cae5188071ab0aa63619227af32e18051e581a08632027796fad5a	84129	application/octet-stream	2026-10-02T02:47:35+00:00		
cmp_corpus_corporum	texts/12131.xml	https://mlat.uzh.ch/php_modules/download.php?idno=12131&type=file-xml	bda35d5e521e27cf084609729076f0a5e8e5f3221252d3f0904318ab37cc94b6	113870	application/octet-stream	2026-10-02T02:47:35+00:00		
cmp_corpus_corporum	texts/21599.xml	https://mlat.uzh.ch/php_modules/download.php?idno=21599&type=file-xml	647444016b45fcce471f15fa3e226589194a34074aefc5bb87700c379ae16120	14672	application/octet-stream	2026-10-02T02:47:35+00:00		
cmp_corpus_corporum	texts/12192.xml	https://mlat.uzh.ch/php_modules/download.php?idno=12192&type=file-xml	db01a82c96ef0d826c393c0976dabccb63f30cc8fa4ec46b0af1a4183d181806	65078	application/octet-stream	2026-10-02T02:47:36+00:00		
cmp_corpus_corporum	texts/21597.xml	https://mlat.uzh.ch/php_modules/download.php?idno=21597&type=file-xml	f83ad090c8b96a9a364c8acf8c3be8006170ff6b2aa43de80ab14efe2ab9d35c	26626	application/octet-stream	2026-10-02T02:47:36+00:00		
cmp_corpus_corporum	texts/12200.xml	https://mlat.uzh.ch/php_modules/download.php?idno=12200&type=file-xml	7d58d910b28795a5522c6509c7b6b05eec201e950a28f29c3553a4615ec246d6	504984	application/octet-stream	2026-10-02T02:47:37+00:00		
cmp_corpus_corporum	texts/12199.xml	https://mlat.uzh.ch/php_modules/download.php?idno=12199&type=file-xml	300d8b0fa7a9d95b733c0065a5bb5c7105e9a875dd64acdb593fbe110ebf371d	1634475	application/octet-stream	2026-10-02T02:47:37+00:00		
cmp_corpus_corporum	texts/12207.xml	https://mlat.uzh.ch/php_modules/download.php?idno=12207&type=file-xml	ddb0c9bcaab8a6abdb3a1649939646e14b292826080ba2d1aa2bbb4dad12b4b2	289023	application/octet-stream	2026-10-02T02:47:37+00:00		
cmp_corpus_corporum	texts/12161.xml	https://mlat.uzh.ch/php_modules/download.php?idno=12161&type=file-xml	960bc22dbc4997ce1a72fe1e81bfb9e3076da7ecdd82a668704008e16ec85eba	262964	application/octet-stream	2026-10-02T02:47:38+00:00		
cmp_corpus_corporum	texts/12196.xml	https://mlat.uzh.ch/php_modules/download.php?idno=12196&type=file-xml	c1619c33eeda0424bdbcdac2baf24376a5d55e4a670dec9b016acffb5a5ccfb0	346453	application/octet-stream	2026-10-02T02:47:38+00:00		
cmp_corpus_corporum	texts/12174.xml	https://mlat.uzh.ch/php_modules/download.php?idno=12174&type=file-xml	99a3b58e6da375f2e35046eade9d46c737c245901a7758b24875a1a955e85d09	76503	application/octet-stream	2026-10-02T02:47:38+00:00		
cmp_corpus_corporum	texts/12144.xml	https://mlat.uzh.ch/php_modules/download.php?idno=12144&type=file-xml	5a7981b45f5187f036f5eb46bfe820a5c197364086ce15367f5f5e5bcc42cb7e	241943	application/octet-stream	2026-10-02T02:47:39+00:00		
cmp_corpus_corporum	texts/12158.xml	https://mlat.uzh.ch/php_modules/download.php?idno=12158&type=file-xml	b6ac2e9ee65acc817f3d0fdff7f172223b46a2aef43a39c6b869a8dc64c8766c	318365	application/octet-stream	2026-10-02T02:47:39+00:00		
cmp_corpus_corporum	texts/12187.xml	https://mlat.uzh.ch/php_modules/download.php?idno=12187&type=file-xml	e8a26f4e593cb4c610acb84906bf158bc68213358e9fbea0e21c2412690b7618	262199	application/octet-stream	2026-10-02T02:47:39+00:00		
cmp_corpus_corporum	texts/12165.xml	https://mlat.uzh.ch/php_modules/download.php?idno=12165&type=file-xml	55a03d12e386296895d1d7ae861781746c9220f973d44d6441cc98e73a248af0	277554	application/octet-stream	2026-10-02T02:47:40+00:00		
cmp_corpus_corporum	texts/15343.xml	https://mlat.uzh.ch/php_modules/download.php?idno=15343&type=file-xml	2cf16d9fa7cc346365451beb99f71faefb40a5273e03b150b08d69cd022861c9	6677700	application/octet-stream	2026-10-02T02:47:41+00:00		
msi_lazarus_2014_davis_2024	davis_2024_msi_post.html	https://manuscriptroadtrip.wordpress.com/2024/09/08/multispectral-imaging-and-the-voynich-manuscript/	f6a8ab2f36adf55c65a7936f700f46adc694c5405e05ea019624ccbdaf8e4923	214707	text/html	2026-10-02T02:48:12+00:00		
msi_lazarus_2014_davis_2024	msi-results3.jpg	https://manuscriptroadtrip.wordpress.com/wp-content/uploads/2024/09/msi-results3.jpg	a35df6b3a93c756fbe51e5e699e6569ae535d5879f38000014c6c4b73f8c5fb8	56968	image/jpeg	2026-10-02T02:48:12+00:00	Sun, 01 Sep 2024 18:12:34 GMT	
msi_lazarus_2014_davis_2024	voynich_01r_bands01-12_rf_cal_r6g4b1.jpg	https://manuscriptroadtrip.wordpress.com/wp-content/uploads/2024/09/voynich_01r_bands01-12_rf_cal_r6g4b1-1.jpg	bdc96043c598be5cba4bed5b59606594a5860b4d439ca8d5b54f5b83d328534e	632333	image/jpeg	2026-10-02T02:48:12+00:00	Sun, 01 Sep 2024 19:50:15 GMT	
msi_lazarus_2014_davis_2024	voynich_102v1_psc.jpg	https://manuscriptroadtrip.wordpress.com/wp-content/uploads/2024/09/voynich_102v1_psc.jpg	606cea9e65c0df05771eadb61cab7d5421fac4fb2d7781f77f05348b0db63665	10357709	image/jpeg	2026-10-02T02:48:13+00:00	Mon, 02 Sep 2024 22:27:09 GMT	
msi_lazarus_2014_davis_2024	1r-vs-marci.png	https://manuscriptroadtrip.wordpress.com/wp-content/uploads/2024/09/1r-vs-marci-12.09.1640.png	e7aa2b28e15fb7478649663de320674f8fdb2deaa8e00a9b63106c1c9b7e1aa3	737630	image/png	2026-10-02T02:48:13+00:00	Sun, 08 Sep 2024 14:23:29 GMT	
msi_lazarus_2014_davis_2024	marci-hand.jpg	https://manuscriptroadtrip.wordpress.com/wp-content/uploads/2024/09/marci-hand.jpg	097a588daca09574f3bedc447fb4348b45701bbc5f8c2bd06cab778dd54552fe	206307	image/jpeg	2026-10-02T02:48:13+00:00	Sun, 08 Sep 2024 13:24:34 GMT	
msi_lazarus_2014_davis_2024	screenshot-678-1.jpg	https://manuscriptroadtrip.wordpress.com/wp-content/uploads/2024/09/screenshot-678-1.jpg	bb3682547678dc201bb6452d71070e2a31d7a09341317ca0e0eb10b772eef0cf	64299	image/jpeg	2026-10-02T02:48:13+00:00	Sun, 01 Sep 2024 19:21:58 GMT	
msi_lazarus_2014_davis_2024	voynich_070v_bands01-22_rffl_cal_med3_r14g16b18_fl-b.jpg	https://manuscriptroadtrip.wordpress.com/wp-content/uploads/2024/09/voynich_070v_bands01-22_rffl_cal_med3_r14g16b18_fl-b.jpg	9b555f4697cf6632bd1d80927bef747248984d15a56206573f461aebaf74b0da	6405919	image/jpeg	2026-10-02T02:48:13+00:00	Mon, 02 Sep 2024 01:29:04 GMT	
msi_lazarus_2014_davis_2024	screenshot-679.jpg	https://manuscriptroadtrip.wordpress.com/wp-content/uploads/2024/09/screenshot-679.jpg	36ded2b78d579105f4bb927f31f4ba543dbd90c5122c3e990199f5b3cac54439	114637	image/jpeg	2026-10-02T02:48:13+00:00	Sun, 01 Sep 2024 20:05:53 GMT	
msi_lazarus_2014_davis_2024	screenshot-675.jpg	https://manuscriptroadtrip.wordpress.com/wp-content/uploads/2024/09/screenshot-675.jpg	7c0309621604c229e12bffb1b0977f5bf542f930e0e3dd40169c6c427e3c639a	565278	image/jpeg	2026-10-02T02:48:13+00:00	Sun, 01 Sep 2024 18:40:05 GMT	
msi_lazarus_2014_davis_2024	screenshot-684.png	https://manuscriptroadtrip.wordpress.com/wp-content/uploads/2024/09/screenshot-684.png	b6a327909d11348166572b9a2326e5b05eacfef66a9433d30696a99b11dd8050	1050927	image/png	2026-10-02T02:48:14+00:00	Mon, 02 Sep 2024 12:44:06 GMT	
msi_lazarus_2014_davis_2024	screenshot-696.png	https://manuscriptroadtrip.wordpress.com/wp-content/uploads/2024/09/screenshot-696.png	977daedbb3bd76fcd0eb38fed09c88ff65045ec0049ad8f3bd4a2e98b587e69b	747218	image/png	2026-10-02T02:48:14+00:00	Wed, 04 Sep 2024 13:38:23 GMT	
msi_lazarus_2014_davis_2024	screenshot-691.png	https://manuscriptroadtrip.wordpress.com/wp-content/uploads/2024/09/screenshot-691.png	0df593a5d8de295008ea8f55039f2c8713d32192d13f4785e2927e8a1038d23d	2084711	image/png	2026-10-02T02:48:14+00:00	Wed, 04 Sep 2024 12:46:55 GMT	
msi_lazarus_2014_davis_2024	screenshot-698.png	https://manuscriptroadtrip.wordpress.com/wp-content/uploads/2024/09/screenshot-698.png	4c724bfb39fa6b68579d8f818dc0b68e6b133b43faf020e6b044f6f112c35ecd	511149	image/png	2026-10-02T02:48:14+00:00	Sat, 07 Sep 2024 02:57:09 GMT	
msi_lazarus_2014_davis_2024	screenshot-701.png	https://manuscriptroadtrip.wordpress.com/wp-content/uploads/2024/09/screenshot-701.png	34a8f45592bd3324811d91119a2b17746361f626b84c76557a0628f3ed15cba9	683000	image/png	2026-10-02T02:48:15+00:00	Sun, 08 Sep 2024 02:03:06 GMT	
yale_ms408a_marci_letter	iiif-manifest.json	https://collections.library.yale.edu/manifests/2041454	6bc47e93c2101c33129a53c41782433f566d15cb7e043b64aa4068ed2999bc72	9473	application/json	2026-10-02T02:51:14+00:00		
yale_ms408a_marci_letter	images/001_1170955.jpg	https://collections.library.yale.edu/iiif/2/1170955/full/full/0/default.jpg	d531036c912a181bf6b61cde36274394a66539d779a2015964019bba9d3ca097	2780906	image/jpeg	2026-10-02T02:51:16+00:00		
yale_ms408a_marci_letter	images/002_15754261.jpg	https://collections.library.yale.edu/iiif/2/15754261/full/full/0/default.jpg	80aa7fe858f735351faacae0b1d6b7839e7efb14d1f627b9bd59ed3c87665adf	4392200	image/jpeg	2026-10-02T02:51:17+00:00		
yale_ms408a_prov_marci	iiif-manifest.json	https://collections.library.yale.edu/manifests/32577170	de6e2a1bf49282787cbc9d118e2039c21d159f7ab22e5122a5792947bb78ac4d	58192	application/json	2026-10-02T02:51:27+00:00		
yale_ms408a_prov_marci	images/004_32577174.jpg	https://collections.library.yale.edu/iiif/2/32577174/full/full/0/default.jpg	733a7cb51a660eadb99691fb6021c2d0fb0529fb392aaa0806511f466dcaa456	6752287	image/jpeg	2026-10-02T02:51:32+00:00		
yale_ms408a_prov_marci	images/002_32577172.jpg	https://collections.library.yale.edu/iiif/2/32577172/full/full/0/default.jpg	a8c2fa7ac3233d87e62b1b46953168627a3b111ea8e5cceedf7fce5d26196cae	8284835	image/jpeg	2026-10-02T02:51:32+00:00		
yale_ms408a_prov_marci	images/003_32577173.jpg	https://collections.library.yale.edu/iiif/2/32577173/full/full/0/default.jpg	01c7f466b5b98c988de39c47692e83c7d6ded352a46dd176b138824fc14ef316	7722943	image/jpeg	2026-10-02T02:51:33+00:00		
yale_ms408a_prov_marci	images/001_32577171.jpg	https://collections.library.yale.edu/iiif/2/32577171/full/full/0/default.jpg	56eccb95b04233bcec877e7b8fbbc8f8ad6b64c8a604c9d321791fc006aa6c05	9003934	image/jpeg	2026-10-02T02:51:33+00:00		
yale_ms408a_prov_marci	images/005_32577175.jpg	https://collections.library.yale.edu/iiif/2/32577175/full/full/0/default.jpg	7abaed122dfa2a470cc323ee163bcccef773adb2a51dfafcd7326dfde900f795	5830028	image/jpeg	2026-10-02T02:51:36+00:00		
yale_ms408a_prov_marci	images/006_32577176.jpg	https://collections.library.yale.edu/iiif/2/32577176/full/full/0/default.jpg	79b82027567bac3995479f9fb4005dd45b0211d20b760aaf1af0eeb36c379e54	5988172	image/jpeg	2026-10-02T02:51:37+00:00		
yale_ms408a_prov_marci	images/008_32577178.jpg	https://collections.library.yale.edu/iiif/2/32577178/full/full/0/default.jpg	5101c989193e3a967950d21d0a765c5fe9ff5ddce8ec930df2d054fbc08833b9	6699135	image/jpeg	2026-10-02T02:51:37+00:00		
yale_ms408a_prov_marci	images/007_32577177.jpg	https://collections.library.yale.edu/iiif/2/32577177/full/full/0/default.jpg	235fdc4024119bb102656100ab45164c66f687e04d990aa25867d3789c5a870c	5659168	image/jpeg	2026-10-02T02:51:37+00:00		
yale_ms408a_prov_marci	images/009_32577179.jpg	https://collections.library.yale.edu/iiif/2/32577179/full/full/0/default.jpg	14e772c9b0ea0e836564e97abd5423f0761abf4389607938eefd0d835fbdb156	6310232	image/jpeg	2026-10-02T02:51:41+00:00		
yale_ms408a_prov_marci	images/011_32577181.jpg	https://collections.library.yale.edu/iiif/2/32577181/full/full/0/default.jpg	9613997e4b48b0bdac048ac272d96b8404c666880f0ba522811ea552e1512773	7352600	image/jpeg	2026-10-02T02:51:42+00:00		
yale_ms408a_prov_marci	images/010_32577180.jpg	https://collections.library.yale.edu/iiif/2/32577180/full/full/0/default.jpg	01c85093352b4543e05445daf252c4ac9db7b27ad74b850444f9c7a34c9e1983	8075107	image/jpeg	2026-10-02T02:51:42+00:00		
yale_ms408a_prov_marci	images/012_32577182.jpg	https://collections.library.yale.edu/iiif/2/32577182/full/full/0/default.jpg	ea61c2e17e849ddc6e185b77df9ffaba212ce1af84a5b5c7b54cc1b6f5b61f4f	8189464	image/jpeg	2026-10-02T02:51:42+00:00		
yale_ms408a_prov_marci	images/015_32577185.jpg	https://collections.library.yale.edu/iiif/2/32577185/full/full/0/default.jpg	a08050a9b4f6c347be1641c499e46254cc8ee2a3c7535179bc497b4c050d67d3	5579911	image/jpeg	2026-10-02T02:51:46+00:00		
yale_ms408a_prov_marci	images/014_32577184.jpg	https://collections.library.yale.edu/iiif/2/32577184/full/full/0/default.jpg	8882e392d44b5d26f9b8ee4f8422077b29e181c19aade2bcd6a9e4f67ce6c759	6270459	image/jpeg	2026-10-02T02:51:47+00:00		
yale_ms408a_prov_marci	images/013_32577183.jpg	https://collections.library.yale.edu/iiif/2/32577183/full/full/0/default.jpg	40c56ab7148c6be0745bb319d12baef57f993786f1b005dd63e24c3d40473fcf	7543635	image/jpeg	2026-10-02T02:51:47+00:00		
yale_ms408a_prov_marci	images/018_32577188.jpg	https://collections.library.yale.edu/iiif/2/32577188/full/full/0/default.jpg	5c20771654f80ee4352d4fc2abdfa3228c832784ee50f4a77e17cc72a3fd791c	7657388	image/jpeg	2026-10-02T02:51:52+00:00		
yale_ms408a_prov_marci	images/020_32577190.jpg	https://collections.library.yale.edu/iiif/2/32577190/full/full/0/default.jpg	2cbfeee6f89a68c6647e578cb1f1c550527777c6685ed6cec2fc86418b957e20	7899541	image/jpeg	2026-10-02T02:51:58+00:00		
yale_ms408a_prov_marci	images/021_32577191.jpg	https://collections.library.yale.edu/iiif/2/32577191/full/full/0/default.jpg	0176f32d208216ca8ea8b1a5f4802d5ceecd1c67b33aae48164e890ea686062a	8028767	image/jpeg	2026-10-02T02:52:03+00:00		
yale_ms408a_prov_marci	images/022_32577192.jpg	https://collections.library.yale.edu/iiif/2/32577192/full/full/0/default.jpg	418c93ca3fdc7d08aa3f37e35210438804afeedf989167f42eaa2fb46980a3af	3278707	image/jpeg	2026-10-02T02:52:05+00:00		
yale_ms408a_prov_marci	images/017_32577187.jpg	https://collections.library.yale.edu/iiif/2/32577187/full/full/0/default.jpg	9a9dd62a9350201fe638ff71178a09896d77e8150c8bfbe605c2f6a2b1fdc44e	4088629	image/jpeg	2026-10-02T02:52:13+00:00		
yale_ms408a_prov_marci	images/024_32577194.jpg	https://collections.library.yale.edu/iiif/2/32577194/full/full/0/default.jpg	45ee43a33df771490dbea534694a29234db577b279eedc2cd807fd00e3bf454e	4799914	image/jpeg	2026-10-02T02:52:17+00:00		
yale_ms408a_prov_marci	images/016_32577186.jpg	https://collections.library.yale.edu/iiif/2/32577186/full/full/0/default.jpg	3f335b82b66e630bd732e4ce7362aa3310e7570248478033268e932a93490b12	3598729	image/jpeg	2026-10-02T02:52:49+00:00		
yale_ms408a_prov_marci	images/026_32577196.jpg	https://collections.library.yale.edu/iiif/2/32577196/full/full/0/default.jpg	615e0226b5f3ebd09a0741a957dc82db533dc6fdb4d8e049a4829c2b887e01d2	7844979	image/jpeg	2026-10-02T02:52:54+00:00		
yale_ms408a_prov_marci	images/023_32577193.jpg	https://collections.library.yale.edu/iiif/2/32577193/full/full/0/default.jpg	d10d82c96f64a9f94be0821d4280b5ed984c6f2566b2efb13cc81c80ff829ec7	3078781	image/jpeg	2026-10-02T02:53:19+00:00		
yale_ms408a_prov_marci	images/019_32577189.jpg	https://collections.library.yale.edu/iiif/2/32577189/full/full/0/default.jpg	3dd38e1c9582191a35cd9ef88efda3dd272501763a2e9be1c0fea665253123fe	7657778	image/jpeg	2026-10-02T02:53:19+00:00		
yale_ms408a_prov_marci	images/025_32577195.jpg	https://collections.library.yale.edu/iiif/2/32577195/full/full/0/default.jpg	3a1cfacf1e1912f2e2b93e8b8b3016526d5b825539a091c660d23aec690944a2	4112802	image/jpeg	2026-10-02T02:53:23+00:00		
yale_ms408a_prov_marci	images/027_32577197.jpg	https://collections.library.yale.edu/iiif/2/32577197/full/full/0/default.jpg	98db2c615b010f0a1c8be213aba256558f7ef8301227ea2f87a00243ee57ae3e	7845259	image/jpeg	2026-10-02T02:54:01+00:00		
yale_ms408a_prov_prague_archives	iiif-manifest.json	https://collections.library.yale.edu/manifests/32577198	8f289ad08eefd8f82b7a99f18c50870c2bb6eec4bf16ec8001c77ba539887f76	395649	application/json	2026-10-02T02:54:03+00:00		
yale_ms408a_prov_prague_archives	images/004_32577202.jpg	https://collections.library.yale.edu/iiif/2/32577202/full/full/0/default.jpg	af2682de3c3d771f75abdcd6ad314f44e1066c89a10cf5d0f23b008a9fe58a5a	3919497	image/jpeg	2026-10-02T02:54:07+00:00		
yale_ms408a_prov_prague_archives	images/001_32577199.jpg	https://collections.library.yale.edu/iiif/2/32577199/full/full/0/default.jpg	063e7f7607f6410097698792654f27f7ea42b8278aafc9815450b98fcc08fec3	8162766	image/jpeg	2026-10-02T02:54:08+00:00		
yale_ms408a_prov_prague_archives	images/002_32577200.jpg	https://collections.library.yale.edu/iiif/2/32577200/full/full/0/default.jpg	77817a75c5c8494caea4c7b1c2e4418cb1e39d6ef4222e6aebef567b65aa8266	8629870	image/jpeg	2026-10-02T02:54:08+00:00		
yale_ms408a_prov_prague_archives	images/005_32577203.jpg	https://collections.library.yale.edu/iiif/2/32577203/full/full/0/default.jpg	c74ca44a5320caa30615be9bdd02f79eee22d7a938d9df12a75be91ea8b43bef	4400299	image/jpeg	2026-10-02T02:54:11+00:00		
yale_ms408a_prov_prague_archives	images/006_32577204.jpg	https://collections.library.yale.edu/iiif/2/32577204/full/full/0/default.jpg	be064b4ac221d2119e9b67acdeff3f2338298eb7b187db250266ec620a5b0ea0	4319248	image/jpeg	2026-10-02T02:54:11+00:00		
yale_ms408a_prov_prague_archives	images/007_32577205.jpg	https://collections.library.yale.edu/iiif/2/32577205/full/full/0/default.jpg	63a94189c5e4f94184d771c1501fc5ff35c158883825b5708b157c1760d7c0e5	3030895	image/jpeg	2026-10-02T02:54:12+00:00		
yale_ms408a_prov_prague_archives	images/009_32577207.jpg	https://collections.library.yale.edu/iiif/2/32577207/full/full/0/default.jpg	50191af6ca93172cc400bb6a12f0cb24b3d3d850742fccd1d26bb2a737feca7f	4518247	image/jpeg	2026-10-02T02:54:15+00:00		
yale_ms408a_prov_prague_archives	images/010_32577208.jpg	https://collections.library.yale.edu/iiif/2/32577208/full/full/0/default.jpg	2b17bedf2084bd15359c65b02f07a7fed1e254e6eef1d26be50f896c8b2e381c	5386178	image/jpeg	2026-10-02T02:54:16+00:00		
yale_ms408a_prov_prague_archives	images/008_32577206.jpg	https://collections.library.yale.edu/iiif/2/32577206/full/full/0/default.jpg	b69a6ab60c229c2b6c9ecc50dbf4cb1eaa63825147c25cefb56efaea4364315a	12112528	image/jpeg	2026-10-02T02:54:16+00:00		
yale_ms408a_prov_prague_archives	images/011_32577209.jpg	https://collections.library.yale.edu/iiif/2/32577209/full/full/0/default.jpg	5725487881b4a7184ac938dda905eb0591f4f33b300db23016ba0eecfcdbdacf	5464273	image/jpeg	2026-10-02T02:54:20+00:00		
yale_ms408a_prov_prague_archives	images/012_32577210.jpg	https://collections.library.yale.edu/iiif/2/32577210/full/full/0/default.jpg	ed423a1cb7f483c00fe0ba413c73e7aff4f0e76f93544c3213c0f881224c52cf	4866068	image/jpeg	2026-10-02T02:54:20+00:00		
yale_ms408a_prov_prague_archives	images/014_32577212.jpg	https://collections.library.yale.edu/iiif/2/32577212/full/full/0/default.jpg	b97c11dd629aaa32c5ffbdfcebd99b4077e025dc0a9c436e8c3324e2cc7db37b	4252454	image/jpeg	2026-10-02T02:54:23+00:00		
yale_ms408a_prov_prague_archives	images/015_32577213.jpg	https://collections.library.yale.edu/iiif/2/32577213/full/full/0/default.jpg	266abe6b667964c05037807061ee699775d65bc8bfd187a9e6979c58dde28b13	4133253	image/jpeg	2026-10-02T02:54:24+00:00		
yale_ms408a_prov_prague_archives	images/017_32577215.jpg	https://collections.library.yale.edu/iiif/2/32577215/full/full/0/default.jpg	4d1fee88f39c15d98669e18665d5fc80f3f3a6e11bc70a81a6b8a9bc099ff407	5041378	image/jpeg	2026-10-02T02:54:28+00:00		
yale_ms408a_prov_prague_archives	images/016_32577214.jpg	https://collections.library.yale.edu/iiif/2/32577214/full/full/0/default.jpg	3860d83bcd2c4955153a03230d3154e8d2db4bdc3f1cb247ff41278deee81a45	5253908	image/jpeg	2026-10-02T02:54:28+00:00		
yale_ms408a_prov_prague_archives	images/019_32577217.jpg	https://collections.library.yale.edu/iiif/2/32577217/full/full/0/default.jpg	03f7cc71949f9a803a7a46adaef569b68d9be123b55e1c12b7c36a0b5df5313f	4483986	image/jpeg	2026-10-02T02:54:32+00:00		
yale_ms408a_prov_prague_archives	images/018_32577216.jpg	https://collections.library.yale.edu/iiif/2/32577216/full/full/0/default.jpg	24d0b5ddba1c0511b19e7c29d6976c0396265de3ba8e9a6bdf8186cd2095b95f	4656559	image/jpeg	2026-10-02T02:54:33+00:00		
yale_ms408a_prov_prague_archives	images/020_32577218.jpg	https://collections.library.yale.edu/iiif/2/32577218/full/full/0/default.jpg	4357b21f0f397efa61b21b689e85a0be9320e8fb5401206c9c552f6867ed50e7	4988990	image/jpeg	2026-10-02T02:54:36+00:00		
yale_ms408a_prov_prague_archives	images/022_32577220.jpg	https://collections.library.yale.edu/iiif/2/32577220/full/full/0/default.jpg	0d574f439ecbfc4f0735fa5342de764b17d8d476792865b47bdd1a185cfef868	4211261	image/jpeg	2026-10-02T02:54:40+00:00		
yale_ms408a_prov_prague_archives	images/021_32577219.jpg	https://collections.library.yale.edu/iiif/2/32577219/full/full/0/default.jpg	bb25e1c59ec6be44e9ded80bee6a153c8da10d10864619e8d169870480b5bfbe	11304888	image/jpeg	2026-10-02T02:54:41+00:00		
yale_ms408a_prov_prague_archives	images/023_32577221.jpg	https://collections.library.yale.edu/iiif/2/32577221/full/full/0/default.jpg	d988755c8d5dd5f4d6d435c0c9adc8a53af1444980a9377ed2f4cb6bc3399a87	4598164	image/jpeg	2026-10-02T02:54:44+00:00		
yale_ms408a_prov_prague_archives	images/024_32577222.jpg	https://collections.library.yale.edu/iiif/2/32577222/full/full/0/default.jpg	9edef59941bae036aa1fda6b8ded5d2850776c38499edbe8c281167da414cddb	5628160	image/jpeg	2026-10-02T02:54:46+00:00		
yale_ms408a_prov_prague_archives	images/025_32577223.jpg	https://collections.library.yale.edu/iiif/2/32577223/full/full/0/default.jpg	a5c4158be3df65958bd4853987a86ee732343fb8c43c34db9cdb812e23a3239d	5644816	image/jpeg	2026-10-02T02:54:48+00:00		
yale_ms408a_prov_prague_archives	images/026_32577224.jpg	https://collections.library.yale.edu/iiif/2/32577224/full/full/0/default.jpg	4fcd90d6213470160579a23d4b5dbd9021a8816d7961f0d51a3090dd82117d18	4795169	image/jpeg	2026-10-02T02:54:50+00:00		
yale_ms408a_prov_prague_archives	images/028_32577226.jpg	https://collections.library.yale.edu/iiif/2/32577226/full/full/0/default.jpg	bf51cba0602640827339857e18439bbb7b23a2c9fd036fe95878522f48a2a8bd	7818398	image/jpeg	2026-10-02T02:54:56+00:00		
yale_ms408a_prov_prague_archives	images/029_32577227.jpg	https://collections.library.yale.edu/iiif/2/32577227/full/full/0/default.jpg	84c5e95f5df2673acb14658a021a38b82f977363846792a2493b942b5305869f	5448925	image/jpeg	2026-10-02T02:55:00+00:00		
yale_ms408a_prov_prague_archives	images/030_32577228.jpg	https://collections.library.yale.edu/iiif/2/32577228/full/full/0/default.jpg	84dd8e69d7eca4c43aa20c8f330fb1011167c033a6fc5793596fcb62a8e4d1f7	4788507	image/jpeg	2026-10-02T02:55:05+00:00		
yale_ms408a_prov_prague_archives	images/031_32577229.jpg	https://collections.library.yale.edu/iiif/2/32577229/full/full/0/default.jpg	e744488914b43462ca7ba4aa9ccb22c237befc848c3b9c258046cb502a36c7aa	4442458	image/jpeg	2026-10-02T02:55:09+00:00		
yale_ms408a_prov_prague_archives	images/003_32577201.jpg	https://collections.library.yale.edu/iiif/2/32577201/full/full/0/default.jpg	31462b5e4f83166ffd4176416db63acbe0ce45784ea84c85e93d2f0e337cec62	4622186	image/jpeg	2026-10-02T02:55:09+00:00		
yale_ms408a_prov_prague_archives	images/033_32577231.jpg	https://collections.library.yale.edu/iiif/2/32577231/full/full/0/default.jpg	1ebcfbf58d1b6e4e3ffdc1b44ea5b39361d91c2133ddd5bbeb9a87d647ec3c06	4246488	image/jpeg	2026-10-02T02:55:13+00:00		
yale_ms408a_prov_prague_archives	images/032_32577230.jpg	https://collections.library.yale.edu/iiif/2/32577230/full/full/0/default.jpg	44ad2848e89cce00d72d185bb1a629877c73fbae74df92ae767a26785611ff28	6601993	image/jpeg	2026-10-02T02:55:13+00:00		
yale_ms408a_prov_prague_archives	images/034_32577232.jpg	https://collections.library.yale.edu/iiif/2/32577232/full/full/0/default.jpg	d42e6a9e4083188c0077ef479898e69f87caeb10b80b1cfc985dc7b97f69e6ee	4492218	image/jpeg	2026-10-02T02:55:17+00:00		
yale_ms408a_prov_prague_archives	images/035_32577233.jpg	https://collections.library.yale.edu/iiif/2/32577233/full/full/0/default.jpg	623e2dde4f0cc5838145ca2be9fd75453711346149dff31ad82c3d3f4b277852	13596045	image/jpeg	2026-10-02T02:55:21+00:00		
yale_ms408a_prov_prague_archives	images/036_32577234.jpg	https://collections.library.yale.edu/iiif/2/32577234/full/full/0/default.jpg	3bfaddd45027b8f0b106f896bc5c2999d7729c618c7010b97ecde33ba13df589	5151738	image/jpeg	2026-10-02T02:55:21+00:00		
yale_ms408a_prov_prague_archives	images/037_32577235.jpg	https://collections.library.yale.edu/iiif/2/32577235/full/full/0/default.jpg	5744151ddaaf2af08352f35044618fb389429edc5d371be86d0c7f234a3ac57e	4697101	image/jpeg	2026-10-02T02:55:25+00:00		
yale_ms408a_prov_prague_archives	images/038_32577236.jpg	https://collections.library.yale.edu/iiif/2/32577236/full/full/0/default.jpg	5bd0ff79ec14b77ad3d72f55437530e12a78b8f1587ac275f3df82b97d1f4ffc	4699421	image/jpeg	2026-10-02T02:55:25+00:00		
yale_ms408a_prov_prague_archives	images/039_32577237.jpg	https://collections.library.yale.edu/iiif/2/32577237/full/full/0/default.jpg	b84ecf42d4884e41c7bf410a8b0ae733db0b56841531c69445b11c0b63a4fcd1	5150888	image/jpeg	2026-10-02T02:55:29+00:00		
yale_ms408a_prov_prague_archives	images/040_32577238.jpg	https://collections.library.yale.edu/iiif/2/32577238/full/full/0/default.jpg	1cfe634521952e94cf3a085fed29808c6c7badeb8ccc01befb4d52755fa994b5	5125267	image/jpeg	2026-10-02T02:55:30+00:00		
yale_ms408a_prov_prague_archives	images/041_32577239.jpg	https://collections.library.yale.edu/iiif/2/32577239/full/full/0/default.jpg	1aef6968ec0d90f53d2a3891fbf49232f420166df4fce21306593557e91c4d49	4722755	image/jpeg	2026-10-02T02:55:33+00:00		
yale_ms408a_prov_prague_archives	images/042_32577240.jpg	https://collections.library.yale.edu/iiif/2/32577240/full/full/0/default.jpg	b761c7087ddda49f2ab034c3a81006ab6485c71741120c2b626a4f2b4c6ae660	6091562	image/jpeg	2026-10-02T02:55:34+00:00		
yale_ms408a_prov_prague_archives	images/043_32577241.jpg	https://collections.library.yale.edu/iiif/2/32577241/full/full/0/default.jpg	f93b4baf9007fd180cf7817db0e30471ff23fd63fba19db1fe00237d89041df6	5503425	image/jpeg	2026-10-02T02:55:37+00:00		
yale_ms408a_prov_prague_archives	images/044_32577242.jpg	https://collections.library.yale.edu/iiif/2/32577242/full/full/0/default.jpg	0ed1f96672b0615128322da126f6ecbf95b1e63a0512314342f2218f73993f27	4616903	image/jpeg	2026-10-02T02:55:38+00:00		
yale_ms408a_prov_prague_archives	images/045_32577243.jpg	https://collections.library.yale.edu/iiif/2/32577243/full/full/0/default.jpg	180aa1132bd6fef2d46512c3ae1a8fd354af86df5c3b142a01f4b4522d489221	5122978	image/jpeg	2026-10-02T02:55:41+00:00		
yale_ms408a_prov_prague_archives	images/046_32577244.jpg	https://collections.library.yale.edu/iiif/2/32577244/full/full/0/default.jpg	970a7e90954a62948e403450029c842a5e3d060047bc8ff03911324c1115a94b	7090999	image/jpeg	2026-10-02T02:55:43+00:00		
yale_ms408a_prov_prague_archives	images/047_32577245.jpg	https://collections.library.yale.edu/iiif/2/32577245/full/full/0/default.jpg	c676439a228d7e83b4bc6d4450bb6b4e3ccc078dcfdf3a658a76af68abeaf9df	5354958	image/jpeg	2026-10-02T02:55:45+00:00		
yale_ms408a_prov_prague_archives	images/048_32577246.jpg	https://collections.library.yale.edu/iiif/2/32577246/full/full/0/default.jpg	11cedfb10352f1ae5e5f25da86f9a263734bd775025e0fb8b646b9dede2e8233	4973663	image/jpeg	2026-10-02T02:55:47+00:00		
yale_ms408a_prov_prague_archives	images/050_32577248.jpg	https://collections.library.yale.edu/iiif/2/32577248/full/full/0/default.jpg	773aee2c9ecc8ea629e547a595c61fa4b2c9faea7ea8aa50a730497ea3e1c543	4703138	image/jpeg	2026-10-02T02:55:51+00:00		
yale_ms408a_prov_prague_archives	images/049_32577247.jpg	https://collections.library.yale.edu/iiif/2/32577247/full/full/0/default.jpg	593f51f6f184ee7e818cfd15b3a3b9280d19bdd388094359748e56e970044aeb	13733522	image/jpeg	2026-10-02T02:55:53+00:00		
yale_ms408a_prov_prague_archives	images/027_32577225.jpg	https://collections.library.yale.edu/iiif/2/32577225/full/full/0/default.jpg	f481be8d98577dfdca9c7ce426d5808b4548599651171a8ea2a8ff9e5c61efed	5340369	image/jpeg	2026-10-02T02:55:55+00:00		
yale_ms408a_prov_prague_archives	images/051_32577249.jpg	https://collections.library.yale.edu/iiif/2/32577249/full/full/0/default.jpg	2c43c1f46914497ee4ce4515bda69108076dc83ea84b1122e6af0cdbb68a9287	5371661	image/jpeg	2026-10-02T02:55:55+00:00		
yale_ms408a_prov_prague_archives	images/052_32577250.jpg	https://collections.library.yale.edu/iiif/2/32577250/full/full/0/default.jpg	d6a2d171f8e74e67ca0dfdb2b8a9174775743d6f5eda025e13cc34174405d5cf	5966106	image/jpeg	2026-10-02T02:55:56+00:00		
yale_ms408a_prov_prague_archives	images/054_32577252.jpg	https://collections.library.yale.edu/iiif/2/32577252/full/full/0/default.jpg	be07d958d2b8e541eb8cb721a802e8d18f9d349931e18eccacd4ea8010761b11	4885813	image/jpeg	2026-10-02T02:55:59+00:00		
yale_ms408a_prov_prague_archives	images/053_32577251.jpg	https://collections.library.yale.edu/iiif/2/32577251/full/full/0/default.jpg	80d5cfbfa056c2c2231a5712c7f32c262008ad13902a4cf06951f17fd168a13c	6257840	image/jpeg	2026-10-02T02:55:59+00:00		
yale_ms408a_prov_prague_archives	images/055_32577253.jpg	https://collections.library.yale.edu/iiif/2/32577253/full/full/0/default.jpg	d4c6f6bd12f07460b58a2547c59275740a7e39899bc1a565352d49cb325d52b0	4632563	image/jpeg	2026-10-02T02:56:00+00:00		
yale_ms408a_prov_prague_archives	images/056_32577254.jpg	https://collections.library.yale.edu/iiif/2/32577254/full/full/0/default.jpg	369e44272711113288f4623fcc2b8ae1ecdbd3c44d425b3f5c857739b3e3459a	8315304	image/jpeg	2026-10-02T02:56:03+00:00		
yale_ms408a_prov_prague_archives	images/058_32577256.jpg	https://collections.library.yale.edu/iiif/2/32577256/full/full/0/default.jpg	2d0c59e48932443941df63d5197ca187f273e632e38d701486de84ef96ae512d	5161951	image/jpeg	2026-10-02T02:56:04+00:00		
yale_ms408a_prov_prague_archives	images/059_32577257.jpg	https://collections.library.yale.edu/iiif/2/32577257/full/full/0/default.jpg	1e24b165835c8463a76fe40f2fb6e4df05b3d81e6b7a51bbb6f66656058fe497	5242613	image/jpeg	2026-10-02T02:56:07+00:00		
yale_ms408a_prov_prague_archives	images/060_32577258.jpg	https://collections.library.yale.edu/iiif/2/32577258/full/full/0/default.jpg	d3c224bd05bbc155f150294c72303631d7095ef272c3fb2ece42ac346af616f9	7884690	image/jpeg	2026-10-02T02:56:09+00:00		
yale_ms408a_prov_prague_archives	images/062_32577260.jpg	https://collections.library.yale.edu/iiif/2/32577260/full/full/0/default.jpg	ec3e983e27193662f988ac7b59fbf9d28d0547b257f3ec9f98286222a9d1dc29	5393062	image/jpeg	2026-10-02T02:56:13+00:00		
yale_ms408a_prov_prague_archives	images/061_32577259.jpg	https://collections.library.yale.edu/iiif/2/32577259/full/full/0/default.jpg	94df01a79ce5064af458412dc5ff381d2e85277980597e58355b23186dd93c7e	14439655	image/jpeg	2026-10-02T02:56:16+00:00		
yale_ms408a_prov_prague_archives	images/063_32577261.jpg	https://collections.library.yale.edu/iiif/2/32577261/full/full/0/default.jpg	617a84c43cc49e0cc497a70eea195e83779ca19eb4657038f20dc648015194ee	4214418	image/jpeg	2026-10-02T02:56:16+00:00		
yale_ms408a_prov_prague_archives	images/065_32577263.jpg	https://collections.library.yale.edu/iiif/2/32577263/full/full/0/default.jpg	9d96e71dff2c71663d293d8b8fed22db0df6333ace1f75bad741288e65fa4012	4502798	image/jpeg	2026-10-02T02:56:20+00:00		
yale_ms408a_prov_prague_archives	images/066_32577264.jpg	https://collections.library.yale.edu/iiif/2/32577264/full/full/0/default.jpg	5b736c5827713270afe90cb1d72187a5cdc243146316ac090619092463006f35	5005866	image/jpeg	2026-10-02T02:56:24+00:00		
yale_ms408a_prov_prague_archives	images/013_32577211.jpg	https://collections.library.yale.edu/iiif/2/32577211/full/full/0/default.jpg	6b9d047f6352949bb302dacae2f90cbb2cfe5071800b65c185dc096fb2a737a0	4861334	image/jpeg	2026-10-02T02:56:26+00:00		
yale_ms408a_prov_prague_archives	images/067_32577265.jpg	https://collections.library.yale.edu/iiif/2/32577265/full/full/0/default.jpg	c7205e5d7e842971d4ae1b334f1887a892cdcb5c6a18763b8612d332e7482f40	5183331	image/jpeg	2026-10-02T02:56:29+00:00		
yale_ms408a_prov_prague_archives	images/068_32577266.jpg	https://collections.library.yale.edu/iiif/2/32577266/full/full/0/default.jpg	36bc43b05a222a064f33db534d1863f2cd541ec8f31c7fb17580628791954bd5	4434696	image/jpeg	2026-10-02T02:56:30+00:00		
yale_ms408a_prov_prague_archives	images/069_32577267.jpg	https://collections.library.yale.edu/iiif/2/32577267/full/full/0/default.jpg	0a3346388131b24ed3d25bf824a9afe7836f5728e7eadb89084f5d3360e7b980	4585389	image/jpeg	2026-10-02T02:56:33+00:00		
yale_ms408a_prov_prague_archives	images/070_32577268.jpg	https://collections.library.yale.edu/iiif/2/32577268/full/full/0/default.jpg	4986639ac8586fe11c4c47e551b91517a325bf5220eaf00f1d6c44cb9eeda0c3	5020271	image/jpeg	2026-10-02T02:56:35+00:00		
yale_ms408a_prov_prague_archives	images/071_32577269.jpg	https://collections.library.yale.edu/iiif/2/32577269/full/full/0/default.jpg	5d2879bb0d0c2d98b4126de5b9542a70d340674d7e9686988d7751dce56b88da	5288941	image/jpeg	2026-10-02T02:56:36+00:00		
yale_ms408a_prov_prague_archives	images/073_32577271.jpg	https://collections.library.yale.edu/iiif/2/32577271/full/full/0/default.jpg	1e701c4200eb00687ddfea5f4df44ad1c5686f7c38c20c48a72f82cbb72089ef	4598160	image/jpeg	2026-10-02T02:56:40+00:00		
yale_ms408a_prov_prague_archives	images/074_32577272.jpg	https://collections.library.yale.edu/iiif/2/32577272/full/full/0/default.jpg	b76aa2b2bf73c4260b6725de84cebe279a40a07d131c5bdb7013bb853ecf7854	5162307	image/jpeg	2026-10-02T02:56:44+00:00		
yale_ms408a_prov_prague_archives	images/075_32577273.jpg	https://collections.library.yale.edu/iiif/2/32577273/full/full/0/default.jpg	03f33271acd5429829402d90e212a8b5f9309884845b978c4e27e84c3390532c	5964220	image/jpeg	2026-10-02T02:56:49+00:00		
yale_ms408a_prov_prague_archives	images/076_32577274.jpg	https://collections.library.yale.edu/iiif/2/32577274/full/full/0/default.jpg	0ae26b32cdd975f93305996e48fb9420138935dbed24e0c0364dac5c1c454672	5130553	image/jpeg	2026-10-02T02:56:54+00:00		
yale_ms408a_prov_prague_archives	images/077_32577275.jpg	https://collections.library.yale.edu/iiif/2/32577275/full/full/0/default.jpg	956bb1a32dc5affa99408fb94ef96b10e0cb6c008ac5ce358d2a279a97a3aa7a	4586195	image/jpeg	2026-10-02T02:56:58+00:00		
yale_ms408a_prov_prague_archives	images/057_32577255.jpg	https://collections.library.yale.edu/iiif/2/32577255/full/full/0/default.jpg	b03c0a91c9af67c62f33e7a6771eb7494ee60526ba7967d2baffc8359ef549d1	8288002	image/jpeg	2026-10-02T02:57:06+00:00		
yale_ms408a_prov_prague_archives	images/079_32577277.jpg	https://collections.library.yale.edu/iiif/2/32577277/full/full/0/default.jpg	ae793d22d05e440f0a0e2e35d4d8eae0eaccfd530e1b9301949e67ba07054a0d	6671080	image/jpeg	2026-10-02T02:57:10+00:00		
yale_ms408a_prov_prague_archives	images/080_32577278.jpg	https://collections.library.yale.edu/iiif/2/32577278/full/full/0/default.jpg	28cc6e1eb2fefc6dd542f9c3503a92fad7e1dc83d70c5be234b07b7c89ed170d	4694766	image/jpeg	2026-10-02T02:57:14+00:00		
yale_ms408a_prov_prague_archives	images/081_32577279.jpg	https://collections.library.yale.edu/iiif/2/32577279/full/full/0/default.jpg	40ff6c7ae44085cb7a9ca05fea7b5c44a4f187c384f37cd46a1ea8d89f6f90ca	4894573	image/jpeg	2026-10-02T02:57:18+00:00		
yale_ms408a_prov_prague_archives	images/082_32577280.jpg	https://collections.library.yale.edu/iiif/2/32577280/full/full/0/default.jpg	ccb53f24c49b892d8deb1f8f303742f62981f11fd60b52bd76db88ee001a0272	5292573	image/jpeg	2026-10-02T02:57:22+00:00		
yale_ms408a_prov_prague_archives	images/064_32577262.jpg	https://collections.library.yale.edu/iiif/2/32577262/full/full/0/default.jpg	88e39925122e8919f8cca86c18924b0838163ebc4f0f132fd49a688e2ada603b	15778475	image/jpeg	2026-10-02T02:57:26+00:00		
yale_ms408a_prov_prague_archives	images/072_32577270.jpg	https://collections.library.yale.edu/iiif/2/32577270/full/full/0/default.jpg	da9a810126898b4efa2bcb2c2ec0e4a2ced17c116062b433b8158a78f54f90c9	4581827	image/jpeg	2026-10-02T02:57:41+00:00		
yale_ms408a_prov_prague_archives	images/085_32577283.jpg	https://collections.library.yale.edu/iiif/2/32577283/full/full/0/default.jpg	42fb11282087e8398d7a2c7114c0c469bd5c4926a2770599df75c91d4a42376c	4593362	image/jpeg	2026-10-02T02:57:45+00:00		
yale_ms408a_prov_prague_archives	images/086_32577284.jpg	https://collections.library.yale.edu/iiif/2/32577284/full/full/0/default.jpg	e0fb74a219209ba1bad9cabb5c4c94ea157f14662a4a6b57e7ef10d78b2049d0	5406873	image/jpeg	2026-10-02T02:57:49+00:00		
yale_ms408a_prov_prague_archives	images/087_32577285.jpg	https://collections.library.yale.edu/iiif/2/32577285/full/full/0/default.jpg	959709a1b4062578ad6f80fc596f5e696cad38aceaf7a5bbb186572b791730db	5390153	image/jpeg	2026-10-02T02:57:53+00:00		
yale_ms408a_prov_prague_archives	images/078_32577276.jpg	https://collections.library.yale.edu/iiif/2/32577276/full/full/0/default.jpg	055eaaa5a8c89f67099cb9bae2a7878d33bb4397c392044c6a4a9ce5c8f7814a	5163140	image/jpeg	2026-10-02T02:57:57+00:00		
yale_ms408a_prov_prague_archives	images/089_32577287.jpg	https://collections.library.yale.edu/iiif/2/32577287/full/full/0/default.jpg	c1e695281ad94b8b188e82ae4c40e9b5e9423eca2891f6ec3a46c9a09e7be266	5507616	image/jpeg	2026-10-02T02:58:02+00:00		
yale_ms408a_prov_prague_archives	images/090_32577288.jpg	https://collections.library.yale.edu/iiif/2/32577288/full/full/0/default.jpg	2587b50b9b7a0a94d0751d8ea9fa85412461898a886e54ae35fb09f9d1e3b210	4746679	image/jpeg	2026-10-02T02:58:06+00:00		
yale_ms408a_prov_prague_archives	images/091_32577289.jpg	https://collections.library.yale.edu/iiif/2/32577289/full/full/0/default.jpg	f7bab25406a617e71f769713d37296814d29b30e5d2d7040433f2111078e9774	5385956	image/jpeg	2026-10-02T02:58:11+00:00		
yale_ms408a_prov_prague_archives	images/092_32577290.jpg	https://collections.library.yale.edu/iiif/2/32577290/full/full/0/default.jpg	8c61a4f82abae5a64af5ba1359cc3909504461af49a38abcf918ff0c458e92fb	6393785	image/jpeg	2026-10-02T02:58:16+00:00		
yale_ms408a_prov_prague_archives	images/093_32577291.jpg	https://collections.library.yale.edu/iiif/2/32577291/full/full/0/default.jpg	294e1540394be69edfacc4a73c556c6c84411443a362dc873a6019dde16ac4c7	5083489	image/jpeg	2026-10-02T02:58:20+00:00		
yale_ms408a_prov_prague_archives	images/094_32577292.jpg	https://collections.library.yale.edu/iiif/2/32577292/full/full/0/default.jpg	de1a08c251cddd6e45402f03d8b19ebf9c8e7be787c17cfa7e7c411358471975	4425489	image/jpeg	2026-10-02T02:58:23+00:00		
yale_ms408a_prov_prague_archives	images/083_32577281.jpg	https://collections.library.yale.edu/iiif/2/32577281/full/full/0/default.jpg	ffc95a0b485705c241e4fa287744170fa458a3a4eb4b07f2eb292c51ad10a9ae	5342786	image/jpeg	2026-10-02T02:58:28+00:00		
yale_ms408a_prov_prague_archives	images/095_32577293.jpg	https://collections.library.yale.edu/iiif/2/32577293/full/full/0/default.jpg	917009a02514005061b8a0ba4b6e5ceaa6587a6ef8bb2189990cfd4bfc7977ce	10330596	image/jpeg	2026-10-02T02:58:32+00:00		
yale_ms408a_prov_prague_archives	images/096_32577294.jpg	https://collections.library.yale.edu/iiif/2/32577294/full/full/0/default.jpg	81983f5f83f23796b5fcd52bae358baa772d08e5a6f6cb60c179b47c1ca82e27	4831729	image/jpeg	2026-10-02T02:58:32+00:00		
yale_ms408a_prov_prague_archives	images/084_32577282.jpg	https://collections.library.yale.edu/iiif/2/32577282/full/full/0/default.jpg	af9ec609e23a880d60b110f278207d01ca39879903163beb30e4a40ae077c71d	7081622	image/jpeg	2026-10-02T02:58:33+00:00		
yale_ms408a_prov_prague_archives	images/097_32577295.jpg	https://collections.library.yale.edu/iiif/2/32577295/full/full/0/default.jpg	95fa3ddc79f224309c31a531ac3f65a27b9c2820ff85277d8acd797d5cdfdbb7	5427556	image/jpeg	2026-10-02T02:58:35+00:00		
yale_ms408a_prov_prague_archives	images/098_32577296.jpg	https://collections.library.yale.edu/iiif/2/32577296/full/full/0/default.jpg	2f9083700915942fd3539616fd7ebc2d93454769822b4df5d416198f9f274afd	5128215	image/jpeg	2026-10-02T02:58:37+00:00		
yale_ms408a_prov_prague_archives	images/100_32577298.jpg	https://collections.library.yale.edu/iiif/2/32577298/full/full/0/default.jpg	6c1d0618434ef7a93a8bd602e52885c8f278c2a41be0116e9071a9ce9b65a20b	4761485	image/jpeg	2026-10-02T02:58:40+00:00		
yale_ms408a_prov_prague_archives	images/101_32577299.jpg	https://collections.library.yale.edu/iiif/2/32577299/full/full/0/default.jpg	7bbe55a4dfc22520a450d5d3fc9a39bb7921561bef9e37d3a5e44c9f401ac643	5136694	image/jpeg	2026-10-02T02:58:41+00:00		
yale_ms408a_prov_prague_archives	images/103_32577301.jpg	https://collections.library.yale.edu/iiif/2/32577301/full/full/0/default.jpg	f150d537a89a4bcc6ba52235df622f56cc1654aa637b5a9794d9fb626c0f7b91	4237450	image/jpeg	2026-10-02T02:58:45+00:00		
yale_ms408a_prov_prague_archives	images/104_32577302.jpg	https://collections.library.yale.edu/iiif/2/32577302/full/full/0/default.jpg	f62811c8785ba11c9b394fa2700d538d57f6f7824f545b7cad4902b266be3aae	4619702	image/jpeg	2026-10-02T02:58:48+00:00		
yale_ms408a_prov_prague_archives	images/105_32577303.jpg	https://collections.library.yale.edu/iiif/2/32577303/full/full/0/default.jpg	525e65f882e12d442a647081f41418fbfd91c394875a45caec92c74b46ea182e	10118416	image/jpeg	2026-10-02T02:58:56+00:00		
yale_ms408a_prov_prague_archives	images/106_32577304.jpg	https://collections.library.yale.edu/iiif/2/32577304/full/full/0/default.jpg	f862c3a59dc973f4a0735c4bf3dcaaedfff47e4985605352e7bb79239b857e18	4136600	image/jpeg	2026-10-02T02:58:59+00:00		
yale_ms408a_prov_prague_archives	images/088_32577286.jpg	https://collections.library.yale.edu/iiif/2/32577286/full/full/0/default.jpg	f5da863effb30c1c6ef880bc26524ee949498eb5d61744c9d7c2984a58108b81	4717242	image/jpeg	2026-10-02T02:58:59+00:00		
yale_ms408a_prov_prague_archives	images/107_32577305.jpg	https://collections.library.yale.edu/iiif/2/32577305/full/full/0/default.jpg	9060d51967c5d8a1b8b0bc19603af1e2e2779fe1b867d107fb38d310e23816d8	4678279	image/jpeg	2026-10-02T02:59:05+00:00		
yale_ms408a_prov_prague_archives	images/109_32577307.jpg	https://collections.library.yale.edu/iiif/2/32577307/full/full/0/default.jpg	cdda5a9c949aedb1324d91a1f074ebbdf50a2719129c149abbed5ce7862d2a97	4142301	image/jpeg	2026-10-02T02:59:08+00:00		
yale_ms408a_prov_prague_archives	images/108_32577306.jpg	https://collections.library.yale.edu/iiif/2/32577306/full/full/0/default.jpg	3558d0b33501db16764a68f628004a4cdf086c4f03ce01996c14c5fbea5de35f	21671801	image/jpeg	2026-10-02T02:59:10+00:00		
yale_ms408a_prov_prague_archives	images/110_32577308.jpg	https://collections.library.yale.edu/iiif/2/32577308/full/full/0/default.jpg	5431bf658ebe625b779b5bbc2b648a76a78e6006605f3ffeb0c7f07ebb41b556	4304989	image/jpeg	2026-10-02T02:59:12+00:00		
yale_ms408a_prov_prague_archives	images/111_32577309.jpg	https://collections.library.yale.edu/iiif/2/32577309/full/full/0/default.jpg	4ac945114f4f5ebc19f937ba3e3994f0c68e1f1e646b068ed452dc55e156cee6	5373229	image/jpeg	2026-10-02T02:59:15+00:00		
yale_ms408a_prov_prague_archives	images/112_32577310.jpg	https://collections.library.yale.edu/iiif/2/32577310/full/full/0/default.jpg	34117f57e2a12df98175a6c0a0b05d3d240c64f7a7f7c4e8d6a77e8596f4d941	4812094	image/jpeg	2026-10-02T02:59:17+00:00		
yale_ms408a_prov_prague_archives	images/113_32577311.jpg	https://collections.library.yale.edu/iiif/2/32577311/full/full/0/default.jpg	fcd413bd585845ade7821ea986c6243dcff6501499b4f84d2459cd6a707fc44e	5077839	image/jpeg	2026-10-02T02:59:19+00:00		
yale_ms408a_prov_prague_archives	images/114_32577312.jpg	https://collections.library.yale.edu/iiif/2/32577312/full/full/0/default.jpg	b30643b30393dbd4b63bb5bc1999bb9bbc9e1c53c0b3317c118bfa1ad0dff47a	4993324	image/jpeg	2026-10-02T02:59:21+00:00		
yale_ms408a_prov_prague_archives	images/115_32577313.jpg	https://collections.library.yale.edu/iiif/2/32577313/full/full/0/default.jpg	aa58c20ad616359afcc79eff2578c837dac209bb83921b7dbf1f07f5eed66893	4625082	image/jpeg	2026-10-02T02:59:23+00:00		
yale_ms408a_prov_prague_archives	images/117_32577315.jpg	https://collections.library.yale.edu/iiif/2/32577315/full/full/0/default.jpg	6fafa730836a96ce16a904bd460e578e957210dd75f76d1b1804ec5e79934c0d	4598530	image/jpeg	2026-10-02T02:59:27+00:00		
yale_ms408a_prov_prague_archives	images/116_32577314.jpg	https://collections.library.yale.edu/iiif/2/32577314/full/full/0/default.jpg	8b6e7308edac1f829bca332884166bddc78c14dbb4ac217df6576fee756c5442	15922697	image/jpeg	2026-10-02T02:59:29+00:00		
yale_ms408a_prov_prague_archives	images/118_32577316.jpg	https://collections.library.yale.edu/iiif/2/32577316/full/full/0/default.jpg	a4fa8ab1c8dd326ed87c53ac3ec75bbc3d81c9b9fe07a71c2dcbc514411de774	4774437	image/jpeg	2026-10-02T02:59:31+00:00		
yale_ms408a_prov_prague_archives	images/099_32577297.jpg	https://collections.library.yale.edu/iiif/2/32577297/full/full/0/default.jpg	8626e30ad567ad465d85bc53b3b6d224f8553abf96b25b21d802c3d6dffef7d3	4582550	image/jpeg	2026-10-02T02:59:32+00:00		
yale_ms408a_prov_prague_archives	images/119_32577317.jpg	https://collections.library.yale.edu/iiif/2/32577317/full/full/0/default.jpg	a42a86dafef4c0ba0ba0fc5be9fae278f328ab307678ad135db5eab465465a4e	6158878	image/jpeg	2026-10-02T02:59:34+00:00		
yale_ms408a_prov_prague_archives	images/120_32577318.jpg	https://collections.library.yale.edu/iiif/2/32577318/full/full/0/default.jpg	c0f1af409e4a3e9277713b1ad50c19749aacd78432fbb496684236ccd41367b2	5573759	image/jpeg	2026-10-02T02:59:35+00:00		
yale_ms408a_prov_prague_archives	images/121_32577319.jpg	https://collections.library.yale.edu/iiif/2/32577319/full/full/0/default.jpg	59fb1650e744a4f877c211ccdbfd64eb8350d74cab1103e4593e335a370a13c5	4843158	image/jpeg	2026-10-02T02:59:37+00:00		
yale_ms408a_prov_prague_archives	images/122_32577320.jpg	https://collections.library.yale.edu/iiif/2/32577320/full/full/0/default.jpg	f94caca47a3dbdc2194123566f0d1b2f7c5b8dba9ea4574a8702fb5d6842eaae	4535767	image/jpeg	2026-10-02T02:59:37+00:00		
yale_ms408a_prov_prague_archives	images/125_32577323.jpg	https://collections.library.yale.edu/iiif/2/32577323/full/full/0/default.jpg	91c1aa14f905d00a370501b54305724424138fd70c2ef4a6457b2e6c63183bfd	4828816	image/jpeg	2026-10-02T02:59:41+00:00		
yale_ms408a_prov_prague_archives	images/124_32577322.jpg	https://collections.library.yale.edu/iiif/2/32577322/full/full/0/default.jpg	7aa3699d76199e89946dc2965031522f9a7cc33ed5ec84e2e9c3676712da1410	4025041	image/jpeg	2026-10-02T02:59:41+00:00		
yale_ms408a_prov_prague_archives	images/123_32577321.jpg	https://collections.library.yale.edu/iiif/2/32577321/full/full/0/default.jpg	7e2b71bf6d94ad912c2e30c7d7a3ad95a62012c5200d3a830e2daebd9a697f81	10175677	image/jpeg	2026-10-02T02:59:43+00:00		
yale_ms408a_prov_prague_archives	images/126_32577324.jpg	https://collections.library.yale.edu/iiif/2/32577324/full/full/0/default.jpg	d9091a178fcc6e7f4f83c3179108daefe8b411dc58e95c54f513b5c97308ae7c	5365179	image/jpeg	2026-10-02T02:59:45+00:00		
yale_ms408a_prov_prague_archives	images/127_32577325.jpg	https://collections.library.yale.edu/iiif/2/32577325/full/full/0/default.jpg	65135684bcb5a5bc1b8cb83758984f5edbd67b13826bdb9df7e0620e1074845f	5759174	image/jpeg	2026-10-02T02:59:46+00:00		
yale_ms408a_prov_prague_archives	images/128_32577326.jpg	https://collections.library.yale.edu/iiif/2/32577326/full/full/0/default.jpg	62af652f7d3ccb3c44450364433b8bf391f2c57dc957a6ab3671889e65eba989	4694728	image/jpeg	2026-10-02T02:59:47+00:00		
yale_ms408a_prov_prague_archives	images/129_32577327.jpg	https://collections.library.yale.edu/iiif/2/32577327/full/full/0/default.jpg	a79977334425fd45bda678ba5c47c5751090245c55b20ae5cfc07199ff7753e2	3856014	image/jpeg	2026-10-02T02:59:49+00:00		
yale_ms408a_prov_prague_archives	images/102_32577300.jpg	https://collections.library.yale.edu/iiif/2/32577300/full/full/0/default.jpg	4ae20280d1a6d5fa063de85d4f047547ae13d4aa64821d7f3f3f782b6fa4d40b	11048081	image/jpeg	2026-10-02T02:59:49+00:00		
yale_ms408a_prov_prague_archives	images/130_32577328.jpg	https://collections.library.yale.edu/iiif/2/32577328/full/full/0/default.jpg	a330808ffedc64540349abe323a6b4a37147d2bc4c07f7d3e0dda65aed057af6	4145570	image/jpeg	2026-10-02T02:59:49+00:00		
yale_ms408a_prov_prague_archives	images/131_32577329.jpg	https://collections.library.yale.edu/iiif/2/32577329/full/full/0/default.jpg	362fff2c5c74320a07ffb5dd2992560a0ed2e7bd1900bb6f7c086bb70df0be67	3476166	image/jpeg	2026-10-02T02:59:50+00:00		
yale_ms408a_prov_prague_archives	images/134_32577332.jpg	https://collections.library.yale.edu/iiif/2/32577332/full/full/0/default.jpg	bf70879d35cd7f4abc4b50353d706f3a590f0a0623cab17df6652ccf070f0bba	5947259	image/jpeg	2026-10-02T02:59:54+00:00		
yale_ms408a_prov_prague_archives	images/133_32577331.jpg	https://collections.library.yale.edu/iiif/2/32577331/full/full/0/default.jpg	6d1015bce09a9dc84e3097cacc06c1503e47461a0e3b59e9df08a64ac3e03308	8244289	image/jpeg	2026-10-02T02:59:54+00:00		
yale_ms408a_prov_prague_archives	images/135_32577333.jpg	https://collections.library.yale.edu/iiif/2/32577333/full/full/0/default.jpg	3e923603f30824e34b91e6a340c6f70eaf53b036acd0548b00cb771d3b330468	5794802	image/jpeg	2026-10-02T02:59:54+00:00		
yale_ms408a_prov_prague_archives	images/136_32577334.jpg	https://collections.library.yale.edu/iiif/2/32577334/full/full/0/default.jpg	d7961b732ba87247e8698e0abf06e59cb28478d62479e9a0c751ff28eaade673	7584647	image/jpeg	2026-10-02T03:00:01+00:00		
yale_ms408a_prov_prague_archives	images/138_32577336.jpg	https://collections.library.yale.edu/iiif/2/32577336/full/full/0/default.jpg	52038d7acd12f343048df7ec7b666dbb8f4105ac8daeb49f08ba7a119e3f39e6	8697664	image/jpeg	2026-10-02T03:00:02+00:00		
yale_ms408a_prov_prague_archives	images/137_32577335.jpg	https://collections.library.yale.edu/iiif/2/32577335/full/full/0/default.jpg	c922da1af209898d63c0f12e63e0cf0e77cdf19908c61f8adcba12432fd6ac65	10349542	image/jpeg	2026-10-02T03:00:02+00:00		
yale_ms408a_prov_prague_archives	images/140_32577338.jpg	https://collections.library.yale.edu/iiif/2/32577338/full/full/0/default.jpg	16df21d6c40ac0ff0c6f007a8c4e7f68cdc10a1eb33f8633d7eee75d4837488d	8268161	image/jpeg	2026-10-02T03:00:08+00:00		
yale_ms408a_prov_prague_archives	images/141_32577339.jpg	https://collections.library.yale.edu/iiif/2/32577339/full/full/0/default.jpg	b2960c1f85f1112739aea4f4d79f4c0a2b30c5b7dffff44e9651e930b3acf5e4	7985957	image/jpeg	2026-10-02T03:00:08+00:00		
yale_ms408a_prov_prague_archives	images/143_32577341.jpg	https://collections.library.yale.edu/iiif/2/32577341/full/full/0/default.jpg	a0cbe38a79695d2d40a1a24ad9845dcfc5ab151cf3b8dea69de3e5c2797d2b12	6844880	image/jpeg	2026-10-02T03:00:14+00:00		
yale_ms408a_prov_prague_archives	images/142_32577340.jpg	https://collections.library.yale.edu/iiif/2/32577340/full/full/0/default.jpg	fa883a0d0d0d642d37e449815a48b18fe4485a3a979cf121de4af2e691b375cf	9793993	image/jpeg	2026-10-02T03:00:15+00:00		
yale_ms408a_prov_prague_archives	images/145_32577343.jpg	https://collections.library.yale.edu/iiif/2/32577343/full/full/0/default.jpg	96dbd0200cd968f2548091e09cd39ef3f25e5dcc7a849fedd7da8b84da143e83	9870717	image/jpeg	2026-10-02T03:00:21+00:00		
yale_ms408a_prov_prague_archives	images/146_32577344.jpg	https://collections.library.yale.edu/iiif/2/32577344/full/full/0/default.jpg	daa1f8930ae2cca6d80200765a8df7d1ca9e3b7f41e44a9627f35066fcac2acc	9024506	image/jpeg	2026-10-02T03:00:28+00:00		
yale_ms408a_prov_prague_archives	images/147_32577345.jpg	https://collections.library.yale.edu/iiif/2/32577345/full/full/0/default.jpg	99f0c120d8109e3bbe747f44caa3d83814618461abff29c7bf05086bfba206ea	6661325	image/jpeg	2026-10-02T03:00:33+00:00		
yale_ms408a_prov_prague_archives	images/148_32577346.jpg	https://collections.library.yale.edu/iiif/2/32577346/full/full/0/default.jpg	3364c30b39fa76e1c330655c8d30954bec5c8445eb7380157c621f833f080ca0	7369237	image/jpeg	2026-10-02T03:00:38+00:00		
yale_ms408a_prov_prague_archives	images/149_32577347.jpg	https://collections.library.yale.edu/iiif/2/32577347/full/full/0/default.jpg	72c16e0206cd7ce702b06c121ce55be6c001665e62cb78a59e34cae3ab09effc	9178555	image/jpeg	2026-10-02T03:00:44+00:00		
yale_ms408a_prov_prague_archives	images/132_32577330.jpg	https://collections.library.yale.edu/iiif/2/32577330/full/full/0/default.jpg	af840ec6742a0679508c3f7a1e45ea9f584b1e3b8d8f82d6de64abc35c84c1c6	7961605	image/jpeg	2026-10-02T03:00:56+00:00		
yale_ms408a_prov_prague_archives	images/151_32577349.jpg	https://collections.library.yale.edu/iiif/2/32577349/full/full/0/default.jpg	ab4e75bb43057b060f52a84ac79a5c87c64acec1bd2f38691cc514a6fcb7fe30	6780877	image/jpeg	2026-10-02T03:01:01+00:00		
yale_ms408a_prov_prague_archives	images/152_32577350.jpg	https://collections.library.yale.edu/iiif/2/32577350/full/full/0/default.jpg	fe9ec2c849e33624f3e51e449a468b871b3bb4b1050cbf7d64d1a652c099fb05	8033776	image/jpeg	2026-10-02T03:01:07+00:00		
yale_ms408a_prov_prague_archives	images/153_32577351.jpg	https://collections.library.yale.edu/iiif/2/32577351/full/full/0/default.jpg	8b93b798803c991256ba2f5e758d311a489fede1878ef039aaa71fb97fd6434c	9833296	image/jpeg	2026-10-02T03:01:13+00:00		
yale_ms408a_prov_prague_archives	images/154_32577352.jpg	https://collections.library.yale.edu/iiif/2/32577352/full/full/0/default.jpg	3c8f8cc8dce7b329bd824868572c74ace36bb4bffedea1292deb77529281a039	8853127	image/jpeg	2026-10-02T03:01:19+00:00		
yale_ms408a_prov_prague_archives	images/144_32577342.jpg	https://collections.library.yale.edu/iiif/2/32577342/full/full/0/default.jpg	7c1d5a87e01e4e1ddebf5f4dfd930d6dd05180c1cb6fca165d54b5f9893eefff	7799739	image/jpeg	2026-10-02T03:01:21+00:00		
yale_ms408a_prov_prague_archives	images/155_32577353.jpg	https://collections.library.yale.edu/iiif/2/32577353/full/full/0/default.jpg	ad5907c973a469805663ffb12dcf647f44495d715e00c4b3bf5f1497a02779b2	8502915	image/jpeg	2026-10-02T03:01:25+00:00		
yale_ms408a_prov_prague_archives	images/156_32577354.jpg	https://collections.library.yale.edu/iiif/2/32577354/full/full/0/default.jpg	33bc95273c6439467804f0830eb8da896a41d4c10c3af2e4a7ac98ee94854dbc	8945227	image/jpeg	2026-10-02T03:01:28+00:00		
yale_ms408a_prov_prague_archives	images/157_32577355.jpg	https://collections.library.yale.edu/iiif/2/32577355/full/full/0/default.jpg	32921dd8cb8fc149917a69569a4c8021fd680d0d4d80268c187b358f8049ff82	8118122	image/jpeg	2026-10-02T03:01:32+00:00		
yale_ms408a_prov_prague_archives	images/158_32577356.jpg	https://collections.library.yale.edu/iiif/2/32577356/full/full/0/default.jpg	3eb7eb9266ff1c68855c3c5c8b46c0547c1413a991bc5d539e338349e4923549	9611193	image/jpeg	2026-10-02T03:01:34+00:00		
yale_ms408a_prov_prague_archives	images/150_32577348.jpg	https://collections.library.yale.edu/iiif/2/32577348/full/full/0/default.jpg	c10b3c9b81c585f83e8497b5b067716adccad27f02c29f741eb27a7dc708cfef	8968955	image/jpeg	2026-10-02T03:01:52+00:00		
yale_ms408a_prov_prague_archives	images/139_32577337.jpg	https://collections.library.yale.edu/iiif/2/32577337/full/full/0/default.jpg	4e3c9551cdb147c528d32f5f4fcac71cd5d0457874c7977b07fd09277a2a7f9d	8746195	image/jpeg	2026-10-02T03:02:00+00:00		
yale_ms408a_prov_prague_archives	images/159_32577357.jpg	https://collections.library.yale.edu/iiif/2/32577357/full/full/0/default.jpg	513a06b9b0ccfa35b01cd4879cb12881ae9bc714b6fe75836d139359185a4a3e	7105526	image/jpeg	2026-10-02T03:02:39+00:00		
yale_ms408a_prov_prague_archives	images/160_32577358.jpg	https://collections.library.yale.edu/iiif/2/32577358/full/full/0/default.jpg	e9b4e2b80817ffbc6cac72901d23e68b639b3f719eb8fb1bc3057817eff3f549	8149516	image/jpeg	2026-10-02T03:02:42+00:00		
yale_ms408a_prov_prague_archives	images/163_32577361.jpg	https://collections.library.yale.edu/iiif/2/32577361/full/full/0/default.jpg	51badffe33a9b257dc2e52180363739ab10bff7d32600ffd4159daa3bfc7bd8b	8439181	image/jpeg	2026-10-02T03:02:45+00:00		
yale_ms408a_prov_prague_archives	images/165_32577363.jpg	https://collections.library.yale.edu/iiif/2/32577363/full/full/0/default.jpg	dd1908ee5d329e6183bad0190ecd3ca351d87230dd079dd96e6109a4c0257ec3	7944913	image/jpeg	2026-10-02T03:02:51+00:00		
yale_ms408a_prov_prague_archives	images/166_32577364.jpg	https://collections.library.yale.edu/iiif/2/32577364/full/full/0/default.jpg	d3b40c1b96c7e864b6d1d28b1856ae812373c5e216eb6d88e7f45e32e1fca0cf	9698179	image/jpeg	2026-10-02T03:02:57+00:00		
yale_ms408a_prov_prague_archives	images/167_32577365.jpg	https://collections.library.yale.edu/iiif/2/32577365/full/full/0/default.jpg	988c08b1dc35b346bc5faeb14912fa813dccf0c7e18b566454fbcb2187a4d5cf	6789386	image/jpeg	2026-10-02T03:03:04+00:00		
yale_ms408a_prov_prague_archives	images/168_32577366.jpg	https://collections.library.yale.edu/iiif/2/32577366/full/full/0/default.jpg	89dd6f69e75a051dad4b10e97751f6440d1f463556a3369fb688e8fc6bd9959e	5482393	image/jpeg	2026-10-02T03:03:09+00:00		
yale_ms408a_prov_prague_archives	images/169_32577367.jpg	https://collections.library.yale.edu/iiif/2/32577367/full/full/0/default.jpg	670bc3d24ec6547b9194f53fd9887274ef9bb245d5593d3a9ddc38c00bc303a0	5677181	image/jpeg	2026-10-02T03:03:14+00:00		
yale_ms408a_prov_prague_archives	images/170_32577368.jpg	https://collections.library.yale.edu/iiif/2/32577368/full/full/0/default.jpg	1891cbca2bc5e6fb74b083a637f2c4bae921f000ea40cc2baf05112ba5c6c3e6	5646052	image/jpeg	2026-10-02T03:03:19+00:00		
yale_ms408a_prov_prague_archives	images/171_32577369.jpg	https://collections.library.yale.edu/iiif/2/32577369/full/full/0/default.jpg	6bb64aea6f110d31d7663954e06e27bf24e212f1b11ec2ba92b4f7a78085214a	5080650	image/jpeg	2026-10-02T03:03:24+00:00		
yale_ms408a_prov_prague_archives	images/172_32577370.jpg	https://collections.library.yale.edu/iiif/2/32577370/full/full/0/default.jpg	970aec5f9f8d22e0a92a6d2d234916157a6c693279ce2044c0b818409d5969fc	5683353	image/jpeg	2026-10-02T03:03:28+00:00		
yale_ms408a_prov_prague_archives	images/173_32577371.jpg	https://collections.library.yale.edu/iiif/2/32577371/full/full/0/default.jpg	ec4c7759b47844a7db2a668784775500760b3e37dfb98baa59f47a834c1dbc54	5068757	image/jpeg	2026-10-02T03:03:32+00:00		
yale_ms408a_prov_prague_archives	images/174_32577372.jpg	https://collections.library.yale.edu/iiif/2/32577372/full/full/0/default.jpg	a2fee8901fb72f566b96931bf13016e114d2c17b609bad320dbde2da48b66739	990139	image/jpeg	2026-10-02T03:03:35+00:00		
yale_ms408a_prov_prague_archives	images/175_32577373.jpg	https://collections.library.yale.edu/iiif/2/32577373/full/full/0/default.jpg	e3e7a4883a5fe8355f9d9dcc6cca1b6f955f73d7038529d3b06f6e6cd3434622	859045	image/jpeg	2026-10-02T03:03:36+00:00		
yale_ms408a_prov_prague_archives	images/176_32577374.jpg	https://collections.library.yale.edu/iiif/2/32577374/full/full/0/default.jpg	ba7cbbcf9ab02cc0261cfc6c4b45a8da6d81824ff31318c984cfc8ce7ee92233	1787887	image/jpeg	2026-10-02T03:03:38+00:00		
yale_ms408a_prov_prague_archives	images/177_32577375.jpg	https://collections.library.yale.edu/iiif/2/32577375/full/full/0/default.jpg	c2cad2d2d7fb77526db43b57d67dd7dab35cdfea9f89bbc77ee8d5e37e41373e	1796594	image/jpeg	2026-10-02T03:03:40+00:00		
yale_ms408a_prov_prague_archives	images/178_32577376.jpg	https://collections.library.yale.edu/iiif/2/32577376/full/full/0/default.jpg	7eb3e15bb3057f45a53cf76632fa359a2dd98223463aa1abf2de7cd146230eee	648800	image/jpeg	2026-10-02T03:03:40+00:00		
yale_ms408a_prov_prague_archives	images/179_32577377.jpg	https://collections.library.yale.edu/iiif/2/32577377/full/full/0/default.jpg	5362b192dfa4004b8e03dc0933858165141fcbd8e2b5183adf2bb9dd16b86f32	477412	image/jpeg	2026-10-02T03:03:42+00:00		
yale_ms408a_prov_prague_archives	images/180_32577378.jpg	https://collections.library.yale.edu/iiif/2/32577378/full/full/0/default.jpg	c6471e31399c4938033db0f8d72f7f7afdfe3937ce2e65aa3d8984c8d0901b6b	644565	image/jpeg	2026-10-02T03:03:44+00:00		
yale_ms408a_prov_prague_archives	images/181_32577379.jpg	https://collections.library.yale.edu/iiif/2/32577379/full/full/0/default.jpg	7f6a37c69bd0ce28f90787d532c91ebbe7851b0957c5e767dbb80e73fcea8f17	490110	image/jpeg	2026-10-02T03:03:45+00:00		
yale_ms408a_prov_prague_archives	images/182_32577380.jpg	https://collections.library.yale.edu/iiif/2/32577380/full/full/0/default.jpg	64788a0234ba2a2a7ed0666d40158bc85792c810c04a66c32f6aadfbf31b053c	1232967	image/jpeg	2026-10-02T03:03:46+00:00		
yale_ms408a_prov_prague_archives	images/183_32577381.jpg	https://collections.library.yale.edu/iiif/2/32577381/full/full/0/default.jpg	764a84141e5b99c41f82618affcb41a68f34472769828ad11f488c2759eb32b0	1295524	image/jpeg	2026-10-02T03:03:49+00:00		
yale_ms408a_prov_prague_archives	images/164_32577362.jpg	https://collections.library.yale.edu/iiif/2/32577362/full/full/0/default.jpg	eb0146a98ae93eee5ecbfba75c5e611bfad57c4e44155e1b30cdaaf465cf46ae	8689397	image/jpeg	2026-10-02T03:03:50+00:00		
yale_ms408a_prov_prague_archives	images/185_32577383.jpg	https://collections.library.yale.edu/iiif/2/32577383/full/full/0/default.jpg	466db11fc16ec0bdcb78c689dcc82f1f3429dbb8fe35e30050ff5f2a90abc252	1118311	image/jpeg	2026-10-02T03:03:52+00:00		
yale_ms408a_prov_prague_archives	images/184_32577382.jpg	https://collections.library.yale.edu/iiif/2/32577382/full/full/0/default.jpg	650cd869c995cf58ec46cdc92b5d800e810f570ee76da9377b27b24e786e1e3d	1658222	image/jpeg	2026-10-02T03:03:52+00:00		
yale_ms408a_prov_prague_archives	images/186_32577384.jpg	https://collections.library.yale.edu/iiif/2/32577384/full/full/0/default.jpg	96269db5708081f8f0a2de40b9b79d69642bcb2f20d8afa78bea135dffe6d974	964181	image/jpeg	2026-10-02T03:03:53+00:00		
yale_ms408a_prov_prague_archives	images/187_32577385.jpg	https://collections.library.yale.edu/iiif/2/32577385/full/full/0/default.jpg	3ed5d4157a9c33dead5dd96f9407eac7379e6489e0dc653849fd07fe3ae9fc89	1089749	image/jpeg	2026-10-02T03:03:53+00:00		
yale_ms408a_prov_prague_archives	images/189_32577387.jpg	https://collections.library.yale.edu/iiif/2/32577387/full/full/0/default.jpg	fb9cc3e46439464a5ab060081508c22c0ab0999ffafa6bfd5b45776995c4a188	7931553	image/jpeg	2026-10-02T03:03:59+00:00		
yale_ms408a_prov_prague_archives	images/188_32577386.jpg	https://collections.library.yale.edu/iiif/2/32577386/full/full/0/default.jpg	0b7c3978ae9a4a1bc058d1dedaca1247efca4746cd810f1471b9e21ef2241df1	8323892	image/jpeg	2026-10-02T03:04:00+00:00		
yale_ms408a_prov_prague_archives	images/190_32577388.jpg	https://collections.library.yale.edu/iiif/2/32577388/full/full/0/default.jpg	380b1c8dcd8b0ac8236c8a7ef2ec4ebec6cca6177a907e1bdf986718f3c51664	755544	image/jpeg	2026-10-02T03:04:01+00:00		
yale_ms408a_prov_prague_archives	images/191_32577389.jpg	https://collections.library.yale.edu/iiif/2/32577389/full/full/0/default.jpg	9da2e08a83e71ac490db4e5a535f781d3bc120acb09c8bdc6a3f72d2de4df1cb	638018	image/jpeg	2026-10-02T03:04:01+00:00		
yale_ms408a_prov_prague_archives	images/161_32577359.jpg	https://collections.library.yale.edu/iiif/2/32577359/full/full/0/default.jpg	a16c1c9d95e47356a4fbfb4fdd9d189cf4e293b8c29e00bc7760a348c5c23538	9670063	image/jpeg	2026-10-02T03:04:05+00:00		
yale_ms408a_prov_prague_archives	images/192_32577390.jpg	https://collections.library.yale.edu/iiif/2/32577390/full/full/0/default.jpg	1785edbcd15772589f332ae239f178681c597dafeb3d9a4366fccba81e4b2faf	7809168	image/jpeg	2026-10-02T03:04:06+00:00		
yale_ms408a_prov_prague_archives	images/194_32577392.jpg	https://collections.library.yale.edu/iiif/2/32577392/full/full/0/default.jpg	66c0d672cbfe6eb980349155158e4eb9fb3e73b5ef86fd62b5f89cdde8542a54	7855817	image/jpeg	2026-10-02T03:04:10+00:00		
yale_ms408a_prov_prague_archives	images/195_32577393.jpg	https://collections.library.yale.edu/iiif/2/32577393/full/full/0/default.jpg	2475a0b9017dce8784b71adf7b260eec251e52355462421b019f325b9ca3788e	6848926	image/jpeg	2026-10-02T03:04:11+00:00		
yale_ms408a_prov_prague_archives	images/162_32577360.jpg	https://collections.library.yale.edu/iiif/2/32577360/full/full/0/default.jpg	e2bac2b8fae47b068b1418e708678c270eb9bd612aac439f4626ecb64e2ded34	8860115	image/jpeg	2026-10-02T03:04:12+00:00		
yale_ms408a_prov_prague_archives	images/193_32577391.jpg	https://collections.library.yale.edu/iiif/2/32577391/full/full/0/default.jpg	8abc42e09fbe13a36962698f582f129cd7bf3b5aa5de5dc3df17bd9fcdb82d73	6974033	image/jpeg	2026-10-02T03:05:09+00:00		
yale_ms408a_prov_general	iiif-manifest.json	https://collections.library.yale.edu/manifests/32577044	6a91bc758e24f14e3906acc42930365fb37fd24b3d4fb7cd467cfc31eb48ca41	197619	application/json	2026-10-02T03:05:10+00:00		
yale_ms408a_prov_general	images/002_32577046.jpg	https://collections.library.yale.edu/iiif/2/32577046/full/full/0/default.jpg	23967623b50303116c3252c29745cde15f0beb6ae2d5386a7350cfd4e1b78e0c	3119848	image/jpeg	2026-10-02T03:05:13+00:00		
yale_ms408a_prov_general	images/003_32577047.jpg	https://collections.library.yale.edu/iiif/2/32577047/full/full/0/default.jpg	c85ad42c9922433e77984d5dbf808691c08a85037f31505f13aa488fa1b60cd0	3192106	image/jpeg	2026-10-02T03:05:13+00:00		
yale_ms408a_prov_general	images/004_32577048.jpg	https://collections.library.yale.edu/iiif/2/32577048/full/full/0/default.jpg	1290b36710fe84364d216c6c3942f846ce58d670a6e9b2e35471531a90d1ad66	2955082	image/jpeg	2026-10-02T03:05:13+00:00		
yale_ms408a_prov_general	images/005_32577049.jpg	https://collections.library.yale.edu/iiif/2/32577049/full/full/0/default.jpg	0e92af03d62ebaaeb2c6d68006cecc98be06838e7e3d23019bb4be971d3a378e	3058665	image/jpeg	2026-10-02T03:05:16+00:00		
yale_ms408a_prov_general	images/007_32577051.jpg	https://collections.library.yale.edu/iiif/2/32577051/full/full/0/default.jpg	4e98534da3296f54d89c2f581dc4dda47a428e719d1d04d09b26a39b7d39d09c	3375541	image/jpeg	2026-10-02T03:05:16+00:00		
yale_ms408a_prov_general	images/006_32577050.jpg	https://collections.library.yale.edu/iiif/2/32577050/full/full/0/default.jpg	1f4ce1c9e15234ca8a1ba3a29b87abc6483d6da4541bed8f59d992ef9d49487a	3160895	image/jpeg	2026-10-02T03:05:17+00:00		
yale_ms408a_prov_general	images/001_32577045.jpg	https://collections.library.yale.edu/iiif/2/32577045/full/full/0/default.jpg	d3aa5480cb6f49e8884da17178a9bb3378e4d80b5b6c263178fcb405326144de	6941859	image/jpeg	2026-10-02T03:05:17+00:00		
yale_ms408a_prov_general	images/008_32577052.jpg	https://collections.library.yale.edu/iiif/2/32577052/full/full/0/default.jpg	8e80381b35c29e26e87d5c1382818c2d69597c15da77e088037e5cced894e519	3237895	image/jpeg	2026-10-02T03:05:19+00:00		
yale_ms408a_prov_general	images/009_32577053.jpg	https://collections.library.yale.edu/iiif/2/32577053/full/full/0/default.jpg	0c1b0cf8ca21b306ba10422dbc07cd1b69e857c8d57746ef93afdd44a444055e	3177092	image/jpeg	2026-10-02T03:05:19+00:00		
yale_ms408a_prov_general	images/013_32577057.jpg	https://collections.library.yale.edu/iiif/2/32577057/full/full/0/default.jpg	457e0dc9ccb840aeee9773eaded151225b56605bd47970393e6bfb68d39fabf8	1218942	image/jpeg	2026-10-02T03:05:20+00:00		
yale_ms408a_prov_general	images/012_32577056.jpg	https://collections.library.yale.edu/iiif/2/32577056/full/full/0/default.jpg	0eda0ef0ddea4f514e221e03ffafc2ca9449c5f99977a6a786401e80d34f44bd	1443788	image/jpeg	2026-10-02T03:05:20+00:00		
yale_ms408a_prov_general	images/010_32577054.jpg	https://collections.library.yale.edu/iiif/2/32577054/full/full/0/default.jpg	a309b2f35caa09c0bfdb2d8a78bb69456d03b171257815c314bfb98314ccec3a	3152710	image/jpeg	2026-10-02T03:05:21+00:00		
yale_ms408a_prov_general	images/011_32577055.jpg	https://collections.library.yale.edu/iiif/2/32577055/full/full/0/default.jpg	5dca7d14f978fd0d9771177c6c42f19bb3e4a37cf7e9b26a93a9c57e9ee8cb63	2994283	image/jpeg	2026-10-02T03:05:21+00:00		
yale_ms408a_prov_general	images/015_32577059.jpg	https://collections.library.yale.edu/iiif/2/32577059/full/full/0/default.jpg	7dcdda70f855268c94ac633d5ba2c849ac1eacc452db9be112af44a0b5dd852f	2911422	image/jpeg	2026-10-02T03:05:23+00:00		
yale_ms408a_prov_general	images/014_32577058.jpg	https://collections.library.yale.edu/iiif/2/32577058/full/full/0/default.jpg	2612bd90421891f7064736002b0182c71fbc14aeb2958983e2108c726a7fa77e	3039264	image/jpeg	2026-10-02T03:05:23+00:00		
yale_ms408a_prov_general	images/016_32577060.jpg	https://collections.library.yale.edu/iiif/2/32577060/full/full/0/default.jpg	85b9011cb9d27020e48a59d2735f92d73b5bdcdded4816e5776cb69c1a2b59ba	3210424	image/jpeg	2026-10-02T03:05:23+00:00		
yale_ms408a_prov_general	images/017_32577061.jpg	https://collections.library.yale.edu/iiif/2/32577061/full/full/0/default.jpg	6aa84df86878f1aa9b65aaa876ab53a8501584af9446e434f67cb8755f97b1a1	3157751	image/jpeg	2026-10-02T03:05:23+00:00		
yale_ms408a_prov_general	images/020_32577064.jpg	https://collections.library.yale.edu/iiif/2/32577064/full/full/0/default.jpg	40f39ed8d633d698ce0b18254852bb851facc33af42d3f9815f3063aa874100f	1071560	image/jpeg	2026-10-02T03:05:26+00:00		
yale_ms408a_prov_general	images/021_32577065.jpg	https://collections.library.yale.edu/iiif/2/32577065/full/full/0/default.jpg	0839f01599b029cdaf24da3c5c312be71fa711736fd2706b52c785ff7fc854cd	1064760	image/jpeg	2026-10-02T03:05:26+00:00		
yale_ms408a_prov_general	images/019_32577063.jpg	https://collections.library.yale.edu/iiif/2/32577063/full/full/0/default.jpg	cb14eadd1acd0b79309cab79d1a862b4f0522af4a0e3db015e3a604e2f16ecb2	2024708	image/jpeg	2026-10-02T03:05:26+00:00		
yale_ms408a_prov_general	images/018_32577062.jpg	https://collections.library.yale.edu/iiif/2/32577062/full/full/0/default.jpg	b7fe98651ba2727686a28aea97dbc75c36432d7d54063f03e14d6039f06c9df3	2531930	image/jpeg	2026-10-02T03:05:26+00:00		
yale_ms408a_prov_general	images/025_32577069.jpg	https://collections.library.yale.edu/iiif/2/32577069/full/full/0/default.jpg	6c66828129465ac8d7f25575fc78aa9d276a86630e012fcbd069c8a6b28e9019	3066950	image/jpeg	2026-10-02T03:05:29+00:00		
yale_ms408a_prov_general	images/023_32577067.jpg	https://collections.library.yale.edu/iiif/2/32577067/full/full/0/default.jpg	03bb726fe87ff2b9ea7ad2361fd7138e241be0e73a7350ef7af8f9d8026a1700	4202785	image/jpeg	2026-10-02T03:05:29+00:00		
yale_ms408a_prov_general	images/024_32577068.jpg	https://collections.library.yale.edu/iiif/2/32577068/full/full/0/default.jpg	69f026e42f78a83f8d64a9584f3cbb2b7c84bc070f9d23f3104d97b22951bdaf	3088590	image/jpeg	2026-10-02T03:05:29+00:00		
yale_ms408a_prov_general	images/022_32577066.jpg	https://collections.library.yale.edu/iiif/2/32577066/full/full/0/default.jpg	cd25f2fe28e9393afae5dae5d79e877da9613bb17f0e6cb50f3d382e9a518daf	4664178	image/jpeg	2026-10-02T03:05:29+00:00		
yale_ms408a_prov_general	images/027_32577071.jpg	https://collections.library.yale.edu/iiif/2/32577071/full/full/0/default.jpg	aca258d613945527c3f194fbcf26328b5ab4ac2da36174064701dd4a505103c0	2999240	image/jpeg	2026-10-02T03:05:33+00:00		
yale_ms408a_prov_general	images/026_32577070.jpg	https://collections.library.yale.edu/iiif/2/32577070/full/full/0/default.jpg	197c9444d4058e9d046281c282a68a04ae784169dc6cb14419fad33939e63ed1	3298049	image/jpeg	2026-10-02T03:05:33+00:00		
yale_ms408a_prov_general	images/029_32577073.jpg	https://collections.library.yale.edu/iiif/2/32577073/full/full/0/default.jpg	3e3c5098737e8236de58dcef14e53d3147039cb0278570876f16d4c6509c3348	7739566	image/jpeg	2026-10-02T03:05:35+00:00		
yale_ms408a_prov_general	images/028_32577072.jpg	https://collections.library.yale.edu/iiif/2/32577072/full/full/0/default.jpg	86cad47bae73de8026deac1434414cced6371fe94974ec2b48669336c9fa6a9c	7498016	image/jpeg	2026-10-02T03:05:35+00:00		
yale_ms408a_prov_general	images/031_32577075.jpg	https://collections.library.yale.edu/iiif/2/32577075/full/full/0/default.jpg	6831065ad3f7eecc6168332fa5439c7a481c5cefe3fd02e1bb067308274606c7	3276154	image/jpeg	2026-10-02T03:05:37+00:00		
yale_ms408a_prov_general	images/030_32577074.jpg	https://collections.library.yale.edu/iiif/2/32577074/full/full/0/default.jpg	516f9ea1985d7064786288be11a54dce6b5df9401d801f2bd23713c84131fc50	3917015	image/jpeg	2026-10-02T03:05:37+00:00		
yale_ms408a_prov_general	images/032_32577076.jpg	https://collections.library.yale.edu/iiif/2/32577076/full/full/0/default.jpg	e7f8c52912f0ee71d25b8e1b9de4dbbbeac5b35dbcc32d0fd19a43f5b1510470	2924693	image/jpeg	2026-10-02T03:05:37+00:00		
yale_ms408a_prov_general	images/033_32577077.jpg	https://collections.library.yale.edu/iiif/2/32577077/full/full/0/default.jpg	ec4523485076450d63b7ccfd79e62eb78fb0bbab5880295ce3b3c8bc04e89c3f	3347298	image/jpeg	2026-10-02T03:05:39+00:00		
yale_ms408a_prov_general	images/034_32577078.jpg	https://collections.library.yale.edu/iiif/2/32577078/full/full/0/default.jpg	0c38e1604e881628d972c0712989369e30d27e39bdd7950e89ae0ad23cf94064	3170434	image/jpeg	2026-10-02T03:05:39+00:00		
yale_ms408a_prov_general	images/035_32577079.jpg	https://collections.library.yale.edu/iiif/2/32577079/full/full/0/default.jpg	83bc47a37a142319f4f0b73213ff8117c573ee5cf74781a83e6b1281d36ccefd	3061564	image/jpeg	2026-10-02T03:05:40+00:00		
yale_ms408a_prov_general	images/036_32577080.jpg	https://collections.library.yale.edu/iiif/2/32577080/full/full/0/default.jpg	29be78097a2bfb28ffdff720fefc24ef7ccf249e07c1e284ab02a75d121a8de9	3122479	image/jpeg	2026-10-02T03:05:40+00:00		
yale_ms408a_prov_general	images/038_32577082.jpg	https://collections.library.yale.edu/iiif/2/32577082/full/full/0/default.jpg	3df5c125a25285cbe65357accb3ca564c431859bc8688816f1bbc91385c706c3	2546737	image/jpeg	2026-10-02T03:05:42+00:00		
yale_ms408a_prov_general	images/039_32577083.jpg	https://collections.library.yale.edu/iiif/2/32577083/full/full/0/default.jpg	2225ecfd0a1948e8d71882740411796bd027fbebd11027a99f76c0d9b27e8c82	2533203	image/jpeg	2026-10-02T03:05:42+00:00		
yale_ms408a_prov_general	images/037_32577081.jpg	https://collections.library.yale.edu/iiif/2/32577081/full/full/0/default.jpg	6a31a80c2dab99ba2d49f65936dd90bfe57b6dd1e4a23bb525e2efba2f817b97	3132917	image/jpeg	2026-10-02T03:05:43+00:00		
yale_ms408a_prov_general	images/043_32577087.jpg	https://collections.library.yale.edu/iiif/2/32577087/full/full/0/default.jpg	cd8a0c2f8ad96123d116c6bbbe742791ce53325bc19ef4c7a1f915f772a1a752	2819592	image/jpeg	2026-10-02T03:05:45+00:00		
yale_ms408a_prov_general	images/040_32577084.jpg	https://collections.library.yale.edu/iiif/2/32577084/full/full/0/default.jpg	4df4c086c2b59989e1e7a758970e02b93a967922db2821c18fbd378e828f3f55	5598437	image/jpeg	2026-10-02T03:05:45+00:00		
yale_ms408a_prov_general	images/042_32577086.jpg	https://collections.library.yale.edu/iiif/2/32577086/full/full/0/default.jpg	b41e33267b9c809dff4ae5f93ebbc5461926006fa498170afbb10a1c510c8a63	3083330	image/jpeg	2026-10-02T03:05:45+00:00		
yale_ms408a_prov_general	images/041_32577085.jpg	https://collections.library.yale.edu/iiif/2/32577085/full/full/0/default.jpg	fc9cbe2899accb009b622814df2edc914b854342c8d666a07d6a517fa32347cd	5689387	image/jpeg	2026-10-02T03:05:46+00:00		
yale_ms408a_prov_general	images/045_32577089.jpg	https://collections.library.yale.edu/iiif/2/32577089/full/full/0/default.jpg	9724ca9bf4c715034242cd2c3f1fcd500243de0a14a597d68ea3136f80c17253	2896271	image/jpeg	2026-10-02T03:05:48+00:00		
yale_ms408a_prov_general	images/044_32577088.jpg	https://collections.library.yale.edu/iiif/2/32577088/full/full/0/default.jpg	9e54ea4912fed0559392d07265c8258c5eb2b114c975bcb02b52b30889df2206	2754346	image/jpeg	2026-10-02T03:05:48+00:00		
yale_ms408a_prov_general	images/046_32577090.jpg	https://collections.library.yale.edu/iiif/2/32577090/full/full/0/default.jpg	e7b3d22b7e1d88a50ee8632533bc6c565a39221d7d72d5ebd91521da3cde77d7	3067925	image/jpeg	2026-10-02T03:05:48+00:00		
yale_ms408a_prov_general	images/047_32577091.jpg	https://collections.library.yale.edu/iiif/2/32577091/full/full/0/default.jpg	5d04a19435471efce79086eb821bd0ec205ec37e281110ec4b497ed4666646eb	2864352	image/jpeg	2026-10-02T03:05:49+00:00		
yale_ms408a_prov_general	images/049_32577093.jpg	https://collections.library.yale.edu/iiif/2/32577093/full/full/0/default.jpg	88d2a7dc7bbc689f994b94d8f0b0fbbb299596dbd420a5531709d82588e483dc	2384864	image/jpeg	2026-10-02T03:05:50+00:00		
yale_ms408a_prov_general	images/050_32577094.jpg	https://collections.library.yale.edu/iiif/2/32577094/full/full/0/default.jpg	0a5dfe36cdeb87528fd0ae4beb8cdf9c09b74a95dc5f46ba3511107baed174da	3811057	image/jpeg	2026-10-02T03:05:51+00:00		
yale_ms408a_prov_general	images/048_32577092.jpg	https://collections.library.yale.edu/iiif/2/32577092/full/full/0/default.jpg	5da0135ac8a80bfc0ca58e583d3cbd6a93c41d4632eb58a8ef45842b42d58afb	2937524	image/jpeg	2026-10-02T03:05:51+00:00		
yale_ms408a_prov_general	images/051_32577095.jpg	https://collections.library.yale.edu/iiif/2/32577095/full/full/0/default.jpg	af9d9c7946eebcbd66b4c63922729d2732af2b0791381387e11e3afb90790c5a	3512683	image/jpeg	2026-10-02T03:05:51+00:00		
yale_ms408a_prov_general	images/053_32577097.jpg	https://collections.library.yale.edu/iiif/2/32577097/full/full/0/default.jpg	0d6dd7badf64a4d36b58a29f4ec8a8cc6eb28bd4d6c77f874d517a7412644955	3571481	image/jpeg	2026-10-02T03:05:54+00:00		
yale_ms408a_prov_general	images/052_32577096.jpg	https://collections.library.yale.edu/iiif/2/32577096/full/full/0/default.jpg	20a35c09b38409db57b323cc7a005bbbd69764d0976d90ea0527ef4a970fe6a7	3945076	image/jpeg	2026-10-02T03:05:54+00:00		
yale_ms408a_prov_general	images/055_32577099.jpg	https://collections.library.yale.edu/iiif/2/32577099/full/full/0/default.jpg	1565186058a78cd76f1a63b242c9111e8ffd8ae977839811fe5adf93e9949f54	3601511	image/jpeg	2026-10-02T03:05:54+00:00		
yale_ms408a_prov_general	images/054_32577098.jpg	https://collections.library.yale.edu/iiif/2/32577098/full/full/0/default.jpg	c5ff40b73821d9b7dbd6760dbf84413cd985617d863e779da9e5764a137346fa	3887408	image/jpeg	2026-10-02T03:05:54+00:00		
yale_ms408a_prov_general	images/056_32577100.jpg	https://collections.library.yale.edu/iiif/2/32577100/full/full/0/default.jpg	6407ba15e3aeca5f6561018280afe37f69ba09c08078fa960fe2cb492b6001d0	3749075	image/jpeg	2026-10-02T03:05:58+00:00		
yale_ms408a_prov_general	images/057_32577101.jpg	https://collections.library.yale.edu/iiif/2/32577101/full/full/0/default.jpg	7bdd418904a21d20bccf3da1cd4da6f1cd85bfcee3aececc2473bd3e9422e89d	3494364	image/jpeg	2026-10-02T03:05:58+00:00		
yale_ms408a_prov_general	images/059_32577103.jpg	https://collections.library.yale.edu/iiif/2/32577103/full/full/0/default.jpg	39b654485ceb7eca955026e8f5a0fd7bdfa5dfb1f58b8ae6a00a07c97f6a7a74	6449507	image/jpeg	2026-10-02T03:06:00+00:00		
yale_ms408a_prov_general	images/058_32577102.jpg	https://collections.library.yale.edu/iiif/2/32577102/full/full/0/default.jpg	4c567ae6a882f041c43846901775c9479cb61d5a0f223a9210e7a494584fa00b	6258889	image/jpeg	2026-10-02T03:06:00+00:00		
yale_ms408a_prov_general	images/061_32577105.jpg	https://collections.library.yale.edu/iiif/2/32577105/full/full/0/default.jpg	89c2345792bdbe0baf8fe261bc8e878369cfdab3c0baedd3a7045a71cd96954f	2286923	image/jpeg	2026-10-02T03:06:02+00:00		
yale_ms408a_prov_general	images/060_32577104.jpg	https://collections.library.yale.edu/iiif/2/32577104/full/full/0/default.jpg	3b109915e75414ceb6c25e47d6347e566c2c13963f871f3fe97ee91cff7e0852	3105760	image/jpeg	2026-10-02T03:06:03+00:00		
yale_ms408a_prov_general	images/062_32577106.jpg	https://collections.library.yale.edu/iiif/2/32577106/full/full/0/default.jpg	c7861ef878d6ff5618b2fd29eecbcc0dbd24c9effec5d0c872a3c789fad31054	2684536	image/jpeg	2026-10-02T03:06:03+00:00		
yale_ms408a_prov_general	images/063_32577107.jpg	https://collections.library.yale.edu/iiif/2/32577107/full/full/0/default.jpg	c777117442aab60fcf95b2f68ff92637ff8ad82a9d503ed5415ffa101d748690	2919974	image/jpeg	2026-10-02T03:06:04+00:00		
yale_ms408a_prov_general	images/064_32577108.jpg	https://collections.library.yale.edu/iiif/2/32577108/full/full/0/default.jpg	06df50814494daaa78b1ea0383eed6a5df1c91e096b8214e6f850ff6b03ae0c1	2781907	image/jpeg	2026-10-02T03:06:05+00:00		
yale_ms408a_prov_general	images/065_32577109.jpg	https://collections.library.yale.edu/iiif/2/32577109/full/full/0/default.jpg	63d311ec007e0489deeb19160963b2f29e471b5f7b10b878d2aa2afeb006a168	2643355	image/jpeg	2026-10-02T03:06:05+00:00		
yale_ms408a_prov_general	images/066_32577110.jpg	https://collections.library.yale.edu/iiif/2/32577110/full/full/0/default.jpg	4a9890e1731fbe4aee63f65a84397f3e377e3c1516d095b5c3040d88e8b6053e	2851548	image/jpeg	2026-10-02T03:06:07+00:00		
yale_ms408a_prov_general	images/067_32577111.jpg	https://collections.library.yale.edu/iiif/2/32577111/full/full/0/default.jpg	0d4266218f1f71ddf48d7dc08a1545ead104c346553dcf4a1cd93e158a055e60	2321292	image/jpeg	2026-10-02T03:06:07+00:00		
yale_ms408a_prov_general	images/069_32577113.jpg	https://collections.library.yale.edu/iiif/2/32577113/full/full/0/default.jpg	eb208afe9d1e4eab51188605ad875c35a345bbf5a5f9974b748a505e0eea7a71	987709	image/jpeg	2026-10-02T03:06:07+00:00		
yale_ms408a_prov_general	images/068_32577112.jpg	https://collections.library.yale.edu/iiif/2/32577112/full/full/0/default.jpg	1ecbb6afc99cc88ada7b6b1a9fd0dafadb9e2b33264381f1eb203533b4361ec2	933758	image/jpeg	2026-10-02T03:06:07+00:00		
yale_ms408a_prov_general	images/071_32577115.jpg	https://collections.library.yale.edu/iiif/2/32577115/full/full/0/default.jpg	80f969b041ff28e58f19924a91be8b9cd8f443262eb73f41bc8eeb51d6c1d05a	922016	image/jpeg	2026-10-02T03:06:08+00:00		
yale_ms408a_prov_general	images/070_32577114.jpg	https://collections.library.yale.edu/iiif/2/32577114/full/full/0/default.jpg	66f57d8a0a08371bb7205fb160f182cfc9649d9ba43d45dd9dec462d0f342626	911421	image/jpeg	2026-10-02T03:06:08+00:00		
yale_ms408a_prov_general	images/075_32577119.jpg	https://collections.library.yale.edu/iiif/2/32577119/full/full/0/default.jpg	bed7e7dd729bfa3fe9fb92d95d51b33ced9793b3d5c96a6421c2cc974e816f21	1246284	image/jpeg	2026-10-02T03:06:09+00:00		
yale_ms408a_prov_general	images/074_32577118.jpg	https://collections.library.yale.edu/iiif/2/32577118/full/full/0/default.jpg	29b70bcc1c365b92b37b5df37672f89b0dd4cc4a0299cee70f0dae5dd05612e3	1369213	image/jpeg	2026-10-02T03:06:09+00:00		
yale_ms408a_prov_general	images/077_32577121.jpg	https://collections.library.yale.edu/iiif/2/32577121/full/full/0/default.jpg	7bb7ed61436be014487df5c8b8923af8e5ad8d091cf80f99441ec9190da73c15	1217928	image/jpeg	2026-10-02T03:06:11+00:00		
yale_ms408a_prov_general	images/076_32577120.jpg	https://collections.library.yale.edu/iiif/2/32577120/full/full/0/default.jpg	252e6a56af28d6d95a5d624d944791195e6200fa837bf8dbfcb713579528211b	1369694	image/jpeg	2026-10-02T03:06:11+00:00		
yale_ms408a_prov_general	images/073_32577117.jpg	https://collections.library.yale.edu/iiif/2/32577117/full/full/0/default.jpg	377e05e1a9074be3374863dd76bbef55c4a3914f3edc059c488e83252ea7c417	6950436	image/jpeg	2026-10-02T03:06:13+00:00		
yale_ms408a_prov_general	images/072_32577116.jpg	https://collections.library.yale.edu/iiif/2/32577116/full/full/0/default.jpg	717485d3dec6e070c0354d65b172c412c800047c06dda36076fd6c9b8d049efd	7150706	image/jpeg	2026-10-02T03:06:13+00:00		
yale_ms408a_prov_general	images/079_32577123.jpg	https://collections.library.yale.edu/iiif/2/32577123/full/full/0/default.jpg	1b2dcfc38cce1b56308461cd0fc22131a5eca77a8b717ea05644dcd21928ee59	1210297	image/jpeg	2026-10-02T03:06:14+00:00		
yale_ms408a_prov_general	images/078_32577122.jpg	https://collections.library.yale.edu/iiif/2/32577122/full/full/0/default.jpg	ef4975eeac14e540909444472cfba6c6617ba3c18cf305d44973290d260e20d5	1375891	image/jpeg	2026-10-02T03:06:14+00:00		
yale_ms408a_prov_general	images/080_32577124.jpg	https://collections.library.yale.edu/iiif/2/32577124/full/full/0/default.jpg	1bdb2e0f575cb8c4c1af1b23768a3196efe05727b9f45c7467ddc7ef9d5f311a	1385067	image/jpeg	2026-10-02T03:06:16+00:00		
yale_ms408a_prov_general	images/081_32577125.jpg	https://collections.library.yale.edu/iiif/2/32577125/full/full/0/default.jpg	bc50bdd7fa9448ba8e4c37600b8f98671b90f489c703d85be8c7edc53c59cf8d	1306489	image/jpeg	2026-10-02T03:06:16+00:00		
yale_ms408a_prov_general	images/083_32577127.jpg	https://collections.library.yale.edu/iiif/2/32577127/full/full/0/default.jpg	f0e9ddf4d6d925e170cbe2dcb32b917ebee5165de2bb27bc6001fe58a9d83eb3	1253945	image/jpeg	2026-10-02T03:06:17+00:00		
yale_ms408a_prov_general	images/082_32577126.jpg	https://collections.library.yale.edu/iiif/2/32577126/full/full/0/default.jpg	771bf5bd5438fd8568740769797a622fed9fc751f2a97070fdaa7f610096c8c9	1413707	image/jpeg	2026-10-02T03:06:18+00:00		
yale_ms408a_prov_general	images/085_32577129.jpg	https://collections.library.yale.edu/iiif/2/32577129/full/full/0/default.jpg	d99a1bc0158dac53a408165861df7194404514f86b395f450e90c779e9750b22	1211302	image/jpeg	2026-10-02T03:06:18+00:00		
yale_ms408a_prov_general	images/084_32577128.jpg	https://collections.library.yale.edu/iiif/2/32577128/full/full/0/default.jpg	1844ef80bc21fce846aaeacea8da69b6a5882f62eb6d3f0aae2f2cf4469e5c8a	1372607	image/jpeg	2026-10-02T03:06:19+00:00		
yale_ms408a_prov_general	images/088_32577132.jpg	https://collections.library.yale.edu/iiif/2/32577132/full/full/0/default.jpg	fd822c73c5aa262a3f23e251f7799075503176870d66c89baee6aad7d0815f8b	1308076	image/jpeg	2026-10-02T03:06:19+00:00		
yale_ms408a_prov_general	images/086_32577130.jpg	https://collections.library.yale.edu/iiif/2/32577130/full/full/0/default.jpg	a78a7c26e69dd3fc93c3aa75e3739520bc889aece7a9ab6e4943bce430e889d1	1378643	image/jpeg	2026-10-02T03:06:19+00:00		
yale_ms408a_prov_general	images/087_32577131.jpg	https://collections.library.yale.edu/iiif/2/32577131/full/full/0/default.jpg	a355c6babbb0e36ea97536bc861fab6a89de718ab717d6dfd0959da36e343dd9	1235975	image/jpeg	2026-10-02T03:06:19+00:00		
yale_ms408a_prov_general	images/089_32577133.jpg	https://collections.library.yale.edu/iiif/2/32577133/full/full/0/default.jpg	76590c598805f41d195a6ddd197df4c6b68edb26777b6fa6f5660a5250ebfbfd	1250828	image/jpeg	2026-10-02T03:06:21+00:00		
yale_ms408a_prov_general	images/091_32577135.jpg	https://collections.library.yale.edu/iiif/2/32577135/full/full/0/default.jpg	64c455c3698f74518a930effa0bedd4443117b201876544522a099edd111fb37	1260965	image/jpeg	2026-10-02T03:06:21+00:00		
yale_ms408a_prov_general	images/094_32577138.jpg	https://collections.library.yale.edu/iiif/2/32577138/full/full/0/default.jpg	1ccffbb89800dc109ee0abd71de455523345fcdc112bf9844ce569231c080127	1312853	image/jpeg	2026-10-02T03:06:22+00:00		
yale_ms408a_prov_general	images/092_32577136.jpg	https://collections.library.yale.edu/iiif/2/32577136/full/full/0/default.jpg	7a96f481c0e0ca7652527487fe45914e872ba810b8779aa571bf7a40d24fbd85	1306935	image/jpeg	2026-10-02T03:06:23+00:00		
yale_ms408a_prov_general	images/090_32577134.jpg	https://collections.library.yale.edu/iiif/2/32577134/full/full/0/default.jpg	7b94eb93d9568908aeb2c3b3afab5f4f7a3de16f9005a4ba858c743a9f510e1f	1314340	image/jpeg	2026-10-02T03:06:23+00:00		
yale_ms408a_prov_general	images/093_32577137.jpg	https://collections.library.yale.edu/iiif/2/32577137/full/full/0/default.jpg	0bb85582e8aa168723313e73861733c490f8dbbc6fb9203ad96a9fd9573e61c1	1251983	image/jpeg	2026-10-02T03:06:23+00:00		
yale_ms408a_prov_general	images/095_32577139.jpg	https://collections.library.yale.edu/iiif/2/32577139/full/full/0/default.jpg	5f32894c3e25aba308ea4bb8e6efc025ee9a35b0d5dca484076a658e0017eb54	1364046	image/jpeg	2026-10-02T03:06:24+00:00		
yale_ms408a_prov_general	images/096_32577140.jpg	https://collections.library.yale.edu/iiif/2/32577140/full/full/0/default.jpg	ebd7e89bd8234bcc995590280e0bde8eb9a35f9e5672465dde85de529421bbc1	1275037	image/jpeg	2026-10-02T03:06:26+00:00		
yale_ms408a_prov_general	images/097_32577141.jpg	https://collections.library.yale.edu/iiif/2/32577141/full/full/0/default.jpg	a1499bd10285a70672da4b1575c254bcd8f56d977b82fd44e0ad4984f4a61f6f	1219225	image/jpeg	2026-10-02T03:06:26+00:00		
yale_ms408a_prov_general	images/099_32577143.jpg	https://collections.library.yale.edu/iiif/2/32577143/full/full/0/default.jpg	30ce6e868aa0b92807746bdec1ec99142009b4d3a742f152d8f7e229e5c823ef	6178224	image/jpeg	2026-10-02T03:06:28+00:00		
yale_ms408a_prov_general	images/098_32577142.jpg	https://collections.library.yale.edu/iiif/2/32577142/full/full/0/default.jpg	5f2466da6806bbf7f064b788e76154d8490fea8b520d6098f55d01c39ae9236b	6344185	image/jpeg	2026-10-02T03:06:29+00:00		
yale_ms408a_prov_john_dee	iiif-manifest.json	https://collections.library.yale.edu/manifests/32577144	80e3219dcf9d3e249152ea94fb14c260ff82d1d1af7a1e1743545abe8508fda4	23839	application/json	2026-10-02T03:06:29+00:00		
yale_ms408a_prov_john_dee	images/001_32577145.jpg	https://collections.library.yale.edu/iiif/2/32577145/full/full/0/default.jpg	24d2c9ddb4e1559cdb8aec5824207a04b11453d2474dace97bf8f3d7361cf03f	937710	image/jpeg	2026-10-02T03:06:30+00:00		
yale_ms408a_prov_john_dee	images/004_32577148.jpg	https://collections.library.yale.edu/iiif/2/32577148/full/full/0/default.jpg	26902a63e382a94a2e5d70cd69b85a4f24f51d378123248fb290ecda4ee670fd	905784	image/jpeg	2026-10-02T03:06:30+00:00		
yale_ms408a_prov_john_dee	images/003_32577147.jpg	https://collections.library.yale.edu/iiif/2/32577147/full/full/0/default.jpg	9727e5b5989a2b9f7013f1129741c2893488b805290253593c91bc8264f546dc	957675	image/jpeg	2026-10-02T03:06:30+00:00		
yale_ms408a_prov_john_dee	images/002_32577146.jpg	https://collections.library.yale.edu/iiif/2/32577146/full/full/0/default.jpg	37372652c2637630422c2c4b992e2ee81432fb52bb408b453ff68af642e73679	909922	image/jpeg	2026-10-02T03:06:30+00:00		
yale_ms408a_prov_john_dee	images/006_32577150.jpg	https://collections.library.yale.edu/iiif/2/32577150/full/full/0/default.jpg	de449f577322198083b6b46e78b03b898a111c0fc9efec655ea442c89dd86091	2464103	image/jpeg	2026-10-02T03:06:32+00:00		
yale_ms408a_prov_john_dee	images/005_32577149.jpg	https://collections.library.yale.edu/iiif/2/32577149/full/full/0/default.jpg	f78b4b7dea3c9c650799e9b562d8c0095c4f95a3d94ee009a241a4778163051b	2373165	image/jpeg	2026-10-02T03:06:32+00:00		
yale_ms408a_prov_john_dee	images/007_32577151.jpg	https://collections.library.yale.edu/iiif/2/32577151/full/full/0/default.jpg	96203a7896f32ed8819bbd2870525ef0fccb8211a426da8ab34205c2086a39b4	6133785	image/jpeg	2026-10-02T03:06:35+00:00		
yale_ms408a_prov_john_dee	images/008_32577152.jpg	https://collections.library.yale.edu/iiif/2/32577152/full/full/0/default.jpg	b9ea8f0118c00e973b1689ddc4ce02a82023d0f0a454b8c37f897ecdde528f32	6368955	image/jpeg	2026-10-02T03:06:35+00:00		
yale_ms408a_prov_john_dee	images/009_32577153.jpg	https://collections.library.yale.edu/iiif/2/32577153/full/full/0/default.jpg	0d61e051df4ee18f4422579d1f6c0a2b222e7c4d850538b4c69f60113119863d	5947426	image/jpeg	2026-10-02T03:06:37+00:00		
yale_ms408a_prov_john_dee	images/010_32577154.jpg	https://collections.library.yale.edu/iiif/2/32577154/full/full/0/default.jpg	8b048d98d83158a5b1b080b69b08cf720142ae1e6567d52719959ce189b73e5a	5894738	image/jpeg	2026-10-02T03:06:37+00:00		
yale_ms408a_prov_tepenecz	iiif-manifest.json	https://collections.library.yale.edu/manifests/32577155	a7a56ff0b4a77c0e4a887fae0a37907b3a95d54e1215412a4699846180875461	30582	application/json	2026-10-02T03:06:38+00:00		
yale_ms408a_prov_tepenecz	images/004_32577159.jpg	https://collections.library.yale.edu/iiif/2/32577159/full/full/0/default.jpg	8649b3f288d24b8801bbe1beb34922294d563e47a68bac5e63d072d91db59a31	1911570	image/jpeg	2026-10-02T03:06:40+00:00		
yale_ms408a_prov_tepenecz	images/003_32577158.jpg	https://collections.library.yale.edu/iiif/2/32577158/full/full/0/default.jpg	b289a3bff450c689d5f1b6335376d6da68de6e91522617905c94bf4f3d653bfd	2720798	image/jpeg	2026-10-02T03:06:40+00:00		
yale_ms408a_prov_tepenecz	images/001_32577156.jpg	https://collections.library.yale.edu/iiif/2/32577156/full/full/0/default.jpg	cd13109739bff7a7faf8b804cb4d12bd9b7ba576a4a1be0a75c6daf7d2e21406	11721178	image/jpeg	2026-10-02T03:06:45+00:00		
yale_ms408a_prov_tepenecz	images/002_32577157.jpg	https://collections.library.yale.edu/iiif/2/32577157/full/full/0/default.jpg	3837b63bbcd7aebb424050efde1462f47de2c2c66178493a467f1d1300737b37	11507970	image/jpeg	2026-10-02T03:06:45+00:00		
yale_ms408a_prov_tepenecz	images/006_32577161.jpg	https://collections.library.yale.edu/iiif/2/32577161/full/full/0/default.jpg	dbb70759aabb4d078204ba841c7c3dcc5f2af1a20adc9fad93a6a482ba024d1c	12229279	image/jpeg	2026-10-02T03:06:48+00:00		
yale_ms408a_prov_tepenecz	images/005_32577160.jpg	https://collections.library.yale.edu/iiif/2/32577160/full/full/0/default.jpg	f1e16a6d80bb702acd3386bf36fb67b45ae481603d99a7bbaeabfba867acfc2d	11318658	image/jpeg	2026-10-02T03:06:49+00:00		
yale_ms408a_prov_tepenecz	images/007_32577162.jpg	https://collections.library.yale.edu/iiif/2/32577162/full/full/0/default.jpg	1da9da04c8112013adb7e39862839e3d1b297f4bd7124d7f9d0531ca2a467b2a	11456919	image/jpeg	2026-10-02T03:06:53+00:00		
yale_ms408a_prov_tepenecz	images/008_32577163.jpg	https://collections.library.yale.edu/iiif/2/32577163/full/full/0/default.jpg	82b559ad9b7fe6ff9b5f4ee34ccd4e9aa701cb16a346921930119c6fdbbe11a9	11780211	image/jpeg	2026-10-02T03:06:56+00:00		
yale_ms408a_prov_tepenecz	images/010_32577165.jpg	https://collections.library.yale.edu/iiif/2/32577165/full/full/0/default.jpg	44150e5200bc722896dcee4cf8ffa7e81a28f5ae4933890b16e33c255b3a87c7	11720307	image/jpeg	2026-10-02T03:06:57+00:00		
yale_ms408a_prov_tepenecz	images/009_32577164.jpg	https://collections.library.yale.edu/iiif/2/32577164/full/full/0/default.jpg	3a16ff3656a67906c9b438bfef10599d3f4d5b08507e374fc69072b7911c7694	11381793	image/jpeg	2026-10-02T03:06:58+00:00		
yale_ms408a_prov_tepenecz	images/011_32577166.jpg	https://collections.library.yale.edu/iiif/2/32577166/full/full/0/default.jpg	82c22b1fe948c23294da95213e34c819d45c4ef6e499f6bc6df609aa85e46444	10375255	image/jpeg	2026-10-02T03:07:02+00:00		
yale_ms408a_prov_tepenecz	images/012_32577167.jpg	https://collections.library.yale.edu/iiif/2/32577167/full/full/0/default.jpg	977d404c4ec18a56741b2826da11c5e2c4c0b66a8ea935c84b5a16f3517e5724	10896203	image/jpeg	2026-10-02T03:07:05+00:00		
yale_ms408a_prov_tepenecz	images/013_32577168.jpg	https://collections.library.yale.edu/iiif/2/32577168/full/full/0/default.jpg	1ed13643f715509dfa737217b90ed9c2102738cff4d6fdd315025aab10932339	13185230	image/jpeg	2026-10-02T03:07:09+00:00		
yale_ms408a_prov_tepenecz	images/014_32577169.jpg	https://collections.library.yale.edu/iiif/2/32577169/full/full/0/default.jpg	f7f77b3bac55e88babb27604c86c562962a6f20d6a5a615891fa4dbc78cdb48b	14546371	image/jpeg	2026-10-02T03:07:10+00:00		
yale_ms408a_collation_notes	iiif-manifest.json	https://collections.library.yale.edu/manifests/32576985	a5c5c8d869f7ed34ad9315198c8dd459de411e2c9621696a805f8ca9a276c3cb	117598	application/json	2026-10-02T03:07:11+00:00		
yale_ms408a_collation_notes	images/001_32576986.jpg	https://collections.library.yale.edu/iiif/2/32576986/full/full/0/default.jpg	a7affdb6d53a118641402ffac2869dd71dfb1b569f1558fe2d4bbcada090695a	4766233	image/jpeg	2026-10-02T03:07:15+00:00		
yale_ms408a_collation_notes	images/004_32576989.jpg	https://collections.library.yale.edu/iiif/2/32576989/full/full/0/default.jpg	fa7ff3009a354b56569f0a13043931eb89fdee10b1fc401723b94988c4810eb9	5183215	image/jpeg	2026-10-02T03:07:15+00:00		
yale_ms408a_collation_notes	images/003_32576988.jpg	https://collections.library.yale.edu/iiif/2/32576988/full/full/0/default.jpg	c35f8f8da0ccbef40d53fae993f968903c15b38ffb833540c75ad500c0a302cd	5550437	image/jpeg	2026-10-02T03:07:16+00:00		
yale_ms408a_collation_notes	images/002_32576987.jpg	https://collections.library.yale.edu/iiif/2/32576987/full/full/0/default.jpg	936773df35edf7b5883c9ea9812c69118f13c1d3695850da87cd980a3e116f67	4830149	image/jpeg	2026-10-02T03:07:16+00:00		
yale_ms408a_collation_notes	images/008_32576993.jpg	https://collections.library.yale.edu/iiif/2/32576993/full/full/0/default.jpg	0dda8e03090df3595070b22b74d88e3623fd86b1ff637e52e66038fa5a8cc0e8	2718188	image/jpeg	2026-10-02T03:07:19+00:00		
yale_ms408a_collation_notes	images/007_32576992.jpg	https://collections.library.yale.edu/iiif/2/32576992/full/full/0/default.jpg	4acb49e1736061f684704cc56b17c3b7eafdd6582f1256adec5656e4583b9f62	3657591	image/jpeg	2026-10-02T03:07:19+00:00		
yale_ms408a_collation_notes	images/006_32576991.jpg	https://collections.library.yale.edu/iiif/2/32576991/full/full/0/default.jpg	9badb59a66ae0e2b7636679f0d624bf314cc8881867324379da0652cd037a53d	5252284	image/jpeg	2026-10-02T03:07:20+00:00		
yale_ms408a_collation_notes	images/005_32576990.jpg	https://collections.library.yale.edu/iiif/2/32576990/full/full/0/default.jpg	53b5c84bb9d52db21ca995370c5893bd1e6d8d984aa472437572e2d77c92381c	5511811	image/jpeg	2026-10-02T03:07:20+00:00		
yale_ms408a_collation_notes	images/009_32576994.jpg	https://collections.library.yale.edu/iiif/2/32576994/full/full/0/default.jpg	6a7775000821a102605b53064e740fba23492fb7e08b8e64bd6b668f21bc04d8	3691487	image/jpeg	2026-10-02T03:07:21+00:00		
yale_ms408a_collation_notes	images/010_32576995.jpg	https://collections.library.yale.edu/iiif/2/32576995/full/full/0/default.jpg	d830dfeb94fae5aacc21d39b079c456c428a8d35a78149c550dc0c78ba3c588c	4221024	image/jpeg	2026-10-02T03:07:22+00:00		
yale_ms408a_collation_notes	images/012_32576997.jpg	https://collections.library.yale.edu/iiif/2/32576997/full/full/0/default.jpg	67761ac0bf08b5698768fef1d2d5cdc2799274020fd43c7a115f78ee18f00b17	5310121	image/jpeg	2026-10-02T03:07:24+00:00		
yale_ms408a_collation_notes	images/011_32576996.jpg	https://collections.library.yale.edu/iiif/2/32576996/full/full/0/default.jpg	b5fcfd9581e28a41e7be235078566e1dbc2ff06d97637ad7d6f8523344f31dbf	5719413	image/jpeg	2026-10-02T03:07:26+00:00		
yale_ms408a_collation_notes	images/014_32576999.jpg	https://collections.library.yale.edu/iiif/2/32576999/full/full/0/default.jpg	65883cc852343a5b1e5fc50d951c9def1cb982cd1073f123b2c196f18bc38407	5335383	image/jpeg	2026-10-02T03:07:26+00:00		
yale_ms408a_collation_notes	images/013_32576998.jpg	https://collections.library.yale.edu/iiif/2/32576998/full/full/0/default.jpg	6f3de6997cd0c25e82e1b72542c3b0d8b4ef3b27f2b75cb2c9553de0b8a1126f	5573072	image/jpeg	2026-10-02T03:07:27+00:00		
yale_ms408a_collation_notes	images/015_32577000.jpg	https://collections.library.yale.edu/iiif/2/32577000/full/full/0/default.jpg	bc77c56bd405a82d95cac2b3a57a07875c50c9e7b6aa534a2e9cadd49b68c6cf	5609551	image/jpeg	2026-10-02T03:07:30+00:00		
yale_ms408a_collation_notes	images/018_32577003.jpg	https://collections.library.yale.edu/iiif/2/32577003/full/full/0/default.jpg	081d437aae58693941871b74a8016fdbafb5eee1f708980e5d76e9fb905b1fb5	5319958	image/jpeg	2026-10-02T03:07:31+00:00		
yale_ms408a_collation_notes	images/016_32577001.jpg	https://collections.library.yale.edu/iiif/2/32577001/full/full/0/default.jpg	9d0ecb494e4d6893d2819bf31dc7bfd1088a42f3b57165fbe2d696794872e612	5315051	image/jpeg	2026-10-02T03:07:32+00:00		
yale_ms408a_collation_notes	images/017_32577002.jpg	https://collections.library.yale.edu/iiif/2/32577002/full/full/0/default.jpg	b38ccf622f48f784222f93888f832544afed9617f5f1613213350c635c681547	5481912	image/jpeg	2026-10-02T03:07:32+00:00		
yale_ms408a_collation_notes	images/019_32577004.jpg	https://collections.library.yale.edu/iiif/2/32577004/full/full/0/default.jpg	377e30d83a8c59919a1bc3b2b6844eaa67da3a386562450a1b7d7f2364a00cc8	3370766	image/jpeg	2026-10-02T03:07:34+00:00		
yale_ms408a_collation_notes	images/020_32577005.jpg	https://collections.library.yale.edu/iiif/2/32577005/full/full/0/default.jpg	1de38dc8a27a78fd32a1f34a4759277105639b24c1ce1bb55c67f6279b3e08fe	4201677	image/jpeg	2026-10-02T03:07:35+00:00		
yale_ms408a_collation_notes	images/023_32577008.jpg	https://collections.library.yale.edu/iiif/2/32577008/full/full/0/default.jpg	c0accf9d680cf7e0e926f6a6b92c139b7a9185418857d03f47918e7e49e8e029	3473441	image/jpeg	2026-10-02T03:07:37+00:00		
yale_ms408a_collation_notes	images/021_32577006.jpg	https://collections.library.yale.edu/iiif/2/32577006/full/full/0/default.jpg	a4a9a325321217a2987c27006d94a1f22596bca3e640adfe40b4d2f985706460	6823369	image/jpeg	2026-10-02T03:07:37+00:00		
yale_ms408a_collation_notes	images/024_32577009.jpg	https://collections.library.yale.edu/iiif/2/32577009/full/full/0/default.jpg	a66a16a941b1a32684eda48d142de5851f284a4321573177722f2c076773fe7c	4198195	image/jpeg	2026-10-02T03:07:39+00:00		
yale_ms408a_collation_notes	images/022_32577007.jpg	https://collections.library.yale.edu/iiif/2/32577007/full/full/0/default.jpg	0699f8c61d89961047acfc3945827b162394ddbe5c7f838841614b03f6efd063	7263221	image/jpeg	2026-10-02T03:07:39+00:00		
yale_ms408a_collation_notes	images/027_32577012.jpg	https://collections.library.yale.edu/iiif/2/32577012/full/full/0/default.jpg	0946d8d9ff55022e69fb284490201070f7c414960d203e17c381b2a733c056bc	2282804	image/jpeg	2026-10-02T03:07:41+00:00		
yale_ms408a_collation_notes	images/028_32577013.jpg	https://collections.library.yale.edu/iiif/2/32577013/full/full/0/default.jpg	eda57e0c5929c7b3447818d87cd84e2dad1037796e09ad5a4d9e49b0f9c16ca4	2499695	image/jpeg	2026-10-02T03:07:41+00:00		
yale_ms408a_collation_notes	images/025_32577010.jpg	https://collections.library.yale.edu/iiif/2/32577010/full/full/0/default.jpg	fc862ad092e8ca455e6d546014e12565c49d4ee2c185f60342997078df045854	5499437	image/jpeg	2026-10-02T03:07:41+00:00		
yale_ms408a_collation_notes	images/026_32577011.jpg	https://collections.library.yale.edu/iiif/2/32577011/full/full/0/default.jpg	12859ed0fc584d5cb7e9540a63d04a725980251a4e20dfc1701170562a001be0	5154578	image/jpeg	2026-10-02T03:07:43+00:00		
yale_ms408a_collation_notes	images/030_32577015.jpg	https://collections.library.yale.edu/iiif/2/32577015/full/full/0/default.jpg	78383a51bf683ee2949aaa48840572e5b4671b83f171f2ccc8905f02b1d932cf	2155777	image/jpeg	2026-10-02T03:07:44+00:00		
yale_ms408a_collation_notes	images/029_32577014.jpg	https://collections.library.yale.edu/iiif/2/32577014/full/full/0/default.jpg	c394b6b0fdff204249e63eb5a146a5b4e988811aefda39dee8d9751993e1ce12	2515859	image/jpeg	2026-10-02T03:07:44+00:00		
yale_ms408a_collation_notes	images/031_32577016.jpg	https://collections.library.yale.edu/iiif/2/32577016/full/full/0/default.jpg	73d766a98fb471cdc4d9d936964bf84102742b1e852d1abf634ccf204da3b3ee	2296374	image/jpeg	2026-10-02T03:07:45+00:00		
yale_ms408a_collation_notes	images/032_32577017.jpg	https://collections.library.yale.edu/iiif/2/32577017/full/full/0/default.jpg	77fc6bafbb6083b9a598e5dae9c0cf3a675cd969dbee2d87460b3078bd88e823	2497671	image/jpeg	2026-10-02T03:07:45+00:00		
yale_ms408a_collation_notes	images/034_32577019.jpg	https://collections.library.yale.edu/iiif/2/32577019/full/full/0/default.jpg	cccb7e678e00abc1fdc337f03c029b93b8ab4b0135a936666df9d537cb24a76e	2431084	image/jpeg	2026-10-02T03:07:47+00:00		
yale_ms408a_collation_notes	images/033_32577018.jpg	https://collections.library.yale.edu/iiif/2/32577018/full/full/0/default.jpg	243ef35ec5564f0d74a36f622c8c2a5e5a677abfe88f64e24dfe4c8c19f4dbbb	2305073	image/jpeg	2026-10-02T03:07:47+00:00		
yale_ms408a_collation_notes	images/036_32577021.jpg	https://collections.library.yale.edu/iiif/2/32577021/full/full/0/default.jpg	9518dc74853d9dac3e38f4cf743573f59bcac4fcad676f83333d7b99e7cf82a3	2387337	image/jpeg	2026-10-02T03:07:48+00:00		
yale_ms408a_collation_notes	images/035_32577020.jpg	https://collections.library.yale.edu/iiif/2/32577020/full/full/0/default.jpg	612b8e17cc834337810c2e9655db8a0866ffacd6f5594be7916dda9a8691e363	2759418	image/jpeg	2026-10-02T03:07:48+00:00		
yale_ms408a_collation_notes	images/038_32577023.jpg	https://collections.library.yale.edu/iiif/2/32577023/full/full/0/default.jpg	8fdd1855bfde0a9bec65f0f534256bbb69e9333eef3b37c890c9d17f94ad9d9d	8968582	image/jpeg	2026-10-02T03:07:53+00:00		
yale_ms408a_collation_notes	images/037_32577022.jpg	https://collections.library.yale.edu/iiif/2/32577022/full/full/0/default.jpg	52bd04665a5091a74f1cb3ddc1bfb2b45b3cf42626c2b8cfaa47ef917c11b345	8342366	image/jpeg	2026-10-02T03:07:53+00:00		
yale_ms408a_collation_notes	images/040_32577025.jpg	https://collections.library.yale.edu/iiif/2/32577025/full/full/0/default.jpg	cb27fd62f056bec0022921c2bc5cc2e201c00349ee2b6ac64c0c35721e42851c	8895125	image/jpeg	2026-10-02T03:07:55+00:00		
yale_ms408a_collation_notes	images/039_32577024.jpg	https://collections.library.yale.edu/iiif/2/32577024/full/full/0/default.jpg	e517af8f7f38c3fd8aee4ab965120b67ea8bcfc01a3ee4dd7dcbbdc07e3c24f3	8180026	image/jpeg	2026-10-02T03:07:55+00:00		
yale_ms408a_collation_notes	images/043_32577028.jpg	https://collections.library.yale.edu/iiif/2/32577028/full/full/0/default.jpg	fa4b5d4efb62cdb0e3ea4cfb0533154bdc894935a88b2527b5ed8fea7e81fa10	1734790	image/jpeg	2026-10-02T03:07:57+00:00		
yale_ms408a_collation_notes	images/044_32577029.jpg	https://collections.library.yale.edu/iiif/2/32577029/full/full/0/default.jpg	8754ba05e3046913211c9eb2762a6c62958f2cf1865d20fc64d063963750a19e	1810001	image/jpeg	2026-10-02T03:07:57+00:00		
yale_ms408a_collation_notes	images/042_32577027.jpg	https://collections.library.yale.edu/iiif/2/32577027/full/full/0/default.jpg	e8a9fbbf141e5eba5d8fd00291dd5c1a1104b20bf0a4447044270317e7065321	6374128	image/jpeg	2026-10-02T03:07:58+00:00		
yale_ms408a_collation_notes	images/045_32577030.jpg	https://collections.library.yale.edu/iiif/2/32577030/full/full/0/default.jpg	bb0b43868f62ab4ad6a9805632975de2341541d542cf047f38b52ba301b4c683	1734865	image/jpeg	2026-10-02T03:07:58+00:00		
yale_ms408a_collation_notes	images/046_32577031.jpg	https://collections.library.yale.edu/iiif/2/32577031/full/full/0/default.jpg	f62d1c391409d44df25a911b229441b1cf65ca94db62143e44fc21e15abafc18	1772103	image/jpeg	2026-10-02T03:07:59+00:00		
yale_ms408a_collation_notes	images/041_32577026.jpg	https://collections.library.yale.edu/iiif/2/32577026/full/full/0/default.jpg	a0136b3e00dba8222a74a5e6c6adbc155e23eb8acecdb887c6cbb0125dbef790	6947779	image/jpeg	2026-10-02T03:07:59+00:00		
yale_ms408a_collation_notes	images/047_32577032.jpg	https://collections.library.yale.edu/iiif/2/32577032/full/full/0/default.jpg	f36935d431fef3853d6a575321057afac8c9ad52723b762585d857e32cbf4f11	1764253	image/jpeg	2026-10-02T03:08:00+00:00		
yale_ms408a_collation_notes	images/048_32577033.jpg	https://collections.library.yale.edu/iiif/2/32577033/full/full/0/default.jpg	44eeb49b6b5597f2549607221afcbb0a56c336381942b62a354533f05de486a4	1855086	image/jpeg	2026-10-02T03:08:00+00:00		
yale_ms408a_collation_notes	images/049_32577034.jpg	https://collections.library.yale.edu/iiif/2/32577034/full/full/0/default.jpg	41b1fef6fea7267bf565b5ea4607e29a8a3e4148f067d8e38382d069d6477176	1732519	image/jpeg	2026-10-02T03:08:00+00:00		
yale_ms408a_collation_notes	images/050_32577035.jpg	https://collections.library.yale.edu/iiif/2/32577035/full/full/0/default.jpg	e3ce8babb8f33546abb568418d1be2dbf21b510d42aeddba57b3f645d4b4d782	1818847	image/jpeg	2026-10-02T03:08:01+00:00		
yale_ms408a_collation_notes	images/051_32577036.jpg	https://collections.library.yale.edu/iiif/2/32577036/full/full/0/default.jpg	9a2415ca4e606fa95af05902b214e5cd7e397dd03b4db9d4c76d6f52b5773fb2	4671023	image/jpeg	2026-10-02T03:08:03+00:00		
yale_ms408a_collation_notes	images/055_32577040.jpg	https://collections.library.yale.edu/iiif/2/32577040/full/full/0/default.jpg	4e2dc284b71f916e3bc20665786ac7389717718e8eebad887eef5f91672c45a8	1310704	image/jpeg	2026-10-02T03:08:04+00:00		
yale_ms408a_collation_notes	images/052_32577037.jpg	https://collections.library.yale.edu/iiif/2/32577037/full/full/0/default.jpg	8081699818d65cf0007a6c506e96211038b864ad85f41adaa11d6d1654799bcd	4622600	image/jpeg	2026-10-02T03:08:05+00:00		
yale_ms408a_collation_notes	images/056_32577041.jpg	https://collections.library.yale.edu/iiif/2/32577041/full/full/0/default.jpg	305f0e4c91ccf4690ff8a98ff80395f41528c7a67b5703ed0e75275f0b08d151	1068558	image/jpeg	2026-10-02T03:08:06+00:00		
yale_ms408a_collation_notes	images/054_32577039.jpg	https://collections.library.yale.edu/iiif/2/32577039/full/full/0/default.jpg	58893c91f74fc3994b0bdff52d9c620cb2b969b051b1bd8c39ab46119deab2ba	8421956	image/jpeg	2026-10-02T03:08:07+00:00		
yale_ms408a_collation_notes	images/053_32577038.jpg	https://collections.library.yale.edu/iiif/2/32577038/full/full/0/default.jpg	7a233d1fc663299252761df1c5eaaed2342d96843f13d19eb4eea5e5394ebc21	8797923	image/jpeg	2026-10-02T03:08:07+00:00		
yale_ms408a_collation_notes	images/058_32577043.jpg	https://collections.library.yale.edu/iiif/2/32577043/full/full/0/default.jpg	f2dcaefaa82a812c78ab8f2f04e567258c4025e94b9131c9a520f6a67a422b68	1138586	image/jpeg	2026-10-02T03:08:08+00:00		
yale_ms408a_collation_notes	images/057_32577042.jpg	https://collections.library.yale.edu/iiif/2/32577042/full/full/0/default.jpg	010085fbc85d8caa72c5876b2c2d46e195385749332a1d34d97856985ef62e4d	1399919	image/jpeg	2026-10-02T03:08:08+00:00		
yale_ms408a_ciphers	iiif-manifest.json	https://collections.library.yale.edu/manifests/32576524	0230a7e369bbd11ecc3d7db7a94ff05c0bb210e4b021aef154a2f2d7dc3b0dd7	175511	application/json	2026-10-02T03:08:08+00:00		
yale_ms408a_ciphers	images/001_32576525.jpg	https://collections.library.yale.edu/iiif/2/32576525/full/full/0/default.jpg	9034a1279bee952fc09146c0ffe6425319ea2fd453d5ab67384512f8067452c3	1051839	image/jpeg	2026-10-02T03:08:09+00:00		
yale_ms408a_ciphers	images/002_32576526.jpg	https://collections.library.yale.edu/iiif/2/32576526/full/full/0/default.jpg	9e7269ce484d0892f15c7751044a2bf6bfe5b836c9ac84988f1367dbfbdaef1c	1020952	image/jpeg	2026-10-02T03:08:10+00:00		
yale_ms408a_ciphers	images/003_32576527.jpg	https://collections.library.yale.edu/iiif/2/32576527/full/full/0/default.jpg	6f50e852c8ef5bd1f5824165139b5033a68aaff566ce3f253516dd09e939a65c	4192159	image/jpeg	2026-10-02T03:08:11+00:00		
yale_ms408a_ciphers	images/004_32576528.jpg	https://collections.library.yale.edu/iiif/2/32576528/full/full/0/default.jpg	a66c88ca086055f5d514849aa7e4782a65966fa6b1b967c4ed6e8f3da562926c	4427004	image/jpeg	2026-10-02T03:08:12+00:00		
yale_ms408a_ciphers	images/006_32576530.jpg	https://collections.library.yale.edu/iiif/2/32576530/full/full/0/default.jpg	1e0a1e816ab02ec3eb91dca97c324508c14eb7a13e3f1781f3bed12bb520adc4	17098512	image/jpeg	2026-10-02T03:08:22+00:00		
yale_ms408a_ciphers	images/007_32576531.jpg	https://collections.library.yale.edu/iiif/2/32576531/full/full/0/default.jpg	8f7c4c6c38468597fd2fb87c131eafa7991d19df6c9403b34436d51cb5e68634	16669606	image/jpeg	2026-10-02T03:08:23+00:00		
yale_ms408a_ciphers	images/008_32576532.jpg	https://collections.library.yale.edu/iiif/2/32576532/full/full/0/default.jpg	682b181fd1147f211a317abca4b38416aeaaf175283933a5bb20d219366a0782	17949953	image/jpeg	2026-10-02T03:08:23+00:00		
yale_ms408a_ciphers	images/005_32576529.jpg	https://collections.library.yale.edu/iiif/2/32576529/full/full/0/default.jpg	645929c295086b41821e49f19ef9f76aafc3cbbae35eafb353da9db393905346	17322154	image/jpeg	2026-10-02T03:08:23+00:00		
yale_ms408a_ciphers	images/009_32576533.jpg	https://collections.library.yale.edu/iiif/2/32576533/full/full/0/default.jpg	afa8c9f4ea65400ac437aa1bcb35e0c47467e960f5c90cac48f7b12410a59a36	18209022	image/jpeg	2026-10-02T03:08:32+00:00		
yale_ms408a_ciphers	images/012_32576536.jpg	https://collections.library.yale.edu/iiif/2/32576536/full/full/0/default.jpg	1fb83164a529836abc8a25d492ba9667ff55363b515ff618a64ee9c24fb6f100	18526041	image/jpeg	2026-10-02T03:08:33+00:00		
yale_ms408a_ciphers	images/010_32576534.jpg	https://collections.library.yale.edu/iiif/2/32576534/full/full/0/default.jpg	28dc806457ee18ba8eb8fa4f146d89eafcc1b00ee4fd3a91a0f66414441d5d92	17237428	image/jpeg	2026-10-02T03:08:34+00:00		
yale_ms408a_ciphers	images/011_32576535.jpg	https://collections.library.yale.edu/iiif/2/32576535/full/full/0/default.jpg	c2d9a358918cdfd60df6d399a8420b8e5d83d290115b5a3f2950ed8e451b9a86	22179073	image/jpeg	2026-10-02T03:08:34+00:00		
yale_ms408a_ciphers	images/013_32576537.jpg	https://collections.library.yale.edu/iiif/2/32576537/full/full/0/default.jpg	c7b6bac64c062c712d315dbd3eccce88f32618245585f678aff960dd347cca4a	16999258	image/jpeg	2026-10-02T03:08:42+00:00		
yale_ms408a_ciphers	images/014_32576538.jpg	https://collections.library.yale.edu/iiif/2/32576538/full/full/0/default.jpg	c9e57e72c2d7d5651d97677d7ce2ba51bb9668ad86ef33d2e0dcea7d4d0d2df9	15636860	image/jpeg	2026-10-02T03:08:43+00:00		
yale_ms408a_ciphers	images/016_32576540.jpg	https://collections.library.yale.edu/iiif/2/32576540/full/full/0/default.jpg	30e60f2010155fc84b7b72be64095714e8b2b38a81250f1140b321ea9010222c	15514747	image/jpeg	2026-10-02T03:08:44+00:00		
yale_ms408a_ciphers	images/015_32576539.jpg	https://collections.library.yale.edu/iiif/2/32576539/full/full/0/default.jpg	6ea054ba1bab7ca7b491fd0df296a7f28eaabe2bbd2314da6b244996a32aa081	17309208	image/jpeg	2026-10-02T03:08:44+00:00		
yale_ms408a_ciphers	images/018_32576542.jpg	https://collections.library.yale.edu/iiif/2/32576542/full/full/0/default.jpg	18725761fc088aa414d6a0423d0bcff5d2484bf08aab12e1227b1a80d89e80f5	16911845	image/jpeg	2026-10-02T03:08:53+00:00		
yale_ms408a_ciphers	images/017_32576541.jpg	https://collections.library.yale.edu/iiif/2/32576541/full/full/0/default.jpg	c0eab5b48d8ff4dac5f347f9770266d48c43634b5aad3759908c002888fa7501	17429426	image/jpeg	2026-10-02T03:08:53+00:00		
yale_ms408a_ciphers	images/019_32576543.jpg	https://collections.library.yale.edu/iiif/2/32576543/full/full/0/default.jpg	b343094b0f2b938b31dbaa9533cccef3ebe02309cd18a55beadaae82c6d066e3	17007706	image/jpeg	2026-10-02T03:08:53+00:00		
yale_ms408a_ciphers	images/020_32576544.jpg	https://collections.library.yale.edu/iiif/2/32576544/full/full/0/default.jpg	27e1b030f27017d654b9756b819a85834334d7dc57e98e6870a7421d143c8d84	16416965	image/jpeg	2026-10-02T03:08:55+00:00		
yale_ms408a_ciphers	images/023_32576547.jpg	https://collections.library.yale.edu/iiif/2/32576547/full/full/0/default.jpg	44b70886c5376ae6debdea527d4461abdedca1ca31f67034e0f33480c0457a3c	11866621	image/jpeg	2026-10-02T03:09:00+00:00		
yale_ms408a_ciphers	images/021_32576545.jpg	https://collections.library.yale.edu/iiif/2/32576545/full/full/0/default.jpg	8f2864dc9cf8a21743c027338beb84add2708f5ec3b3f71c6a6dcb66d2c39a2d	14372239	image/jpeg	2026-10-02T03:09:00+00:00		
yale_ms408a_ciphers	images/022_32576546.jpg	https://collections.library.yale.edu/iiif/2/32576546/full/full/0/default.jpg	828a80059759f472060b43f867f31be98e68d30f1a44764e2aee77fe72c9304b	14532967	image/jpeg	2026-10-02T03:09:01+00:00		
yale_ms408a_ciphers	images/024_32576548.jpg	https://collections.library.yale.edu/iiif/2/32576548/full/full/0/default.jpg	1641816e765ebc626cec7ab52722df2decb1f29288aad600a7eb8ea9974c3435	11688831	image/jpeg	2026-10-02T03:09:02+00:00		
yale_ms408a_ciphers	images/027_32576551.jpg	https://collections.library.yale.edu/iiif/2/32576551/full/full/0/default.jpg	c2c32f9537653c48fdbb8229dedb8dc06b846a3c56dd64fe92a2a3c402603c3e	1379422	image/jpeg	2026-10-02T03:09:04+00:00		
yale_ms408a_ciphers	images/028_32576552.jpg	https://collections.library.yale.edu/iiif/2/32576552/full/full/0/default.jpg	46995028b24376720a4a3ec5355f4e03b4a1cfd279c8506c7169e6bcf439c837	1381212	image/jpeg	2026-10-02T03:09:04+00:00		
yale_ms408a_ciphers	images/029_32576553.jpg	https://collections.library.yale.edu/iiif/2/32576553/full/full/0/default.jpg	2c6e97e56b7210836ec8ab523fcf08de5b10889848ad1b90eaa5d9854f9b255a	4556391	image/jpeg	2026-10-02T03:09:07+00:00		
yale_ms408a_ciphers	images/030_32576554.jpg	https://collections.library.yale.edu/iiif/2/32576554/full/full/0/default.jpg	ffc0345e7a6897f84bbce98695ab91d26f2e42b990fa858924729e0fab4dd42e	4714647	image/jpeg	2026-10-02T03:09:07+00:00		
yale_ms408a_ciphers	images/025_32576549.jpg	https://collections.library.yale.edu/iiif/2/32576549/full/full/0/default.jpg	26d9895492e6bae389a061645f31a1cfdd7d2d7c903551edf55129ff8aa63182	13521787	image/jpeg	2026-10-02T03:09:10+00:00		
yale_ms408a_ciphers	images/026_32576550.jpg	https://collections.library.yale.edu/iiif/2/32576550/full/full/0/default.jpg	6eb8b33a57ccca7d6252acc477f5fb716ecd66c0a08bd0ae16c3f888ff6ab033	13687763	image/jpeg	2026-10-02T03:09:10+00:00		
yale_ms408a_ciphers	images/032_32576556.jpg	https://collections.library.yale.edu/iiif/2/32576556/full/full/0/default.jpg	886e91cbfa33185ae639d1a621dfe0984164a6f46639af174f5031f3977481ec	6919799	image/jpeg	2026-10-02T03:09:14+00:00		
yale_ms408a_ciphers	images/031_32576555.jpg	https://collections.library.yale.edu/iiif/2/32576555/full/full/0/default.jpg	f25320aedcfefb063ece849fa0f07c4ebeb7f6a0281aed228a1b1b1648356a56	7681357	image/jpeg	2026-10-02T03:09:14+00:00		
yale_ms408a_ciphers	images/034_32576558.jpg	https://collections.library.yale.edu/iiif/2/32576558/full/full/0/default.jpg	1db0c7f2f0a00cf6f90dd144d12d8134de3c37ab0eb8528bb6c2687835211d8f	6882814	image/jpeg	2026-10-02T03:09:15+00:00		
yale_ms408a_ciphers	images/033_32576557.jpg	https://collections.library.yale.edu/iiif/2/32576557/full/full/0/default.jpg	01395dbc3ba956e93361f051512dec2176bc7c051cf54536f2f145ae2f105d5b	7815158	image/jpeg	2026-10-02T03:09:16+00:00		
yale_ms408a_ciphers	images/035_32576559.jpg	https://collections.library.yale.edu/iiif/2/32576559/full/full/0/default.jpg	a351a767bd2500ac0496847df95fa4052093e3bead20781590b61ec4f3f9a735	7624110	image/jpeg	2026-10-02T03:09:19+00:00		
yale_ms408a_ciphers	images/036_32576560.jpg	https://collections.library.yale.edu/iiif/2/32576560/full/full/0/default.jpg	3048b6f1065c09b0068bfc53b52746220f5cbde3899c23b8391e156399d3f781	7117672	image/jpeg	2026-10-02T03:09:22+00:00		
yale_ms408a_ciphers	images/037_32576561.jpg	https://collections.library.yale.edu/iiif/2/32576561/full/full/0/default.jpg	fcaf2e6da055579b525f83479f3b092bf0e9479af289ce3c0752868df5a2be5c	7694902	image/jpeg	2026-10-02T03:09:23+00:00		
yale_ms408a_ciphers	images/038_32576562.jpg	https://collections.library.yale.edu/iiif/2/32576562/full/full/0/default.jpg	836c0f6881b2c72967673db5e1bf55d107681c9227b8d569b510ae5da17111ed	6648068	image/jpeg	2026-10-02T03:09:24+00:00		
yale_ms408a_ciphers	images/039_32576563.jpg	https://collections.library.yale.edu/iiif/2/32576563/full/full/0/default.jpg	18e8da71f1af7d13685a1821f5bfac69dcbc1d1c1e34cc3be642f3e86e64db94	7910447	image/jpeg	2026-10-02T03:09:25+00:00		
yale_ms408a_ciphers	images/040_32576564.jpg	https://collections.library.yale.edu/iiif/2/32576564/full/full/0/default.jpg	f83b4e32edf8cd6894cf8d434fea41b04150312315a3f823c705230728ad0ac1	7766290	image/jpeg	2026-10-02T03:09:27+00:00		
yale_ms408a_ciphers	images/041_32576565.jpg	https://collections.library.yale.edu/iiif/2/32576565/full/full/0/default.jpg	6ba9ddb1552c9255b29fe3e3e24edf2c613c71dd653f778ba293e5181346caa7	7855567	image/jpeg	2026-10-02T03:09:29+00:00		
yale_ms408a_ciphers	images/042_32576566.jpg	https://collections.library.yale.edu/iiif/2/32576566/full/full/0/default.jpg	5ad8238537e7b23278802e24fd90c74c7a144edb1623bb56394443cd08c1ff25	7718829	image/jpeg	2026-10-02T03:09:31+00:00		
yale_ms408a_ciphers	images/043_32576567.jpg	https://collections.library.yale.edu/iiif/2/32576567/full/full/0/default.jpg	4a5e55dbb5b0148388ee931ef580e992bf564c39a4799cd627b96d6c045da11c	7984057	image/jpeg	2026-10-02T03:09:31+00:00		
yale_ms408a_ciphers	images/045_32576569.jpg	https://collections.library.yale.edu/iiif/2/32576569/full/full/0/default.jpg	8966d2ae4ddb8b01e9c28ac600cbc929288a0389f4ed51ef1ef264fcd6c34358	7265925	image/jpeg	2026-10-02T03:09:34+00:00		
yale_ms408a_ciphers	images/044_32576568.jpg	https://collections.library.yale.edu/iiif/2/32576568/full/full/0/default.jpg	9ae95d28197c6660798aae94e34d8645871cf2d9fe2c0a53c388203a5cb78aca	7852636	image/jpeg	2026-10-02T03:09:34+00:00		
yale_ms408a_ciphers	images/046_32576570.jpg	https://collections.library.yale.edu/iiif/2/32576570/full/full/0/default.jpg	93f1c4f4d14a34f1a09dd48fc2b44beaf214a6fb69be3be3c607601ca38e492d	7056915	image/jpeg	2026-10-02T03:09:37+00:00		
yale_ms408a_ciphers	images/047_32576571.jpg	https://collections.library.yale.edu/iiif/2/32576571/full/full/0/default.jpg	0be51bdbd10eef60a4624d2c51912d2d994cb53a2e43cc15c1aacc34336cd853	8240182	image/jpeg	2026-10-02T03:09:37+00:00		
yale_ms408a_ciphers	images/048_32576572.jpg	https://collections.library.yale.edu/iiif/2/32576572/full/full/0/default.jpg	0ac04f69d8f81d7c91ac8f3ffa705d387dd454a63a4f3f1a840cb4817df2f717	7785293	image/jpeg	2026-10-02T03:09:39+00:00		
yale_ms408a_ciphers	images/049_32576573.jpg	https://collections.library.yale.edu/iiif/2/32576573/full/full/0/default.jpg	ee4e654449141c0309101fac7f75b227bdbb9163284b7399d20f1ccaf8edc6a3	7880065	image/jpeg	2026-10-02T03:09:40+00:00		
yale_ms408a_ciphers	images/050_32576574.jpg	https://collections.library.yale.edu/iiif/2/32576574/full/full/0/default.jpg	8a9c85a2b494a4acd43080868f933897a86032ef6fec9bd8e5b210920eee9177	7755779	image/jpeg	2026-10-02T03:09:42+00:00		
yale_ms408a_ciphers	images/051_32576575.jpg	https://collections.library.yale.edu/iiif/2/32576575/full/full/0/default.jpg	ef47e9b977da0e6f2c8aba6f47e4eec67c8d30cbbda0e301eb76ebcda56418ff	7857364	image/jpeg	2026-10-02T03:09:43+00:00		
yale_ms408a_ciphers	images/052_32576576.jpg	https://collections.library.yale.edu/iiif/2/32576576/full/full/0/default.jpg	1113a56620c29e07f4bc917837411b739818fdffff39de6c04cf74006bcbc7c8	7977886	image/jpeg	2026-10-02T03:09:45+00:00		
yale_ms408a_ciphers	images/053_32576577.jpg	https://collections.library.yale.edu/iiif/2/32576577/full/full/0/default.jpg	863af1480922c434bef4f7cd18992a4df54a7845ab5bde2d9556972819085992	8030013	image/jpeg	2026-10-02T03:09:45+00:00		
yale_ms408a_ciphers	images/054_32576578.jpg	https://collections.library.yale.edu/iiif/2/32576578/full/full/0/default.jpg	93c42cf9c3f08526e493f9ae8e3ea5fe62583c5cad67a7ea1888d52abc62085a	7980412	image/jpeg	2026-10-02T03:09:48+00:00		
yale_ms408a_ciphers	images/055_32576579.jpg	https://collections.library.yale.edu/iiif/2/32576579/full/full/0/default.jpg	2ec67317b0ce7f81bfac563f39fc2a2d8382d7129b8f3c15e19a314220d3838b	7438658	image/jpeg	2026-10-02T03:09:49+00:00		
yale_ms408a_ciphers	images/056_32576580.jpg	https://collections.library.yale.edu/iiif/2/32576580/full/full/0/default.jpg	9685c0667ccb66ad179a6749826ec0357790a13cd8ad32f53dded90edc0b47b9	7925173	image/jpeg	2026-10-02T03:09:51+00:00		
yale_ms408a_ciphers	images/057_32576581.jpg	https://collections.library.yale.edu/iiif/2/32576581/full/full/0/default.jpg	f283dbe8436e412ba8effddfcc648d4a3dd120d6053ff777ce6678ba387b2118	7815165	image/jpeg	2026-10-02T03:09:51+00:00		
yale_ms408a_ciphers	images/058_32576582.jpg	https://collections.library.yale.edu/iiif/2/32576582/full/full/0/default.jpg	4839c973e8c5e9b5878b5781526e72aa9bbf50b8f8a7e2a42835347d7021344c	7856544	image/jpeg	2026-10-02T03:09:55+00:00		
yale_ms408a_ciphers	images/059_32576583.jpg	https://collections.library.yale.edu/iiif/2/32576583/full/full/0/default.jpg	5f554e9b45ce87185ffca5a37a34d260d5a8d3b7ea6aa2d8cf102aad75525b94	8058916	image/jpeg	2026-10-02T03:09:55+00:00		
yale_ms408a_ciphers	images/061_32576585.jpg	https://collections.library.yale.edu/iiif/2/32576585/full/full/0/default.jpg	59ad8bc264f463fc1ccf824a4b43c1ed5c8f0db27fd0e751f3f10ed17c160d1b	8006790	image/jpeg	2026-10-02T03:09:57+00:00		
yale_ms408a_ciphers	images/060_32576584.jpg	https://collections.library.yale.edu/iiif/2/32576584/full/full/0/default.jpg	0058bc3a6b5ebb7bdb7e31227bde8b154aa8eb0abec7a0b6b74ec01fd56660b0	7894704	image/jpeg	2026-10-02T03:09:57+00:00		
yale_ms408a_ciphers	images/064_32576588.jpg	https://collections.library.yale.edu/iiif/2/32576588/full/full/0/default.jpg	2f663912bb0c89bd102818b49bd44cf6d6734df45bdf5e248b22674a207dc142	7904943	image/jpeg	2026-10-02T03:10:02+00:00		
yale_ms408a_ciphers	images/062_32576586.jpg	https://collections.library.yale.edu/iiif/2/32576586/full/full/0/default.jpg	5fb01b44639d428c544830215ffcf413356417e56fe92d611ea0a5ab65432ed2	7880985	image/jpeg	2026-10-02T03:10:02+00:00		
yale_ms408a_ciphers	images/063_32576587.jpg	https://collections.library.yale.edu/iiif/2/32576587/full/full/0/default.jpg	c63d31dfea9274c3fa0abfd4ff5a51fac3c027c1cfb3b45bf3cd996141f0f995	8017071	image/jpeg	2026-10-02T03:10:02+00:00		
yale_ms408a_ciphers	images/065_32576589.jpg	https://collections.library.yale.edu/iiif/2/32576589/full/full/0/default.jpg	9dfed545bcb3c66f81dfcc178d65758dda8afcaa5d7ceb960852e6e3bf5a9ac4	7873527	image/jpeg	2026-10-02T03:10:04+00:00		
yale_ms408a_ciphers	images/066_32576590.jpg	https://collections.library.yale.edu/iiif/2/32576590/full/full/0/default.jpg	e96885a17b1cc62a44da39934a8c1384e66f528f99a8bf9693fdc4b1634c3a7a	7881613	image/jpeg	2026-10-02T03:10:08+00:00		
yale_ms408a_ciphers	images/068_32576592.jpg	https://collections.library.yale.edu/iiif/2/32576592/full/full/0/default.jpg	7ae0588fbd68f2831f66563c52124ea4c6bb9e451abcd0b1c3df387a33116312	7873724	image/jpeg	2026-10-02T03:10:09+00:00		
yale_ms408a_ciphers	images/067_32576591.jpg	https://collections.library.yale.edu/iiif/2/32576591/full/full/0/default.jpg	a81e5a0d344fd597415e9ea4f8d13288d18c9a3e8069c4eebc1610ce9acf2806	7999211	image/jpeg	2026-10-02T03:10:09+00:00		
yale_ms408a_ciphers	images/069_32576593.jpg	https://collections.library.yale.edu/iiif/2/32576593/full/full/0/default.jpg	1ec32f9ae5ac37a6cb8110696898b7b44e6e235ed673cf00628b4827ae14e260	7917032	image/jpeg	2026-10-02T03:10:11+00:00		
yale_ms408a_ciphers	images/071_32576595.jpg	https://collections.library.yale.edu/iiif/2/32576595/full/full/0/default.jpg	0d5976f4d965eaeff74a31dde6d9a2014d45c3f0d375a86be08ea9d626773691	8245106	image/jpeg	2026-10-02T03:10:15+00:00		
yale_ms408a_ciphers	images/070_32576594.jpg	https://collections.library.yale.edu/iiif/2/32576594/full/full/0/default.jpg	63ff6ef56f3fe92e0cd6eacb9eca03fd969aa9958a32931308d5de3c691a7210	7891381	image/jpeg	2026-10-02T03:10:16+00:00		
yale_ms408a_ciphers	images/073_32576597.jpg	https://collections.library.yale.edu/iiif/2/32576597/full/full/0/default.jpg	753335fe7bbde2fcd35070952a88e80851e205bbb33004d32f0109b7e009443a	8215827	image/jpeg	2026-10-02T03:10:16+00:00		
yale_ms408a_ciphers	images/072_32576596.jpg	https://collections.library.yale.edu/iiif/2/32576596/full/full/0/default.jpg	3e9075db7ba24be6797ca3e2ef9c75a279ed63e90ce7ab8b76d875835ab8c1c3	7921942	image/jpeg	2026-10-02T03:10:17+00:00		
yale_ms408a_ciphers	images/074_32576598.jpg	https://collections.library.yale.edu/iiif/2/32576598/full/full/0/default.jpg	4de78caf15a4be44f81e6b185279837f890b78f6d6d2518ca683199d8a1bc8b4	7871526	image/jpeg	2026-10-02T03:10:21+00:00		
yale_ms408a_ciphers	images/076_32576600.jpg	https://collections.library.yale.edu/iiif/2/32576600/full/full/0/default.jpg	129171fe70f7361f8dd540d924e796fb7f61882e9ac161b48b0bead2479e6849	7847755	image/jpeg	2026-10-02T03:10:22+00:00		
yale_ms408a_ciphers	images/075_32576599.jpg	https://collections.library.yale.edu/iiif/2/32576599/full/full/0/default.jpg	aebe697c487cb7e8a36cc5c1273483cc3ae7c950c8d2ac2c0dfa09cc35d34f6a	8042404	image/jpeg	2026-10-02T03:10:22+00:00		
yale_ms408a_ciphers	images/077_32576601.jpg	https://collections.library.yale.edu/iiif/2/32576601/full/full/0/default.jpg	60ad54a287216753f2e40f4900f14563e261c66f663c3a4a3e78c84affb25bbe	8027519	image/jpeg	2026-10-02T03:10:23+00:00		
yale_ms408a_ciphers	images/078_32576602.jpg	https://collections.library.yale.edu/iiif/2/32576602/full/full/0/default.jpg	ca232d6df73d519b1ad34c31ae8c5ea44c13cb6bc3d9357809017fd00caa8dbd	7809917	image/jpeg	2026-10-02T03:10:27+00:00		
yale_ms408a_ciphers	images/079_32576603.jpg	https://collections.library.yale.edu/iiif/2/32576603/full/full/0/default.jpg	6268e1ff8d7d8e4cd9cb3d6f6ef2f1dca11dd9b45b931b783f597462778bd172	7952163	image/jpeg	2026-10-02T03:10:27+00:00		
yale_ms408a_ciphers	images/080_32576604.jpg	https://collections.library.yale.edu/iiif/2/32576604/full/full/0/default.jpg	08a8a12928da1d74b1b6aab521af4176876e634f5ecd94d1d626176414f8ee16	7736688	image/jpeg	2026-10-02T03:10:27+00:00		
yale_ms408a_ciphers	images/081_32576605.jpg	https://collections.library.yale.edu/iiif/2/32576605/full/full/0/default.jpg	06e39ed140f429ecd12826e30835bd43154267d0063f306a855782a1167cb452	8007932	image/jpeg	2026-10-02T03:10:29+00:00		
yale_ms408a_ciphers	images/082_32576606.jpg	https://collections.library.yale.edu/iiif/2/32576606/full/full/0/default.jpg	f88b5d2fbde5cdd999d059b673fe9e2d13f3217ef800cd8e1405835b202734ff	7826294	image/jpeg	2026-10-02T03:10:32+00:00		
yale_ms408a_ciphers	images/083_32576607.jpg	https://collections.library.yale.edu/iiif/2/32576607/full/full/0/default.jpg	71f05f0c907f5d2233984d148db5df4e612ca142b429440f6a434905fd7a75c8	8046613	image/jpeg	2026-10-02T03:10:33+00:00		
yale_ms408a_ciphers	images/084_32576608.jpg	https://collections.library.yale.edu/iiif/2/32576608/full/full/0/default.jpg	e442aa189d392582962282e2aa9a1851eb5a792d7f12fee6f1c4b271d4c2f38e	7886234	image/jpeg	2026-10-02T03:10:34+00:00		
yale_ms408a_ciphers	images/085_32576609.jpg	https://collections.library.yale.edu/iiif/2/32576609/full/full/0/default.jpg	30efc5523cc8acac9735b26fb138421ba13316fb52d0b109a28591d1f8a69c7a	7798195	image/jpeg	2026-10-02T03:10:35+00:00		
yale_ms408a_ciphers	images/086_32576610.jpg	https://collections.library.yale.edu/iiif/2/32576610/full/full/0/default.jpg	3460b7e42e8fbe02514a0573afe44e67e5054e24b349053df4eafabe0aaec73f	7836399	image/jpeg	2026-10-02T03:10:37+00:00		
yale_ms408a_roger_bacon	iiif-manifest.json	https://collections.library.yale.edu/manifests/32576611	bc8aa1dc49278d6af0692ec051315d291a999ce04068d0e09c119623715f0a5b	106336	application/json	2026-10-02T03:10:37+00:00		
yale_ms408a_roger_bacon	images/002_32576613.jpg	https://collections.library.yale.edu/iiif/2/32576613/full/full/0/default.jpg	6aa42cd89650d9a64168a6f00ce0117570c476759be40a8dfdf2e85bf366e5d4	2245071	image/jpeg	2026-10-02T03:10:39+00:00		
yale_ms408a_roger_bacon	images/004_32576615.jpg	https://collections.library.yale.edu/iiif/2/32576615/full/full/0/default.jpg	8ea44b312d7fbfeaaf2d985aee010a1ff0413b637c84b452b55b3dd0810fdc41	5125583	image/jpeg	2026-10-02T03:10:41+00:00		
yale_ms408a_roger_bacon	images/003_32576614.jpg	https://collections.library.yale.edu/iiif/2/32576614/full/full/0/default.jpg	5166541301609da3162f05fe1a3f90f2150e65efd04a1a7a22a94e99d23165c3	5370581	image/jpeg	2026-10-02T03:10:41+00:00		
yale_ms408a_roger_bacon	images/001_32576612.jpg	https://collections.library.yale.edu/iiif/2/32576612/full/full/0/default.jpg	d0c071ed1a53d6ca140e74064a38bf80c45fd2f735df24346215da61a2f0810d	2589783	image/jpeg	2026-10-02T03:10:41+00:00		
yale_ms408a_roger_bacon	images/005_32576616.jpg	https://collections.library.yale.edu/iiif/2/32576616/full/full/0/default.jpg	93c597afee955bcc471a9d97aa1b7ec242c4033e0faa4407d8e74cc780bdd190	4053454	image/jpeg	2026-10-02T03:10:42+00:00		
yale_ms408a_roger_bacon	images/007_32576618.jpg	https://collections.library.yale.edu/iiif/2/32576618/full/full/0/default.jpg	0dd08a6ff530e0d3508f4815a25a8e9ccee8ff8b5a9affb264fd7221af26a0b7	3391742	image/jpeg	2026-10-02T03:10:44+00:00		
yale_ms408a_roger_bacon	images/006_32576617.jpg	https://collections.library.yale.edu/iiif/2/32576617/full/full/0/default.jpg	0713ab55e60c9796e98abbe556b293e06d08cdc3c98828f82ab88d0979d38a3a	3618557	image/jpeg	2026-10-02T03:10:45+00:00		
yale_ms408a_roger_bacon	images/008_32576619.jpg	https://collections.library.yale.edu/iiif/2/32576619/full/full/0/default.jpg	02ac9ddd1427657750d9b57987ade59cbe016496c545b8c501339a32698ac944	3067014	image/jpeg	2026-10-02T03:10:45+00:00		
yale_ms408a_roger_bacon	images/009_32576620.jpg	https://collections.library.yale.edu/iiif/2/32576620/full/full/0/default.jpg	bc3f27a71d29cd55a4dfaa966f88774cbd78d9950f5111a1feff88a7572ede94	3450424	image/jpeg	2026-10-02T03:10:46+00:00		
yale_ms408a_roger_bacon	images/010_32576621.jpg	https://collections.library.yale.edu/iiif/2/32576621/full/full/0/default.jpg	0adba90f0dc38a78844ce5e6daef17b9b44a9eab1812a5541c8e605b93f27d9e	3162450	image/jpeg	2026-10-02T03:10:47+00:00		
yale_ms408a_roger_bacon	images/011_32576622.jpg	https://collections.library.yale.edu/iiif/2/32576622/full/full/0/default.jpg	26d02a01c35d261fcbd18cdee6994aafe24d3e22faaadff692132412a2e12594	3450865	image/jpeg	2026-10-02T03:10:47+00:00		
yale_ms408a_roger_bacon	images/012_32576623.jpg	https://collections.library.yale.edu/iiif/2/32576623/full/full/0/default.jpg	4bec14c8c1619b19d5c43dafdd9a2da207ed40d5bef5d07bf2862f7d863839d1	3320795	image/jpeg	2026-10-02T03:10:49+00:00		
yale_ms408a_roger_bacon	images/013_32576624.jpg	https://collections.library.yale.edu/iiif/2/32576624/full/full/0/default.jpg	30c85de55149e0d6a20abbbcaf877041777760b306459d82dbc985b6c7256eb8	3448233	image/jpeg	2026-10-02T03:10:49+00:00		
yale_ms408a_roger_bacon	images/014_32576625.jpg	https://collections.library.yale.edu/iiif/2/32576625/full/full/0/default.jpg	d804cdfac89dd417ebc3bf183fe2a45bd1b2a9b138903f2cd1237f6de6f351ce	3148095	image/jpeg	2026-10-02T03:10:51+00:00		
yale_ms408a_roger_bacon	images/015_32576626.jpg	https://collections.library.yale.edu/iiif/2/32576626/full/full/0/default.jpg	ea4c713585456597e76728724730aa1e466527b38e9d4f046b924323b408dcec	3396776	image/jpeg	2026-10-02T03:10:51+00:00		
yale_ms408a_roger_bacon	images/016_32576627.jpg	https://collections.library.yale.edu/iiif/2/32576627/full/full/0/default.jpg	7081559a3d61a0b23f04edc894e551ad7f9984e2392dcb7d66d057e6d7c8f554	3150992	image/jpeg	2026-10-02T03:10:52+00:00		
yale_ms408a_roger_bacon	images/017_32576628.jpg	https://collections.library.yale.edu/iiif/2/32576628/full/full/0/default.jpg	0deb3e4730a08799258c91da0dbf5b45678cb8e3f38f1d1406662fcd9f492cac	4433868	image/jpeg	2026-10-02T03:10:52+00:00		
yale_ms408a_roger_bacon	images/018_32576629.jpg	https://collections.library.yale.edu/iiif/2/32576629/full/full/0/default.jpg	0298b3860f50d80807e73874072ed7b8c2114722cbb48f7d77d32b09566b18c0	2931112	image/jpeg	2026-10-02T03:10:55+00:00		
yale_ms408a_roger_bacon	images/019_32576630.jpg	https://collections.library.yale.edu/iiif/2/32576630/full/full/0/default.jpg	1ce0facac16bc215143313d01e2af36dbf3f5427c4a79837d524b3fb33a0dd17	4055640	image/jpeg	2026-10-02T03:10:55+00:00		
yale_ms408a_roger_bacon	images/020_32576631.jpg	https://collections.library.yale.edu/iiif/2/32576631/full/full/0/default.jpg	23110ea414794de39102a88e62ed7d388f5eb67b2138b6f5348c75c0c6c695cd	2879887	image/jpeg	2026-10-02T03:10:55+00:00		
yale_ms408a_roger_bacon	images/021_32576632.jpg	https://collections.library.yale.edu/iiif/2/32576632/full/full/0/default.jpg	cb2f8845db36a3ce4e82b46d61926da56326359cb1132f9764c7560ea436ab65	4207571	image/jpeg	2026-10-02T03:10:57+00:00		
yale_ms408a_roger_bacon	images/022_32576633.jpg	https://collections.library.yale.edu/iiif/2/32576633/full/full/0/default.jpg	6f195d8394ea8934535df17e44933f953f4de3047e7b61ea0bfcac53dae24ac3	2876282	image/jpeg	2026-10-02T03:10:57+00:00		
yale_ms408a_roger_bacon	images/023_32576634.jpg	https://collections.library.yale.edu/iiif/2/32576634/full/full/0/default.jpg	b57442f7a729d11cb2738948ae55666f973369541c61dde330dad27a1f751a24	3971637	image/jpeg	2026-10-02T03:10:58+00:00		
yale_ms408a_roger_bacon	images/024_32576635.jpg	https://collections.library.yale.edu/iiif/2/32576635/full/full/0/default.jpg	d2c1f6c969f4fc1d9affc0324c7935910ae8656334695fe66dcc1ed8872073db	2818308	image/jpeg	2026-10-02T03:10:58+00:00		
yale_ms408a_roger_bacon	images/026_32576637.jpg	https://collections.library.yale.edu/iiif/2/32576637/full/full/0/default.jpg	dbc5e9541c45ba667285ca2ec733d9d75b813e8c82719c1daa19b5bf57a8eb24	2886940	image/jpeg	2026-10-02T03:11:01+00:00		
yale_ms408a_roger_bacon	images/025_32576636.jpg	https://collections.library.yale.edu/iiif/2/32576636/full/full/0/default.jpg	64245af8e7c2d9c2818fad951fe57124b72677a07a2b60a5b63b4e5507a35691	3843796	image/jpeg	2026-10-02T03:11:01+00:00		
yale_ms408a_roger_bacon	images/028_32576639.jpg	https://collections.library.yale.edu/iiif/2/32576639/full/full/0/default.jpg	c9f67cdae0743759872e23e5661a4ab185cfa395e38187ff04e70501537a67e9	2878780	image/jpeg	2026-10-02T03:11:01+00:00		
yale_ms408a_roger_bacon	images/027_32576638.jpg	https://collections.library.yale.edu/iiif/2/32576638/full/full/0/default.jpg	756cc5cba9a0313ac6930df8222f58969a74353f90b21f3b0f2f1b1895df452d	4367398	image/jpeg	2026-10-02T03:11:01+00:00		
yale_ms408a_roger_bacon	images/030_32576641.jpg	https://collections.library.yale.edu/iiif/2/32576641/full/full/0/default.jpg	594a4b414270e6e0f3811dd610bf237a0de9aebd8e5d1af250002b3d5cf16285	3258262	image/jpeg	2026-10-02T03:11:05+00:00		
yale_ms408a_roger_bacon	images/029_32576640.jpg	https://collections.library.yale.edu/iiif/2/32576640/full/full/0/default.jpg	cd37b2a15dbd1328b2ee78ae0868cbbd3aeda805b8219da38165b7f56fa34620	3993087	image/jpeg	2026-10-02T03:11:05+00:00		
yale_ms408a_roger_bacon	images/032_32576643.jpg	https://collections.library.yale.edu/iiif/2/32576643/full/full/0/default.jpg	0b17055a198f5560e7845b9bbac7f2488e1da0651508a1a94edacd12c19c98d6	7571123	image/jpeg	2026-10-02T03:11:06+00:00		
yale_ms408a_roger_bacon	images/031_32576642.jpg	https://collections.library.yale.edu/iiif/2/32576642/full/full/0/default.jpg	9840caa404e3a3f4d9f2f73ddaa825b38e3ff538e165f4e3cc0b3332f1d4eb2e	7479058	image/jpeg	2026-10-02T03:11:06+00:00		
yale_ms408a_roger_bacon	images/035_32576646.jpg	https://collections.library.yale.edu/iiif/2/32576646/full/full/0/default.jpg	ae9ee50f3114cc4c9e564b4fe1b2ed3e26c850966f71a72c2cf597619cb3df38	976233	image/jpeg	2026-10-02T03:11:08+00:00		
yale_ms408a_roger_bacon	images/036_32576647.jpg	https://collections.library.yale.edu/iiif/2/32576647/full/full/0/default.jpg	f8be23018ccadb80f408a2d9cef8dded5fb776dc9dce06f0c627ff586c1f6f4c	994651	image/jpeg	2026-10-02T03:11:08+00:00		
yale_ms408a_roger_bacon	images/038_32576649.jpg	https://collections.library.yale.edu/iiif/2/32576649/full/full/0/default.jpg	798f15170365ed3e3778ace5f5f989591371e053a846294e887423fa71cc7cac	951741	image/jpeg	2026-10-02T03:11:10+00:00		
yale_ms408a_roger_bacon	images/037_32576648.jpg	https://collections.library.yale.edu/iiif/2/32576648/full/full/0/default.jpg	8f12a81265c9281fd70a62cfbe055cf6830532ee44dba0053f657a1b70e09ecd	1155822	image/jpeg	2026-10-02T03:11:10+00:00		
yale_ms408a_roger_bacon	images/039_32576650.jpg	https://collections.library.yale.edu/iiif/2/32576650/full/full/0/default.jpg	fe5846ba5d8211908bad249f3941e71f897155576e98516eddc80fd69edaa20e	1533721	image/jpeg	2026-10-02T03:11:11+00:00		
yale_ms408a_roger_bacon	images/040_32576651.jpg	https://collections.library.yale.edu/iiif/2/32576651/full/full/0/default.jpg	f725ae2becce3e7e22c289a781e03dd79c25289e324aa23a6204de0a8035e8fe	1723943	image/jpeg	2026-10-02T03:11:12+00:00		
yale_ms408a_roger_bacon	images/041_32576652.jpg	https://collections.library.yale.edu/iiif/2/32576652/full/full/0/default.jpg	030dd993940a89397a4d3fa31e0bf6d3ef6348f164db9de6498d63f083856b33	1484890	image/jpeg	2026-10-02T03:11:13+00:00		
yale_ms408a_roger_bacon	images/042_32576653.jpg	https://collections.library.yale.edu/iiif/2/32576653/full/full/0/default.jpg	c1750aa03fafd3af913692a681491d8184b42c93b3b82fd0e44007e161cf9ae2	1573563	image/jpeg	2026-10-02T03:11:13+00:00		
yale_ms408a_roger_bacon	images/033_32576644.jpg	https://collections.library.yale.edu/iiif/2/32576644/full/full/0/default.jpg	abfbcf0f505809b983950528c8a604378667eacd40f1445a77826167ff27ab5c	21077126	image/jpeg	2026-10-02T03:11:16+00:00		
yale_ms408a_roger_bacon	images/043_32576654.jpg	https://collections.library.yale.edu/iiif/2/32576654/full/full/0/default.jpg	27fd830c6e04f855033b9de0b8bbab3debd896668d1bcbf5fcad53287764ec79	3413164	image/jpeg	2026-10-02T03:11:16+00:00		
yale_ms408a_roger_bacon	images/044_32576655.jpg	https://collections.library.yale.edu/iiif/2/32576655/full/full/0/default.jpg	a8379dad7a7fb96f8a529459d7448fef284e109e45434e994ec198f8309f2434	3302472	image/jpeg	2026-10-02T03:11:16+00:00		
yale_ms408a_roger_bacon	images/034_32576645.jpg	https://collections.library.yale.edu/iiif/2/32576645/full/full/0/default.jpg	aa45fa2a11069b10c9bbb76a269197f6a5b733b79ab75dece35732646714fdc1	22711805	image/jpeg	2026-10-02T03:11:17+00:00		
yale_ms408a_roger_bacon	images/045_32576656.jpg	https://collections.library.yale.edu/iiif/2/32576656/full/full/0/default.jpg	370cb8594d5bdabfb6a6f791c0f6a26611bfed004811d9ed3386ae046116cdc6	3307557	image/jpeg	2026-10-02T03:11:18+00:00		
yale_ms408a_roger_bacon	images/046_32576657.jpg	https://collections.library.yale.edu/iiif/2/32576657/full/full/0/default.jpg	a2e4eecfac099a862c8d394b0d27a7b969511f1908acb99ead8170e2c083266c	3292525	image/jpeg	2026-10-02T03:11:19+00:00		
yale_ms408a_roger_bacon	images/047_32576658.jpg	https://collections.library.yale.edu/iiif/2/32576658/full/full/0/default.jpg	b80a23190d1825f50914720807a6d73ee888eb8f468bd353ca9a20a60479edcd	3301935	image/jpeg	2026-10-02T03:11:19+00:00		
yale_ms408a_roger_bacon	images/048_32576659.jpg	https://collections.library.yale.edu/iiif/2/32576659/full/full/0/default.jpg	f293aa43e066e451f7c3b04253653d33707a6e6462e383ac71a24d7151ceeabe	3144256	image/jpeg	2026-10-02T03:11:19+00:00		
yale_ms408a_roger_bacon	images/051_32576662.jpg	https://collections.library.yale.edu/iiif/2/32576662/full/full/0/default.jpg	413db159ffba3d8be75b5232464a08587e38c135cd45fa92a72b3ce28464f28c	3429868	image/jpeg	2026-10-02T03:11:21+00:00		
yale_ms408a_roger_bacon	images/049_32576660.jpg	https://collections.library.yale.edu/iiif/2/32576660/full/full/0/default.jpg	887025d0ad93e0bdbfe651012704b8ada34139f6de4f37defe179ced58f59ca9	3395410	image/jpeg	2026-10-02T03:11:21+00:00		
yale_ms408a_roger_bacon	images/050_32576661.jpg	https://collections.library.yale.edu/iiif/2/32576661/full/full/0/default.jpg	67dc7a33ccbd8402c0b6d530ffcea17b97c3fb75da9a00b9d9bab4b109c0951d	3298198	image/jpeg	2026-10-02T03:11:22+00:00		
yale_ms408a_roger_bacon	images/052_32576663.jpg	https://collections.library.yale.edu/iiif/2/32576663/full/full/0/default.jpg	2a04f933d5a57c45cd3b39f581516a805a40c71f2982043b1820f1e94cf680a7	3161009	image/jpeg	2026-10-02T03:11:22+00:00		
yale_ms408a_plant_ids_ethel	iiif-manifest.json	https://collections.library.yale.edu/manifests/32576679	e52d2df10f86461fa8240903b37ce32f994ab6cf1059556ad60c4a45baa7d798	266649	application/json	2026-10-02T03:11:22+00:00		
yale_ms408a_plant_ids_ethel	images/004_32576683.jpg	https://collections.library.yale.edu/iiif/2/32576683/full/full/0/default.jpg	efeca07570ea99541e55da8cacdc2be12d6288a43cb2d04877b1c79c277f65d1	2007291	image/jpeg	2026-10-02T03:11:24+00:00		
yale_ms408a_plant_ids_ethel	images/003_32576682.jpg	https://collections.library.yale.edu/iiif/2/32576682/full/full/0/default.jpg	4b3e5e2b5b2b9732db7c70c773b363ca2a2a85027bb515a78f907a752584f9aa	2944296	image/jpeg	2026-10-02T03:11:25+00:00		
yale_ms408a_plant_ids_ethel	images/002_32576681.jpg	https://collections.library.yale.edu/iiif/2/32576681/full/full/0/default.jpg	d5e142e1e517bb31fbb390374d473257c06cbbdc86d528f18c8951f5f8674b9f	2939408	image/jpeg	2026-10-02T03:11:25+00:00		
yale_ms408a_plant_ids_ethel	images/005_32576684.jpg	https://collections.library.yale.edu/iiif/2/32576684/full/full/0/default.jpg	f13033abc73f6898247a6ae3fc5c184703ddf80f2508024a4c1bd76b7059fb67	1948014	image/jpeg	2026-10-02T03:11:26+00:00		
yale_ms408a_plant_ids_ethel	images/001_32576680.jpg	https://collections.library.yale.edu/iiif/2/32576680/full/full/0/default.jpg	c1aef1b2379e541b6bd2bf2f8a81b9e1d082a587542f7d14fe1e02f8ffaeb1a4	7413863	image/jpeg	2026-10-02T03:11:27+00:00		
yale_ms408a_plant_ids_ethel	images/007_32576686.jpg	https://collections.library.yale.edu/iiif/2/32576686/full/full/0/default.jpg	53a1e4e59be531bc8a6c96bde64f0a324dc5c1c35b691ce132a365eb6681ab55	7032794	image/jpeg	2026-10-02T03:11:30+00:00		
yale_ms408a_plant_ids_ethel	images/006_32576685.jpg	https://collections.library.yale.edu/iiif/2/32576685/full/full/0/default.jpg	6ff3c08d6ff432e56ce7b74568384ddbc51ed376a0ebf2a47ec65d4786a6b716	7507833	image/jpeg	2026-10-02T03:11:30+00:00		
yale_ms408a_plant_ids_ethel	images/008_32576687.jpg	https://collections.library.yale.edu/iiif/2/32576687/full/full/0/default.jpg	36e07779ef9145c873754b0e2baee134bd198b818ef753affdc491cf70907714	7775003	image/jpeg	2026-10-02T03:11:31+00:00		
yale_ms408a_plant_ids_ethel	images/009_32576688.jpg	https://collections.library.yale.edu/iiif/2/32576688/full/full/0/default.jpg	a3eb6e857271c433afcf2070abfc1a92eae6fb17bf03446778df47c0e3d84489	6931469	image/jpeg	2026-10-02T03:11:32+00:00		
yale_ms408a_plant_ids_ethel	images/010_32576689.jpg	https://collections.library.yale.edu/iiif/2/32576689/full/full/0/default.jpg	85fbe6d7de489d780dd3d99b69a96a2279e9bd8ee604f3487a5bba74c8246790	7720787	image/jpeg	2026-10-02T03:11:35+00:00		
yale_ms408a_plant_ids_ethel	images/011_32576690.jpg	https://collections.library.yale.edu/iiif/2/32576690/full/full/0/default.jpg	98acf2675357c4bcb84b00b630b55e1636d38e5935293a9e6382647baf32588a	6758216	image/jpeg	2026-10-02T03:11:35+00:00		
yale_ms408a_plant_ids_ethel	images/012_32576691.jpg	https://collections.library.yale.edu/iiif/2/32576691/full/full/0/default.jpg	87ce5cf65db5ba989f1573032a2259200f043302bef5a8ebca5cef6e95de8e5c	7889139	image/jpeg	2026-10-02T03:11:36+00:00		
yale_ms408a_plant_ids_ethel	images/013_32576692.jpg	https://collections.library.yale.edu/iiif/2/32576692/full/full/0/default.jpg	f601590c5946947045f7dfb42efc01323d375e7b24d1f26a1f285fde84ddfcd9	6864438	image/jpeg	2026-10-02T03:11:37+00:00		
yale_ms408a_plant_ids_ethel	images/015_32576694.jpg	https://collections.library.yale.edu/iiif/2/32576694/full/full/0/default.jpg	cbaca6e0ff92a9f595d897225df22ea80c0b649c9372d478875db305a48567af	5279906	image/jpeg	2026-10-02T03:11:39+00:00		
yale_ms408a_plant_ids_ethel	images/014_32576693.jpg	https://collections.library.yale.edu/iiif/2/32576693/full/full/0/default.jpg	c87b09c07a8ffb3e1b40d6ce3937a6cf51ad10f7e3c0ba1bb920e0d864ca3a01	5631341	image/jpeg	2026-10-02T03:11:40+00:00		
yale_ms408a_plant_ids_ethel	images/016_32576695.jpg	https://collections.library.yale.edu/iiif/2/32576695/full/full/0/default.jpg	82778333924452c0f2210761ad5eb7f74b61a7b14f7a409913add163baa7fdf3	5978623	image/jpeg	2026-10-02T03:11:40+00:00		
yale_ms408a_plant_ids_ethel	images/017_32576696.jpg	https://collections.library.yale.edu/iiif/2/32576696/full/full/0/default.jpg	e5460d55f120473c2670f3887080d348d3252ca162525f39212376aaa289371d	5031668	image/jpeg	2026-10-02T03:11:43+00:00		
yale_ms408a_plant_ids_ethel	images/018_32576697.jpg	https://collections.library.yale.edu/iiif/2/32576697/full/full/0/default.jpg	29fd0894a36208f1a60c1ecc6650818459c1a908a20272dc9c15022c401c06eb	5855145	image/jpeg	2026-10-02T03:11:43+00:00		
yale_ms408a_plant_ids_ethel	images/019_32576698.jpg	https://collections.library.yale.edu/iiif/2/32576698/full/full/0/default.jpg	2868d26c69e03ef50c52ca172792c8806890c02a883839022527344fe6f0a6fb	5097398	image/jpeg	2026-10-02T03:11:44+00:00		
yale_ms408a_plant_ids_ethel	images/020_32576699.jpg	https://collections.library.yale.edu/iiif/2/32576699/full/full/0/default.jpg	d3b5304e7e1c05c8cfea144439ae165c11e775fc93a2b32810f76dd8b2a82b91	6077311	image/jpeg	2026-10-02T03:11:45+00:00		
yale_ms408a_plant_ids_ethel	images/021_32576700.jpg	https://collections.library.yale.edu/iiif/2/32576700/full/full/0/default.jpg	8cf71bdd53db9e4c687c9cb9484b24811620f80c5f0219bf0d0e5c9c10ec581a	5225085	image/jpeg	2026-10-02T03:11:47+00:00		
yale_ms408a_plant_ids_ethel	images/022_32576701.jpg	https://collections.library.yale.edu/iiif/2/32576701/full/full/0/default.jpg	6a1b630805166b2f2d62365d356b0c7772a62e8e7fbc7c437a8eebda7d736e72	5762497	image/jpeg	2026-10-02T03:11:48+00:00		
yale_ms408a_plant_ids_ethel	images/023_32576702.jpg	https://collections.library.yale.edu/iiif/2/32576702/full/full/0/default.jpg	913f315c94c5b8524ceb265b00739ba7be7788a05955eb0046e5c3c0039fd7a2	5206580	image/jpeg	2026-10-02T03:11:50+00:00		
yale_ms408a_plant_ids_ethel	images/024_32576703.jpg	https://collections.library.yale.edu/iiif/2/32576703/full/full/0/default.jpg	2f25cb2562e7e3eb3462e3a63b807a700a608851c9c19577d45d97658cdd4a04	3153798	image/jpeg	2026-10-02T03:11:51+00:00		
yale_ms408a_plant_ids_ethel	images/025_32576704.jpg	https://collections.library.yale.edu/iiif/2/32576704/full/full/0/default.jpg	83b17e226c29fe5cc2de4a477183788af9ebcd1cef79ea5b8ab1d3ded5fd3e77	5239772	image/jpeg	2026-10-02T03:11:52+00:00		
yale_ms408a_plant_ids_ethel	images/026_32576705.jpg	https://collections.library.yale.edu/iiif/2/32576705/full/full/0/default.jpg	12ba65fd252e7ff456b3ee8626217bc97286ddf7497254cc950824ee7dbb4a07	6023392	image/jpeg	2026-10-02T03:11:53+00:00		
yale_ms408a_plant_ids_ethel	images/027_32576706.jpg	https://collections.library.yale.edu/iiif/2/32576706/full/full/0/default.jpg	35cc6b9b446032c12ae4974e0f1f30568556f0a657ea64c4b72acf09da072d44	5229173	image/jpeg	2026-10-02T03:11:55+00:00		
yale_ms408a_plant_ids_ethel	images/029_32576708.jpg	https://collections.library.yale.edu/iiif/2/32576708/full/full/0/default.jpg	9662691f4375d270f8bbe03ed3872e82a0f6c800c73be26d98ed310b05f129ed	5162041	image/jpeg	2026-10-02T03:11:57+00:00		
yale_ms408a_plant_ids_ethel	images/028_32576707.jpg	https://collections.library.yale.edu/iiif/2/32576707/full/full/0/default.jpg	ae8cb9be3e16fa86e34c985d23876ce3a3cdd68ae2d70570041fae4d994b4347	6080042	image/jpeg	2026-10-02T03:11:57+00:00		
yale_ms408a_plant_ids_ethel	images/030_32576709.jpg	https://collections.library.yale.edu/iiif/2/32576709/full/full/0/default.jpg	388b8d53a5606aea36926d0090dc9e7b2746583e0c25192104fab2095edb106d	5820342	image/jpeg	2026-10-02T03:11:57+00:00		
yale_ms408a_plant_ids_ethel	images/031_32576710.jpg	https://collections.library.yale.edu/iiif/2/32576710/full/full/0/default.jpg	5f2473af504499f52ea0f0a2e07d97450c35dc85bdaeea98019fa88b7a87b302	5048021	image/jpeg	2026-10-02T03:11:59+00:00		
yale_ms408a_plant_ids_ethel	images/033_32576712.jpg	https://collections.library.yale.edu/iiif/2/32576712/full/full/0/default.jpg	9d5812342de77159bcce448354b573925d08233fe698420d3f3860f1e23d55b9	4380692	image/jpeg	2026-10-02T03:12:00+00:00		
yale_ms408a_plant_ids_ethel	images/034_32576713.jpg	https://collections.library.yale.edu/iiif/2/32576713/full/full/0/default.jpg	88ebcc24a75a68957588c5056a2342ae35e068e65efe276bde5931d7af8ee0cc	4583696	image/jpeg	2026-10-02T03:12:00+00:00		
yale_ms408a_plant_ids_ethel	images/032_32576711.jpg	https://collections.library.yale.edu/iiif/2/32576711/full/full/0/default.jpg	1b2b2cc21dd184800121ef3d60c30f72a4f0ec7483b3342705d7a24671ca1595	4668917	image/jpeg	2026-10-02T03:12:00+00:00		
yale_ms408a_plant_ids_ethel	images/035_32576714.jpg	https://collections.library.yale.edu/iiif/2/32576714/full/full/0/default.jpg	b95c406a6a2a14be9167092768bdfdd46d103d279fb1a475690cf3c2cc081f5b	4377120	image/jpeg	2026-10-02T03:12:04+00:00		
yale_ms408a_plant_ids_ethel	images/036_32576715.jpg	https://collections.library.yale.edu/iiif/2/32576715/full/full/0/default.jpg	6bbedb400fd117f86244bdd4b9d188b8bbcc24ce137622e6bc76496fbee4e14e	4720721	image/jpeg	2026-10-02T03:12:04+00:00		
yale_ms408a_plant_ids_ethel	images/037_32576716.jpg	https://collections.library.yale.edu/iiif/2/32576716/full/full/0/default.jpg	7e66fad90af05b20a37fab4b117a1ed1f7c354b7f4332f30fe841cb5df577cd5	4409171	image/jpeg	2026-10-02T03:12:05+00:00		
yale_ms408a_plant_ids_ethel	images/038_32576717.jpg	https://collections.library.yale.edu/iiif/2/32576717/full/full/0/default.jpg	0778d5ac41e617a3f547588ada8efe0ddf3d94561ccfc5ab1aef7bada1657a20	4793313	image/jpeg	2026-10-02T03:12:06+00:00		
yale_ms408a_plant_ids_ethel	images/039_32576718.jpg	https://collections.library.yale.edu/iiif/2/32576718/full/full/0/default.jpg	83bdc9add8a3994179bff2f077767e0f2b2c1e5406b8e7a736c9dcfb4914544d	4383990	image/jpeg	2026-10-02T03:12:08+00:00		
yale_ms408a_plant_ids_ethel	images/040_32576719.jpg	https://collections.library.yale.edu/iiif/2/32576719/full/full/0/default.jpg	5c5115e9a51ccab79e5bafab9040afc32be0b12d6c1f714e1a47f9c420e13d77	4668590	image/jpeg	2026-10-02T03:12:09+00:00		
yale_ms408a_plant_ids_ethel	images/041_32576720.jpg	https://collections.library.yale.edu/iiif/2/32576720/full/full/0/default.jpg	539fe47562448f92c9418fefa9d85b9d75953309174e974ccb44e80d20675451	4332156	image/jpeg	2026-10-02T03:12:09+00:00		
yale_ms408a_plant_ids_ethel	images/042_32576721.jpg	https://collections.library.yale.edu/iiif/2/32576721/full/full/0/default.jpg	36e0bf19932b7c830a307b5770538d1c9c7975bf1f1966a11cd0770664f624ed	4588534	image/jpeg	2026-10-02T03:12:10+00:00		
yale_ms408a_plant_ids_ethel	images/043_32576722.jpg	https://collections.library.yale.edu/iiif/2/32576722/full/full/0/default.jpg	2e6e03ef0d28dd305c077a824a2252d1bd7cf13102d69424e734c6a672d49e65	4216302	image/jpeg	2026-10-02T03:12:12+00:00		
yale_ms408a_plant_ids_ethel	images/046_32576725.jpg	https://collections.library.yale.edu/iiif/2/32576725/full/full/0/default.jpg	e4dd8886b6cc8191e5bc3af1a87bbc8e82c1c57175800f8347a7d27308b325cc	4224902	image/jpeg	2026-10-02T03:12:14+00:00		
yale_ms408a_plant_ids_ethel	images/044_32576723.jpg	https://collections.library.yale.edu/iiif/2/32576723/full/full/0/default.jpg	d2ca3419a44e0de8723964c12ce84c716589d653d726f1785da3dbdafed7afe6	9186898	image/jpeg	2026-10-02T03:12:14+00:00		
yale_ms408a_plant_ids_ethel	images/045_32576724.jpg	https://collections.library.yale.edu/iiif/2/32576724/full/full/0/default.jpg	6453a9671f58ef7995347c88989775c8206814be8d505d9e21532a37152dccc8	7152473	image/jpeg	2026-10-02T03:12:16+00:00		
yale_ms408a_plant_ids_ethel	images/047_32576726.jpg	https://collections.library.yale.edu/iiif/2/32576726/full/full/0/default.jpg	5136924d4d9bf0a1027194e31181c8464b37f9e7d6dfe51dae1b4b991ae96711	3458462	image/jpeg	2026-10-02T03:12:17+00:00		
yale_ms408a_plant_ids_ethel	images/049_32576728.jpg	https://collections.library.yale.edu/iiif/2/32576728/full/full/0/default.jpg	e09a4e1b5cd78eb02cee41403ad7dbca191279480dd7c5c0fb38f1c62dafa55a	3439684	image/jpeg	2026-10-02T03:12:19+00:00		
yale_ms408a_plant_ids_ethel	images/048_32576727.jpg	https://collections.library.yale.edu/iiif/2/32576727/full/full/0/default.jpg	6eeb011e25a1b8bcc971f8d2520f69f99abb86f3ccaaa329f6107c16aeb2b02d	4396119	image/jpeg	2026-10-02T03:12:19+00:00		
yale_ms408a_plant_ids_ethel	images/050_32576729.jpg	https://collections.library.yale.edu/iiif/2/32576729/full/full/0/default.jpg	889d6bdd3a96cae256a99bfaccba53ad3221d589c6e7993739ce61050c3e2bad	4299936	image/jpeg	2026-10-02T03:12:19+00:00		
yale_ms408a_plant_ids_ethel	images/051_32576730.jpg	https://collections.library.yale.edu/iiif/2/32576730/full/full/0/default.jpg	45ed92b0f547e7dd0ade5221ee7013c6c34794e75619bc8ab71e03976f3633eb	3381249	image/jpeg	2026-10-02T03:12:20+00:00		
yale_ms408a_plant_ids_ethel	images/053_32576732.jpg	https://collections.library.yale.edu/iiif/2/32576732/full/full/0/default.jpg	693539cd73a8a5b72f1c123aed5c08e9f5f02350e22a9d183d76fcb55a653888	3386470	image/jpeg	2026-10-02T03:12:22+00:00		
yale_ms408a_plant_ids_ethel	images/054_32576733.jpg	https://collections.library.yale.edu/iiif/2/32576733/full/full/0/default.jpg	a37e8326f8375a20287f7c41a1956794db2005367ec9793ab43614264859757c	4347426	image/jpeg	2026-10-02T03:12:22+00:00		
yale_ms408a_plant_ids_ethel	images/052_32576731.jpg	https://collections.library.yale.edu/iiif/2/32576731/full/full/0/default.jpg	b03e9ec56abb99db9c23b3ed9f7952fb70d441fdc96498302a7e50e1aa769151	4391608	image/jpeg	2026-10-02T03:12:22+00:00		
yale_ms408a_plant_ids_ethel	images/055_32576734.jpg	https://collections.library.yale.edu/iiif/2/32576734/full/full/0/default.jpg	79045b07aed598f0ac9c57a39071a59a4067425fed78863d8a0ea0c4422b2ab7	3518826	image/jpeg	2026-10-02T03:12:24+00:00		
yale_ms408a_plant_ids_ethel	images/056_32576735.jpg	https://collections.library.yale.edu/iiif/2/32576735/full/full/0/default.jpg	8f6dd44e27e16ebb6ffd3e3964db1398676f13bc01b25b3fc7d206ae91821a59	4424229	image/jpeg	2026-10-02T03:12:26+00:00		
yale_ms408a_plant_ids_ethel	images/058_32576737.jpg	https://collections.library.yale.edu/iiif/2/32576737/full/full/0/default.jpg	630bedb5842dfdd5c35410d9e3ffa93b193e7782f525136ebd4f5376a3bf2ef0	4416629	image/jpeg	2026-10-02T03:12:27+00:00		
yale_ms408a_plant_ids_ethel	images/057_32576736.jpg	https://collections.library.yale.edu/iiif/2/32576736/full/full/0/default.jpg	b947512e70eb28cb9345c8a4e07d45472ee15569dc88407b0ea50f4da8a2b4a1	3328083	image/jpeg	2026-10-02T03:12:27+00:00		
yale_ms408a_plant_ids_ethel	images/060_32576739.jpg	https://collections.library.yale.edu/iiif/2/32576739/full/full/0/default.jpg	05c7c4b3b66598cf7bf20ba1b6c714d3baad4e9148665aed05aeeec6eea4d924	1527584	image/jpeg	2026-10-02T03:12:27+00:00		
yale_ms408a_plant_ids_ethel	images/059_32576738.jpg	https://collections.library.yale.edu/iiif/2/32576738/full/full/0/default.jpg	e3a2bc5958a7a58b07f5218cbe6b3f2fa8228f34b5cedd7fcb18cf3f1b040e03	3338126	image/jpeg	2026-10-02T03:12:28+00:00		
yale_ms408a_plant_ids_ethel	images/062_32576741.jpg	https://collections.library.yale.edu/iiif/2/32576741/full/full/0/default.jpg	945f7a0c8d7d064f57baf877501c02d9db135b2f21d0311d0fd6fd44118dc95b	1066866	image/jpeg	2026-10-02T03:12:28+00:00		
yale_ms408a_plant_ids_ethel	images/063_32576742.jpg	https://collections.library.yale.edu/iiif/2/32576742/full/full/0/default.jpg	8843583787067c19a998dffc7cdebe6d02eeb9066196c628e859317e1c9d17fa	1005854	image/jpeg	2026-10-02T03:12:29+00:00		
yale_ms408a_plant_ids_ethel	images/061_32576740.jpg	https://collections.library.yale.edu/iiif/2/32576740/full/full/0/default.jpg	5f75c0b65e3f223eae3d1506b9bbfd9250c4db32e2b3451c9d35a1fdebead0f2	1488581	image/jpeg	2026-10-02T03:12:29+00:00		
yale_ms408a_plant_ids_ethel	images/065_32576744.jpg	https://collections.library.yale.edu/iiif/2/32576744/full/full/0/default.jpg	d7d96647d9925c8a7e00cd80a282b91028d84da112f6f43b58f10fd9ff7a2198	1100288	image/jpeg	2026-10-02T03:12:30+00:00		
yale_ms408a_plant_ids_ethel	images/064_32576743.jpg	https://collections.library.yale.edu/iiif/2/32576743/full/full/0/default.jpg	9ec7a0d268423d0b68dab82ad9a85bc7e4faf7ba9e5c339dd2e545b4ac310819	1084561	image/jpeg	2026-10-02T03:12:30+00:00		
yale_ms408a_plant_ids_ethel	images/066_32576745.jpg	https://collections.library.yale.edu/iiif/2/32576745/full/full/0/default.jpg	2ed123108f25b09a389b3167064ec26beeff62c55aad44a97f5008d756cc712e	1488069	image/jpeg	2026-10-02T03:12:31+00:00		
yale_ms408a_plant_ids_ethel	images/067_32576746.jpg	https://collections.library.yale.edu/iiif/2/32576746/full/full/0/default.jpg	e31ed095dc727ea61808bf6cbfa3c636d1f87a050a7091593b663d0f63fe2978	1433202	image/jpeg	2026-10-02T03:12:31+00:00		
yale_ms408a_plant_ids_ethel	images/068_32576747.jpg	https://collections.library.yale.edu/iiif/2/32576747/full/full/0/default.jpg	30f81bb5bb99f3d34fd7a420bdc4a0f2aac81eca03d20137cf103d9c36ad95e3	1118295	image/jpeg	2026-10-02T03:12:31+00:00		
yale_ms408a_plant_ids_ethel	images/069_32576748.jpg	https://collections.library.yale.edu/iiif/2/32576748/full/full/0/default.jpg	67458fd148ef473c36a3c72129c638aa21c57b989fadb24c2949b2cc3c8b4257	899328	image/jpeg	2026-10-02T03:12:32+00:00		
yale_ms408a_plant_ids_ethel	images/070_32576749.jpg	https://collections.library.yale.edu/iiif/2/32576749/full/full/0/default.jpg	8bbd0ee0f4661249c29335829ae3ae3dfb2b6f07bd085908389377d6030cd1c1	1017005	image/jpeg	2026-10-02T03:12:32+00:00		
yale_ms408a_plant_ids_ethel	images/071_32576750.jpg	https://collections.library.yale.edu/iiif/2/32576750/full/full/0/default.jpg	508634f7392d805f36d9052b3633ae3e46e4f03958169481acce97f40157577c	900916	image/jpeg	2026-10-02T03:12:32+00:00		
yale_ms408a_plant_ids_ethel	images/072_32576751.jpg	https://collections.library.yale.edu/iiif/2/32576751/full/full/0/default.jpg	a028bda0aba5673723857ed1aeb494890730ec8aeb2f1f052883dc08282c3303	1107125	image/jpeg	2026-10-02T03:12:33+00:00		
yale_ms408a_plant_ids_ethel	images/074_32576753.jpg	https://collections.library.yale.edu/iiif/2/32576753/full/full/0/default.jpg	b8f44fb2cdb9895f301a0acce9302f9440bae870db370b9f702b54d35d3534a9	1307449	image/jpeg	2026-10-02T03:12:33+00:00		
yale_ms408a_plant_ids_ethel	images/073_32576752.jpg	https://collections.library.yale.edu/iiif/2/32576752/full/full/0/default.jpg	b66cecff64d57ee859490c64df30ee3d1138046907bb285e9a3cb02d783ce655	1206907	image/jpeg	2026-10-02T03:12:33+00:00		
yale_ms408a_plant_ids_ethel	images/075_32576754.jpg	https://collections.library.yale.edu/iiif/2/32576754/full/full/0/default.jpg	d0decff45b34ad82b3e0cfe94985b7bd5a3af62db69829816c9c4f7131bcbb5b	1336296	image/jpeg	2026-10-02T03:12:34+00:00		
yale_ms408a_plant_ids_ethel	images/076_32576755.jpg	https://collections.library.yale.edu/iiif/2/32576755/full/full/0/default.jpg	e48919534cb19aaf51daf2eb3de7c6a54231dcb7025781e4b7d3dee0522cb548	1591529	image/jpeg	2026-10-02T03:12:34+00:00		
yale_ms408a_plant_ids_ethel	images/077_32576756.jpg	https://collections.library.yale.edu/iiif/2/32576756/full/full/0/default.jpg	ecb487f97b2797bc805adf9c6818f69d855bb78688b91fca9d308495be6d4639	1341758	image/jpeg	2026-10-02T03:12:34+00:00		
yale_ms408a_plant_ids_ethel	images/078_32576757.jpg	https://collections.library.yale.edu/iiif/2/32576757/full/full/0/default.jpg	962006e379f5e1dd88ce3b548182865b62cc053d338c36aeedec9d5575643e37	1867626	image/jpeg	2026-10-02T03:12:35+00:00		
yale_ms408a_plant_ids_ethel	images/079_32576758.jpg	https://collections.library.yale.edu/iiif/2/32576758/full/full/0/default.jpg	e9a3fd921f4fb2d07c92da73f4d7ae528309858c78dc4428990688c23a278919	1608779	image/jpeg	2026-10-02T03:12:35+00:00		
yale_ms408a_plant_ids_ethel	images/083_32576762.jpg	https://collections.library.yale.edu/iiif/2/32576762/full/full/0/default.jpg	0bcbf2ec1f884577591b353a01a693cc335fb58513b2df069810de29c714dfc8	1246791	image/jpeg	2026-10-02T03:12:37+00:00		
yale_ms408a_plant_ids_ethel	images/082_32576761.jpg	https://collections.library.yale.edu/iiif/2/32576761/full/full/0/default.jpg	fe3d7dd9c113208da17eede1059ef7ba7cbaf5804e712c52b5b8d7d462b7cd5a	1298348	image/jpeg	2026-10-02T03:12:37+00:00		
yale_ms408a_plant_ids_ethel	images/081_32576760.jpg	https://collections.library.yale.edu/iiif/2/32576760/full/full/0/default.jpg	3d911b95a90671510396e4fb8a03ece0fc78fd1ed2b89cb37e3e8f1a367894e6	2547215	image/jpeg	2026-10-02T03:12:38+00:00		
yale_ms408a_plant_ids_ethel	images/080_32576759.jpg	https://collections.library.yale.edu/iiif/2/32576759/full/full/0/default.jpg	a04b812ade76a849e0b877416d6a937ccbe0f26a78d0ea349a2e1d799472e094	2721972	image/jpeg	2026-10-02T03:12:38+00:00		
yale_ms408a_plant_ids_ethel	images/086_32576765.jpg	https://collections.library.yale.edu/iiif/2/32576765/full/full/0/default.jpg	c2ae4010d7498333793870309d303d9c5da305746d54be3db62627427726fe94	1085605	image/jpeg	2026-10-02T03:12:39+00:00		
yale_ms408a_plant_ids_ethel	images/084_32576763.jpg	https://collections.library.yale.edu/iiif/2/32576763/full/full/0/default.jpg	43227108e4a64b80d2c2640aaf33ee3a1457d51d66c7ca13a19c78dbb96ca88c	1384755	image/jpeg	2026-10-02T03:12:39+00:00		
yale_ms408a_plant_ids_ethel	images/087_32576766.jpg	https://collections.library.yale.edu/iiif/2/32576766/full/full/0/default.jpg	19f01ec4bda59ef0577a8100fe6114ce008340a4e863ff394c8bb671d103ce0c	998976	image/jpeg	2026-10-02T03:12:39+00:00		
yale_ms408a_plant_ids_ethel	images/085_32576764.jpg	https://collections.library.yale.edu/iiif/2/32576764/full/full/0/default.jpg	9f693aecd6620ccd50cdf167b3fb11d963bf5cce08d4cdb17fa85bef73a69460	1378524	image/jpeg	2026-10-02T03:12:39+00:00		
yale_ms408a_plant_ids_ethel	images/089_32576768.jpg	https://collections.library.yale.edu/iiif/2/32576768/full/full/0/default.jpg	338de966f7944a8288a0ac4fc252c654a7e5f30befd7443338de8952bd41c9de	1790707	image/jpeg	2026-10-02T03:12:41+00:00		
yale_ms408a_plant_ids_ethel	images/088_32576767.jpg	https://collections.library.yale.edu/iiif/2/32576767/full/full/0/default.jpg	de0e7f2e0cd339003b9ceddbe9bee62dcf79292d439c1569e722cd619a8a8c35	1769375	image/jpeg	2026-10-02T03:12:41+00:00		
yale_ms408a_plant_ids_ethel	images/091_32576770.jpg	https://collections.library.yale.edu/iiif/2/32576770/full/full/0/default.jpg	24bd0a5f76e35adae13e30ba171f766c8cafa878fb956d0e6cfee20013766c87	1267084	image/jpeg	2026-10-02T03:12:41+00:00		
yale_ms408a_plant_ids_ethel	images/090_32576769.jpg	https://collections.library.yale.edu/iiif/2/32576769/full/full/0/default.jpg	d03c7d6da2643c2befc5f7297a01b63d985807964ff2dd17949611f3e4176793	1439697	image/jpeg	2026-10-02T03:12:41+00:00		
yale_ms408a_plant_ids_ethel	images/092_32576771.jpg	https://collections.library.yale.edu/iiif/2/32576771/full/full/0/default.jpg	8c977e0b6fdfcf87177e7caf87f838a6ff78ba5fd815134b59339462944f4661	1409375	image/jpeg	2026-10-02T03:12:42+00:00		
yale_ms408a_plant_ids_ethel	images/093_32576772.jpg	https://collections.library.yale.edu/iiif/2/32576772/full/full/0/default.jpg	772acef995349459445609505d3aa58814734cd9740dea18d3519ca300d6ceda	1237942	image/jpeg	2026-10-02T03:12:42+00:00		
yale_ms408a_plant_ids_ethel	images/094_32576773.jpg	https://collections.library.yale.edu/iiif/2/32576773/full/full/0/default.jpg	07b06e2309cc6af5b3be2e6fb3b0814bbe6576da23833163b52174a3b839ec26	7560238	image/jpeg	2026-10-02T03:12:46+00:00		
yale_ms408a_plant_ids_ethel	images/095_32576774.jpg	https://collections.library.yale.edu/iiif/2/32576774/full/full/0/default.jpg	9231b8d7dcbf172df66a61b60cb2c1719d52ddafbfda42b1d0f720afcc3b082b	7903593	image/jpeg	2026-10-02T03:12:47+00:00		
yale_ms408a_plant_ids_ethel	images/096_32576775.jpg	https://collections.library.yale.edu/iiif/2/32576775/full/full/0/default.jpg	3f499e6a9ede92a7e16b20ec3963161685729145555e7264d42a968bf06ec53f	7687344	image/jpeg	2026-10-02T03:12:49+00:00		
yale_ms408a_plant_ids_ethel	images/097_32576776.jpg	https://collections.library.yale.edu/iiif/2/32576776/full/full/0/default.jpg	1d08da6f057f85e490731a9c255afefcfc11cab7d7a95b83cd324dead9218444	7870197	image/jpeg	2026-10-02T03:12:49+00:00		
yale_ms408a_plant_ids_ethel	images/098_32576777.jpg	https://collections.library.yale.edu/iiif/2/32576777/full/full/0/default.jpg	d3cef522b847a4518affd4dc481737832bb5d8439dab245f8a13d03fde5dfa53	7640418	image/jpeg	2026-10-02T03:12:51+00:00		
yale_ms408a_plant_ids_ethel	images/099_32576778.jpg	https://collections.library.yale.edu/iiif/2/32576778/full/full/0/default.jpg	cb7848f9aaaa6c503172c0a07e3e0e751f2efa10b4eeb766c0b9fcc5d87cfb9b	7822866	image/jpeg	2026-10-02T03:12:52+00:00		
yale_ms408a_plant_ids_ethel	images/101_32576780.jpg	https://collections.library.yale.edu/iiif/2/32576780/full/full/0/default.jpg	e20deed432b5c8b2b4a0db4ea299c9e517b914334d7a624af38e01d26afd22d4	7799711	image/jpeg	2026-10-02T03:12:55+00:00		
yale_ms408a_plant_ids_ethel	images/100_32576779.jpg	https://collections.library.yale.edu/iiif/2/32576779/full/full/0/default.jpg	1b551683ffc6ea6236eeab3a32bf105b9823b88db200ca01a68269999be5c19d	7625230	image/jpeg	2026-10-02T03:12:55+00:00		
yale_ms408a_plant_ids_ethel	images/102_32576781.jpg	https://collections.library.yale.edu/iiif/2/32576781/full/full/0/default.jpg	16232c16fabdbcbe454d0aa02f300a5b8ef2e513274d52e66cd9def82228624e	7674765	image/jpeg	2026-10-02T03:12:57+00:00		
yale_ms408a_plant_ids_ethel	images/103_32576782.jpg	https://collections.library.yale.edu/iiif/2/32576782/full/full/0/default.jpg	c13ee38a888fae210603820a0526dd50ebff776b86f236ff44b06d6ae43cce8c	7833651	image/jpeg	2026-10-02T03:12:57+00:00		
yale_ms408a_plant_ids_ethel	images/104_32576783.jpg	https://collections.library.yale.edu/iiif/2/32576783/full/full/0/default.jpg	1db27dee42559a12bccb9947cb00193aa55b09a27e7be273b7a95d46ede88db2	7823222	image/jpeg	2026-10-02T03:13:00+00:00		
yale_ms408a_plant_ids_ethel	images/105_32576784.jpg	https://collections.library.yale.edu/iiif/2/32576784/full/full/0/default.jpg	4ce19e371cf509004cdae48df01687435aa94d3c83b1d45a25e553a0a2df9ce9	7832438	image/jpeg	2026-10-02T03:13:00+00:00		
yale_ms408a_plant_ids_ethel	images/107_32576786.jpg	https://collections.library.yale.edu/iiif/2/32576786/full/full/0/default.jpg	15e0040622d9435a8e13317b2f4f93a9dfd1f23f2b99802dfefc85329c4dc281	7793573	image/jpeg	2026-10-02T03:13:03+00:00		
yale_ms408a_plant_ids_ethel	images/106_32576785.jpg	https://collections.library.yale.edu/iiif/2/32576785/full/full/0/default.jpg	ddf45430e3c7ae073260e00335de019df51078148c049f7778669fcf427dd7a3	7590566	image/jpeg	2026-10-02T03:13:03+00:00		
yale_ms408a_plant_ids_ethel	images/108_32576787.jpg	https://collections.library.yale.edu/iiif/2/32576787/full/full/0/default.jpg	f7394090df5ab27abeedac469b1e2c67be47d282b4dc3594f8d4a7a886b89376	4125193	image/jpeg	2026-10-02T03:13:03+00:00		
yale_ms408a_plant_ids_ethel	images/109_32576788.jpg	https://collections.library.yale.edu/iiif/2/32576788/full/full/0/default.jpg	a787a747b42a8c2beb675458d511318a12f2c18ee1812f596cefa5306716e71b	4386753	image/jpeg	2026-10-02T03:13:03+00:00		
yale_ms408a_plant_ids_ethel	images/110_32576789.jpg	https://collections.library.yale.edu/iiif/2/32576789/full/full/0/default.jpg	ad1440295c4d1a73cbca6f52859150a0a55b8cc4c80f6d85fffbb45af5db2e90	2054583	image/jpeg	2026-10-02T03:13:05+00:00		
yale_ms408a_plant_ids_ethel	images/112_32576791.jpg	https://collections.library.yale.edu/iiif/2/32576791/full/full/0/default.jpg	443cdb36a02c7c6809b2301483c26e86f6d06c6304d1f9256dacb79728b6e357	3632332	image/jpeg	2026-10-02T03:13:06+00:00		
yale_ms408a_plant_ids_ethel	images/111_32576790.jpg	https://collections.library.yale.edu/iiif/2/32576790/full/full/0/default.jpg	a577fc376bffe03cf21f39c85327b1d96b77929b0b250c1717e89547d7fa790c	2291770	image/jpeg	2026-10-02T03:13:07+00:00		
yale_ms408a_plant_ids_ethel	images/113_32576792.jpg	https://collections.library.yale.edu/iiif/2/32576792/full/full/0/default.jpg	6630dd95f0c033be541e3d686a241f94d4ef014badc7bd0702e439dbf861d3d5	3667240	image/jpeg	2026-10-02T03:13:08+00:00		
yale_ms408a_plant_ids_ethel	images/114_32576793.jpg	https://collections.library.yale.edu/iiif/2/32576793/full/full/0/default.jpg	f47be947f92aed527dbda814127b88a72f6144310a6237f80dc9d1b68b5f9666	7937568	image/jpeg	2026-10-02T03:13:10+00:00		
yale_ms408a_plant_ids_ethel	images/115_32576794.jpg	https://collections.library.yale.edu/iiif/2/32576794/full/full/0/default.jpg	6b1684ba9e69c32455bc9882e3aa342aec9ca41486f2f82ce87eec3827adc0d3	8976030	image/jpeg	2026-10-02T03:13:11+00:00		
yale_ms408a_plant_ids_ethel	images/116_32576795.jpg	https://collections.library.yale.edu/iiif/2/32576795/full/full/0/default.jpg	4d2f473b329eb420fd45e17e732a4e3a41575af430c797cb23e03c4e9b3f03bc	7796383	image/jpeg	2026-10-02T03:13:13+00:00		
yale_ms408a_plant_ids_ethel	images/117_32576796.jpg	https://collections.library.yale.edu/iiif/2/32576796/full/full/0/default.jpg	6e8ccdd89599f89ec47c7db16df523116a14b6ce348acaf8d90b19e29e35a2a5	9036774	image/jpeg	2026-10-02T03:13:14+00:00		
yale_ms408a_plant_ids_ethel	images/118_32576797.jpg	https://collections.library.yale.edu/iiif/2/32576797/full/full/0/default.jpg	778cf39b3161514ba88473bc45cfa73d3f570ebc764f0fdacec7dee02c2c5471	2775846	image/jpeg	2026-10-02T03:13:14+00:00		
yale_ms408a_plant_ids_ethel	images/119_32576798.jpg	https://collections.library.yale.edu/iiif/2/32576798/full/full/0/default.jpg	b95dc49ce546dd4930eb1326c9597119b4337f05c0170a9fa7fdeefffb0b5470	3460134	image/jpeg	2026-10-02T03:13:16+00:00		
yale_ms408a_plant_ids_ethel	images/120_32576799.jpg	https://collections.library.yale.edu/iiif/2/32576799/full/full/0/default.jpg	05c437e27afec066d1f75068ed84684591f049de64fb2bc3caa467b1adb8b920	3391657	image/jpeg	2026-10-02T03:13:17+00:00		
yale_ms408a_plant_ids_ethel	images/122_32576801.jpg	https://collections.library.yale.edu/iiif/2/32576801/full/full/0/default.jpg	229871e126ef094c632d7f948a143cdc93742fbf84d11cfcf8c9be87b4e03372	2968470	image/jpeg	2026-10-02T03:13:21+00:00		
yale_ms408a_plant_ids_ethel	images/123_32576802.jpg	https://collections.library.yale.edu/iiif/2/32576802/full/full/0/default.jpg	c77571521dba588f8582ca5e6022c60afc17e4c1468c41bcc9358015e7e62be3	3430908	image/jpeg	2026-10-02T03:13:21+00:00		
yale_ms408a_plant_ids_ethel	images/121_32576800.jpg	https://collections.library.yale.edu/iiif/2/32576800/full/full/0/default.jpg	342ff65f9ca6cd339d4afa57cf5fc559861cc716faea83b01ae4dc1e63f4b8f8	6455658	image/jpeg	2026-10-02T03:13:22+00:00		
yale_ms408a_plant_ids_ethel	images/124_32576803.jpg	https://collections.library.yale.edu/iiif/2/32576803/full/full/0/default.jpg	3c2371e0edc3776bdebfe93660d380e78d4d212bd570729fc487d3d1819c32a8	4249930	image/jpeg	2026-10-02T03:13:23+00:00		
yale_ms408a_plant_ids_ethel	images/125_32576804.jpg	https://collections.library.yale.edu/iiif/2/32576804/full/full/0/default.jpg	1b9284d241abf201066a5b35c658c820ea8ea2bc64ab7229fd74e7af948a67ea	3872042	image/jpeg	2026-10-02T03:13:24+00:00		
yale_ms408a_plant_ids_ethel	images/126_32576805.jpg	https://collections.library.yale.edu/iiif/2/32576805/full/full/0/default.jpg	d7efc877f054d9898aa5a64ef23583d99c29d091ff6921417b5d30b7a9722fb2	3736868	image/jpeg	2026-10-02T03:13:25+00:00		
yale_ms408a_plant_ids_ethel	images/128_32576807.jpg	https://collections.library.yale.edu/iiif/2/32576807/full/full/0/default.jpg	e1ed5121106d115a69891a11e79f3fb4f6563e7518fe17c98f8b3f7e489e9cfe	4062315	image/jpeg	2026-10-02T03:13:26+00:00		
yale_ms408a_plant_ids_ethel	images/127_32576806.jpg	https://collections.library.yale.edu/iiif/2/32576806/full/full/0/default.jpg	33eb958d759c1c07515a0b273974b430cf8b7fadb940840967d279ecd01143a3	4331460	image/jpeg	2026-10-02T03:13:26+00:00		
yale_ms408a_plant_ids_ethel	images/129_32576808.jpg	https://collections.library.yale.edu/iiif/2/32576808/full/full/0/default.jpg	e89aba323169fdc2652b2aa3ebd5734f17c670aa64b3ed4fa9ef234283010b11	2567307	image/jpeg	2026-10-02T03:13:27+00:00		
yale_ms408a_plant_ids_ethel	images/130_32576809.jpg	https://collections.library.yale.edu/iiif/2/32576809/full/full/0/default.jpg	bb76d78c66c5e15b9b430fba04c04bc553d03e323b61386a4ae4ef01c3dfaed6	3809286	image/jpeg	2026-10-02T03:13:29+00:00		
yale_ms408a_plant_ids_ethel	images/132_32576811.jpg	https://collections.library.yale.edu/iiif/2/32576811/full/full/0/default.jpg	aa05346d28e08d23ba174ca2d3670466650e0a843eebb64119cbbd702ae0cfb9	4404265	image/jpeg	2026-10-02T03:13:30+00:00		
yale_ms408a_plant_ids_ethel	images/133_32576812.jpg	https://collections.library.yale.edu/iiif/2/32576812/full/full/0/default.jpg	a368744a523b28766b3a5a48e823925269848e9e3b9f94d0cd9e192a0091d7a0	3159661	image/jpeg	2026-10-02T03:13:30+00:00		
yale_ms408a_plant_ids_ethel	images/131_32576810.jpg	https://collections.library.yale.edu/iiif/2/32576810/full/full/0/default.jpg	b25de1f2acbc1482baa13419dba7509b340c388f4a2194fabcbc666123368196	4593528	image/jpeg	2026-10-02T03:13:30+00:00		
yale_ms408a_thorndike_notes	iiif-manifest.json	https://collections.library.yale.edu/manifests/32576813	437e204a50ae0e08a5b28393094b3ccec1708aeae2115a9daf16c68b24b5ba9e	337364	application/json	2026-10-02T03:13:31+00:00		
yale_ms408a_thorndike_notes	images/002_32576815.jpg	https://collections.library.yale.edu/iiif/2/32576815/full/full/0/default.jpg	ae49b7a566f6beca1cbe70aee97d6ab929ff86f38b96abb4448e7cc04b7974a3	7187939	image/jpeg	2026-10-02T03:13:36+00:00		
yale_ms408a_thorndike_notes	images/001_32576814.jpg	https://collections.library.yale.edu/iiif/2/32576814/full/full/0/default.jpg	c06fa111bad8a92adb4d9358f6514a2bfa62f778c7f30533b0085a5dc4fa5d62	7186171	image/jpeg	2026-10-02T03:13:36+00:00		
yale_ms408a_thorndike_notes	images/003_32576816.jpg	https://collections.library.yale.edu/iiif/2/32576816/full/full/0/default.jpg	bd49e3ff608618ce29e5f4c1d591987a1c24cd7024aba74538c2ac109414dfb3	6886946	image/jpeg	2026-10-02T03:13:37+00:00		
yale_ms408a_thorndike_notes	images/004_32576817.jpg	https://collections.library.yale.edu/iiif/2/32576817/full/full/0/default.jpg	b23c2692039a939bb6b4a307fbfadec92ff4db9f6a3a48b452147772d345731a	7221272	image/jpeg	2026-10-02T03:13:37+00:00		
yale_ms408a_thorndike_notes	images/005_32576818.jpg	https://collections.library.yale.edu/iiif/2/32576818/full/full/0/default.jpg	fa6f2406fef60a7825c9a7f3d11e0bf2008d7af44374df160a5ec41c5558b21b	6901695	image/jpeg	2026-10-02T03:13:41+00:00		
yale_ms408a_thorndike_notes	images/006_32576819.jpg	https://collections.library.yale.edu/iiif/2/32576819/full/full/0/default.jpg	0061e8a8ecdba8bd8a03c30d7edb315681316609fabe1e9ffa64df7151131340	7510146	image/jpeg	2026-10-02T03:13:43+00:00		
yale_ms408a_thorndike_notes	images/007_32576820.jpg	https://collections.library.yale.edu/iiif/2/32576820/full/full/0/default.jpg	9fec82d44cdd74b01139582f2517a32bfc92069a40055b714ce31893b8479a05	7989168	image/jpeg	2026-10-02T03:13:43+00:00		
yale_ms408a_thorndike_notes	images/008_32576821.jpg	https://collections.library.yale.edu/iiif/2/32576821/full/full/0/default.jpg	b53e887bce0027328d452f408eafad9a3dea5b8a22b9bd64dd9b379318fb9ac0	7471319	image/jpeg	2026-10-02T03:13:45+00:00		
yale_ms408a_thorndike_notes	images/009_32576822.jpg	https://collections.library.yale.edu/iiif/2/32576822/full/full/0/default.jpg	9647ddc32d0be74e9d9e17cf4f5e17ea12a5f26d30b0bc07196a008887c6f312	7847459	image/jpeg	2026-10-02T03:13:48+00:00		
yale_ms408a_thorndike_notes	images/011_32576824.jpg	https://collections.library.yale.edu/iiif/2/32576824/full/full/0/default.jpg	244c0bc92bfd1b6c09ca47c13b039b8b43b4110d27c660eab877010f99e852f2	7982778	image/jpeg	2026-10-02T03:13:51+00:00		
yale_ms408a_thorndike_notes	images/010_32576823.jpg	https://collections.library.yale.edu/iiif/2/32576823/full/full/0/default.jpg	5ab6aee4dea8121934ae42cfc520cf73bdaf30c42d1c569c50053e43ae02a05e	7350835	image/jpeg	2026-10-02T03:13:51+00:00		
yale_ms408a_thorndike_notes	images/012_32576825.jpg	https://collections.library.yale.edu/iiif/2/32576825/full/full/0/default.jpg	9c3c7ca1d745b5754afdacd3cb94f89dbd5ea66a1d723c6ad1414798720613c8	7734872	image/jpeg	2026-10-02T03:13:52+00:00		
yale_ms408a_thorndike_notes	images/013_32576826.jpg	https://collections.library.yale.edu/iiif/2/32576826/full/full/0/default.jpg	08e58b4f0291eaaf7c5c6d0c4bf14a335a777147c733b0b5623e656a5665dada	8050033	image/jpeg	2026-10-02T03:13:56+00:00		
yale_ms408a_thorndike_notes	images/016_32576829.jpg	https://collections.library.yale.edu/iiif/2/32576829/full/full/0/default.jpg	7b88d30c21ac52ae073badf39dd40aea72e2fa1d9b055d1bbb2c5708cc178a12	5832939	image/jpeg	2026-10-02T03:13:56+00:00		
yale_ms408a_thorndike_notes	images/015_32576828.jpg	https://collections.library.yale.edu/iiif/2/32576828/full/full/0/default.jpg	b0291835dc0fdadaf8b598d5d5cc0726b6babd4d53c62cded849aed40c5a17af	8120610	image/jpeg	2026-10-02T03:13:57+00:00		
yale_ms408a_thorndike_notes	images/014_32576827.jpg	https://collections.library.yale.edu/iiif/2/32576827/full/full/0/default.jpg	bb971b9d4f28f94f18760f0b050b207d3864c8b70a4433231371ebc3d3f05345	7826977	image/jpeg	2026-10-02T03:13:58+00:00		
yale_ms408a_thorndike_notes	images/017_32576830.jpg	https://collections.library.yale.edu/iiif/2/32576830/full/full/0/default.jpg	f29bd68b6c2ec372f212ba02a565941165dfd51f0b38242ac8c2b22c7b600c6a	6225727	image/jpeg	2026-10-02T03:14:00+00:00		
yale_ms408a_thorndike_notes	images/018_32576831.jpg	https://collections.library.yale.edu/iiif/2/32576831/full/full/0/default.jpg	0294d0898dc8dda1713b1b901ed2845aea818eca20314d456143b119d56d8075	7773415	image/jpeg	2026-10-02T03:14:02+00:00		
yale_ms408a_thorndike_notes	images/019_32576832.jpg	https://collections.library.yale.edu/iiif/2/32576832/full/full/0/default.jpg	295c3b180ab56c0de2c86895e2f2ffac209a2d5d275227ada7998d7ed5bfbfd5	8015579	image/jpeg	2026-10-02T03:14:04+00:00		
yale_ms408a_thorndike_notes	images/020_32576833.jpg	https://collections.library.yale.edu/iiif/2/32576833/full/full/0/default.jpg	58a47e01b6142487d500b7fc1cbf8dbc80dcbd61cd178e1652f5a4c8547a9828	7880739	image/jpeg	2026-10-02T03:14:05+00:00		
yale_ms408a_thorndike_notes	images/021_32576834.jpg	https://collections.library.yale.edu/iiif/2/32576834/full/full/0/default.jpg	edbb4b0f41a6b5d056f55060bf292e187a8a2c77a1c53dd594e0cd48dc8a1afd	8029796	image/jpeg	2026-10-02T03:14:05+00:00		
yale_ms408a_thorndike_notes	images/022_32576835.jpg	https://collections.library.yale.edu/iiif/2/32576835/full/full/0/default.jpg	fde2513da549031fc9d3c8e5f9cebb41f2d4b18173008aed027219bfffacf366	7709305	image/jpeg	2026-10-02T03:14:09+00:00		
yale_ms408a_thorndike_notes	images/024_32576837.jpg	https://collections.library.yale.edu/iiif/2/32576837/full/full/0/default.jpg	281ee8dc1709af022fa997b21f401de4fc137a42eca16c595f385ee9fb09f670	7487478	image/jpeg	2026-10-02T03:14:10+00:00		
yale_ms408a_thorndike_notes	images/023_32576836.jpg	https://collections.library.yale.edu/iiif/2/32576836/full/full/0/default.jpg	9de8d74f517ec26a3fcf23b2cd966075cf3ec824f53cfb8f5634cbd5816eb8b7	8042516	image/jpeg	2026-10-02T03:14:11+00:00		
yale_ms408a_thorndike_notes	images/025_32576838.jpg	https://collections.library.yale.edu/iiif/2/32576838/full/full/0/default.jpg	582fa5a0a7542dc8646bd754e0dd5ca81c07d55d7c586f036abcb23863e15d09	7820869	image/jpeg	2026-10-02T03:14:12+00:00		
yale_ms408a_thorndike_notes	images/026_32576839.jpg	https://collections.library.yale.edu/iiif/2/32576839/full/full/0/default.jpg	096fa1fb0c01d3888d875a7c62b291b8df8c442950406c4bfb183da9d1a555ad	5618047	image/jpeg	2026-10-02T03:14:14+00:00		
yale_ms408a_thorndike_notes	images/027_32576840.jpg	https://collections.library.yale.edu/iiif/2/32576840/full/full/0/default.jpg	9c1f704ba35b4de44e3c4ef6c598d6d139b00064ef7cfa9c0dd592d8796c72a5	5961001	image/jpeg	2026-10-02T03:14:15+00:00		
yale_ms408a_thorndike_notes	images/028_32576841.jpg	https://collections.library.yale.edu/iiif/2/32576841/full/full/0/default.jpg	cea50d8dca70563110f698d94a32826d01ae35a93bc8b78b557b1965daa84308	7929838	image/jpeg	2026-10-02T03:14:16+00:00		
yale_ms408a_thorndike_notes	images/029_32576842.jpg	https://collections.library.yale.edu/iiif/2/32576842/full/full/0/default.jpg	a042f6b4471d368dd077e1863cb45ee0960bd10311d12fd08cd989d9dda6bf97	7992933	image/jpeg	2026-10-02T03:14:18+00:00		
yale_ms408a_thorndike_notes	images/030_32576843.jpg	https://collections.library.yale.edu/iiif/2/32576843/full/full/0/default.jpg	d6cbffaf0792968d6b3aa56f95f18d574274a4cd1aadfdd9e8942fa4927ad318	7730883	image/jpeg	2026-10-02T03:14:21+00:00		
yale_ms408a_thorndike_notes	images/031_32576844.jpg	https://collections.library.yale.edu/iiif/2/32576844/full/full/0/default.jpg	abf1fe667fe2d7dac086665a085498bdfa837bf47aa5d0545f5e767210900ca7	7952902	image/jpeg	2026-10-02T03:14:24+00:00		
yale_ms408a_thorndike_notes	images/033_32576846.jpg	https://collections.library.yale.edu/iiif/2/32576846/full/full/0/default.jpg	dd84ee3039a74129353bbbf0325338ca54c818576554453003964f9ea0250025	8042450	image/jpeg	2026-10-02T03:14:25+00:00		
yale_ms408a_thorndike_notes	images/034_32576847.jpg	https://collections.library.yale.edu/iiif/2/32576847/full/full/0/default.jpg	b77181cbd8e97a3cecbdcbc94dada9384d74136b5eb87e8f053736d7843bd86f	7881386	image/jpeg	2026-10-02T03:14:27+00:00		
yale_ms408a_thorndike_notes	images/032_32576845.jpg	https://collections.library.yale.edu/iiif/2/32576845/full/full/0/default.jpg	63bd83129a8d1773c1bd03aafa044eeb047cb1261ff5c4186c08e59efc6c55dd	7705633	image/jpeg	2026-10-02T03:14:27+00:00		
yale_ms408a_thorndike_notes	images/035_32576848.jpg	https://collections.library.yale.edu/iiif/2/32576848/full/full/0/default.jpg	37d1f7587912d2f4b45d3f8e35bdd68f97201df792ef071926cc57a5fbb11c7a	7963236	image/jpeg	2026-10-02T03:14:30+00:00		
yale_ms408a_thorndike_notes	images/036_32576849.jpg	https://collections.library.yale.edu/iiif/2/32576849/full/full/0/default.jpg	f298364dfdbf4f4d31a651720feec91a6e3e5bfd9ed70cfc200a10be26a51567	6946784	image/jpeg	2026-10-02T03:14:30+00:00		
yale_ms408a_thorndike_notes	images/037_32576850.jpg	https://collections.library.yale.edu/iiif/2/32576850/full/full/0/default.jpg	f92d234925dd543616aabb38241aa80bf181084d51b74ce52578a371d8c08cc9	8090547	image/jpeg	2026-10-02T03:14:34+00:00		
yale_ms408a_thorndike_notes	images/040_32576853.jpg	https://collections.library.yale.edu/iiif/2/32576853/full/full/0/default.jpg	f2ee0eeea79b277d87b3c8005d7802cde666d02a1b995bbf3d53b5255fcf3dec	7275599	image/jpeg	2026-10-02T03:14:36+00:00		
yale_ms408a_thorndike_notes	images/038_32576851.jpg	https://collections.library.yale.edu/iiif/2/32576851/full/full/0/default.jpg	e59570cd7e67172dea217473b8885e6fd76fa91474da50b0262a7b1c3fb449c8	7840202	image/jpeg	2026-10-02T03:14:36+00:00		
yale_ms408a_thorndike_notes	images/039_32576852.jpg	https://collections.library.yale.edu/iiif/2/32576852/full/full/0/default.jpg	1bd36e919092fd5374934c5abe009b7fb8aab9968b2c97addac3dee749fd71a8	8014016	image/jpeg	2026-10-02T03:14:36+00:00		
yale_ms408a_thorndike_notes	images/041_32576854.jpg	https://collections.library.yale.edu/iiif/2/32576854/full/full/0/default.jpg	e0b8b1bd1a9ed26d8917b4c9acc47e87df2f9cbdd5d53ef153d75f3d17e043d5	8009504	image/jpeg	2026-10-02T03:14:41+00:00		
yale_ms408a_thorndike_notes	images/043_32576856.jpg	https://collections.library.yale.edu/iiif/2/32576856/full/full/0/default.jpg	a28cf69c053d5dcdbc4f9cdb808a9580510673cf6add9f86e6710176d7fbb1f4	8065994	image/jpeg	2026-10-02T03:14:41+00:00		
yale_ms408a_thorndike_notes	images/042_32576855.jpg	https://collections.library.yale.edu/iiif/2/32576855/full/full/0/default.jpg	2f3f6df753fddd0838706a11264da6a9a534d0746552b1e37a4789392a618d47	7551999	image/jpeg	2026-10-02T03:14:42+00:00		
yale_ms408a_thorndike_notes	images/044_32576857.jpg	https://collections.library.yale.edu/iiif/2/32576857/full/full/0/default.jpg	a4037b58c2401bb0714785f021fa881c086a9d8ac1fa881a804ecc620f63a5f7	7121244	image/jpeg	2026-10-02T03:14:42+00:00		
yale_ms408a_thorndike_notes	images/045_32576858.jpg	https://collections.library.yale.edu/iiif/2/32576858/full/full/0/default.jpg	246400cc54ea63dd9d9f439740e8b6572b7a781d39d289021bde27076b83a7d3	7800685	image/jpeg	2026-10-02T03:14:48+00:00		
yale_ms408a_thorndike_notes	images/046_32576859.jpg	https://collections.library.yale.edu/iiif/2/32576859/full/full/0/default.jpg	a2148b5b1dfebea9a6ee4fe3e308ba360ed9628d55306f5d9b5b4b73768cf266	7493924	image/jpeg	2026-10-02T03:14:48+00:00		
yale_ms408a_thorndike_notes	images/047_32576860.jpg	https://collections.library.yale.edu/iiif/2/32576860/full/full/0/default.jpg	cf9468b3933317e30fd9238cc49da89ec8ff32919a94297021e34b5dbdd87b96	8189045	image/jpeg	2026-10-02T03:14:49+00:00		
yale_ms408a_thorndike_notes	images/048_32576861.jpg	https://collections.library.yale.edu/iiif/2/32576861/full/full/0/default.jpg	9d10c09f08e9d859272a6eb240826507c9e28c1925b9f8bb9cfb9243b6b8f5b4	7383213	image/jpeg	2026-10-02T03:14:49+00:00		
yale_ms408a_thorndike_notes	images/049_32576862.jpg	https://collections.library.yale.edu/iiif/2/32576862/full/full/0/default.jpg	a385550dd062017c02b3decf6c076f4c7af59bed509e0c6448e84a4b7096fe6c	7823410	image/jpeg	2026-10-02T03:14:53+00:00		
yale_ms408a_thorndike_notes	images/052_32576865.jpg	https://collections.library.yale.edu/iiif/2/32576865/full/full/0/default.jpg	b380756a17cadb5af86c80330b67ea8c75e26bf317851c69118bedf22b61d0cb	7612736	image/jpeg	2026-10-02T03:14:54+00:00		
yale_ms408a_thorndike_notes	images/051_32576864.jpg	https://collections.library.yale.edu/iiif/2/32576864/full/full/0/default.jpg	fb8b495cf6a75bf0d6b6e7fb2df3ea148d93533f1f5686ae46e7f58c9c31af1b	7997058	image/jpeg	2026-10-02T03:14:54+00:00		
yale_ms408a_thorndike_notes	images/050_32576863.jpg	https://collections.library.yale.edu/iiif/2/32576863/full/full/0/default.jpg	c54d5e6eb982f9a13defbc96153dde024997b05ed9f17826bb1224e3612c8957	7614003	image/jpeg	2026-10-02T03:14:54+00:00		
yale_ms408a_thorndike_notes	images/053_32576866.jpg	https://collections.library.yale.edu/iiif/2/32576866/full/full/0/default.jpg	d09fef917a2b2f1fd273ff4c554d5e982417ddc0ca28b0963678851152d796e5	8041327	image/jpeg	2026-10-02T03:14:59+00:00		
yale_ms408a_thorndike_notes	images/054_32576867.jpg	https://collections.library.yale.edu/iiif/2/32576867/full/full/0/default.jpg	9d749617729537eaee0059a22649e2f3139cdf4af71260968d5b13105f0ff833	7306516	image/jpeg	2026-10-02T03:14:59+00:00		
yale_ms408a_thorndike_notes	images/055_32576868.jpg	https://collections.library.yale.edu/iiif/2/32576868/full/full/0/default.jpg	cf4656bfe75e464204e13b5b21ecd34ce0556b100d21979d50716500adc8d9c0	7934435	image/jpeg	2026-10-02T03:14:59+00:00		
yale_ms408a_thorndike_notes	images/056_32576869.jpg	https://collections.library.yale.edu/iiif/2/32576869/full/full/0/default.jpg	9d08f3b0419d4357e0df6d4b56b16ff739d9c71c4c09cc8f727d59f4d071ff4d	7638798	image/jpeg	2026-10-02T03:15:00+00:00		
yale_ms408a_thorndike_notes	images/057_32576870.jpg	https://collections.library.yale.edu/iiif/2/32576870/full/full/0/default.jpg	4ba2ff7d72c5f42349dbabcc95a73c1d6d097ab6ca70e95d1f33658e438c94e0	8095186	image/jpeg	2026-10-02T03:15:05+00:00		
yale_ms408a_thorndike_notes	images/060_32576873.jpg	https://collections.library.yale.edu/iiif/2/32576873/full/full/0/default.jpg	f365b081b8df64b2dc63c1a2d9b0d4ce9d8fb8f024250f008384bffa378149c2	7587630	image/jpeg	2026-10-02T03:15:05+00:00		
yale_ms408a_thorndike_notes	images/058_32576871.jpg	https://collections.library.yale.edu/iiif/2/32576871/full/full/0/default.jpg	84654633d95229b867ed52ef6a17753fbc99895d3be6bfddaa88f42a3d0d3e76	7312312	image/jpeg	2026-10-02T03:15:06+00:00		
yale_ms408a_thorndike_notes	images/059_32576872.jpg	https://collections.library.yale.edu/iiif/2/32576872/full/full/0/default.jpg	50e16886546359d7b33fcf70f362c06f4cb70cd8e0340855083853340990c3fd	8102402	image/jpeg	2026-10-02T03:15:06+00:00		
yale_ms408a_thorndike_notes	images/064_32576877.jpg	https://collections.library.yale.edu/iiif/2/32576877/full/full/0/default.jpg	8a73d7de1bb0d747556487a546e0eb9a05c27cf3d67fc7649b85fa615eb87ada	7827620	image/jpeg	2026-10-02T03:15:11+00:00		
yale_ms408a_thorndike_notes	images/061_32576874.jpg	https://collections.library.yale.edu/iiif/2/32576874/full/full/0/default.jpg	70abf616c8f1d0e7bba4444a7c4bd2692a3530b7efd516d46cd9a42d0ebb336b	8295112	image/jpeg	2026-10-02T03:15:11+00:00		
yale_ms408a_thorndike_notes	images/062_32576875.jpg	https://collections.library.yale.edu/iiif/2/32576875/full/full/0/default.jpg	6ea75e38f567a6bd68ec06bbe34054ca85c5870131758b556175fc02a18b37b4	7774790	image/jpeg	2026-10-02T03:15:12+00:00		
yale_ms408a_thorndike_notes	images/063_32576876.jpg	https://collections.library.yale.edu/iiif/2/32576876/full/full/0/default.jpg	9d2bb54eac1bf07d430a1a69fea08b7dc0258b4833db0aa6ee4088bf04f9a853	7952957	image/jpeg	2026-10-02T03:15:12+00:00		
yale_ms408a_thorndike_notes	images/065_32576878.jpg	https://collections.library.yale.edu/iiif/2/32576878/full/full/0/default.jpg	4430374bd5816adb2fad3414b224be824d4946c2969154d95c6f1c72da8e075b	7972927	image/jpeg	2026-10-02T03:15:18+00:00		
yale_ms408a_thorndike_notes	images/068_32576881.jpg	https://collections.library.yale.edu/iiif/2/32576881/full/full/0/default.jpg	eabb676a61122c9fc28a62443f48465e7648767531a026567226da6d94b128ea	7781279	image/jpeg	2026-10-02T03:15:18+00:00		
yale_ms408a_thorndike_notes	images/067_32576880.jpg	https://collections.library.yale.edu/iiif/2/32576880/full/full/0/default.jpg	144c2dd301a179fa2027affe36128f6cfc4111bbdd298651962c61f0f39de2e8	8116483	image/jpeg	2026-10-02T03:15:18+00:00		
yale_ms408a_thorndike_notes	images/066_32576879.jpg	https://collections.library.yale.edu/iiif/2/32576879/full/full/0/default.jpg	e4a8b433e692f2309eb530bcc1853f14fb9ef8aacf0560d0117e108af8d5cd4f	7696739	image/jpeg	2026-10-02T03:15:18+00:00		
yale_ms408a_thorndike_notes	images/071_32576884.jpg	https://collections.library.yale.edu/iiif/2/32576884/full/full/0/default.jpg	db31f16a0787f59016dc0933edb2f39f9c597de5b22d6ace6002513a9589ea72	8260071	image/jpeg	2026-10-02T03:15:24+00:00		
yale_ms408a_thorndike_notes	images/070_32576883.jpg	https://collections.library.yale.edu/iiif/2/32576883/full/full/0/default.jpg	ca33a08005870603c07a6d002f3c23a301e5413ef724cad5211dc2d8c7c60ca4	7550688	image/jpeg	2026-10-02T03:15:25+00:00		
yale_ms408a_thorndike_notes	images/069_32576882.jpg	https://collections.library.yale.edu/iiif/2/32576882/full/full/0/default.jpg	f42e5fcdebb18d2a91b5a400f937604b7371dfcfbf8b95f1d49a719ca7a7c9f5	7853308	image/jpeg	2026-10-02T03:15:25+00:00		
yale_ms408a_thorndike_notes	images/072_32576885.jpg	https://collections.library.yale.edu/iiif/2/32576885/full/full/0/default.jpg	8a391203a83e418c7b24845830ab75c5c12c736fbce3b35719d6b5a4f1aa5d08	7622746	image/jpeg	2026-10-02T03:15:27+00:00		
yale_ms408a_thorndike_notes	images/073_32576886.jpg	https://collections.library.yale.edu/iiif/2/32576886/full/full/0/default.jpg	c36210094a925708362fa17512599780dcacafe56b30c0099fe93314abe4ef3b	8131082	image/jpeg	2026-10-02T03:15:29+00:00		
yale_ms408a_thorndike_notes	images/074_32576887.jpg	https://collections.library.yale.edu/iiif/2/32576887/full/full/0/default.jpg	85d73803d21192ae85872819bcceadcad1d0c34bc6701fce48f128788d600c62	5245621	image/jpeg	2026-10-02T03:15:30+00:00		
yale_ms408a_thorndike_notes	images/075_32576888.jpg	https://collections.library.yale.edu/iiif/2/32576888/full/full/0/default.jpg	2f2d3a32c902a9d79501786e7793345716aa9c1e8c168a9b53bdaa74b7f0d89f	5091033	image/jpeg	2026-10-02T03:15:31+00:00		
yale_ms408a_thorndike_notes	images/076_32576889.jpg	https://collections.library.yale.edu/iiif/2/32576889/full/full/0/default.jpg	5f3e51a533f3ce04160ab91e728d307ae386d4f0698f2b9cf4c1ffdc7e8b713e	5469694	image/jpeg	2026-10-02T03:15:31+00:00		
yale_ms408a_thorndike_notes	images/077_32576890.jpg	https://collections.library.yale.edu/iiif/2/32576890/full/full/0/default.jpg	12c813b794b233edd1917acf93e9bac6a1de2532b32970c2ee5c472038a71e6d	5184983	image/jpeg	2026-10-02T03:15:33+00:00		
yale_ms408a_thorndike_notes	images/079_32576892.jpg	https://collections.library.yale.edu/iiif/2/32576892/full/full/0/default.jpg	bd3a7f4486f74b6195546f1ae69221b9de78b986aa55bad4e1f52e2c8fa8bd4e	5021607	image/jpeg	2026-10-02T03:15:36+00:00		
yale_ms408a_thorndike_notes	images/078_32576891.jpg	https://collections.library.yale.edu/iiif/2/32576891/full/full/0/default.jpg	5f5f23a34672362e9ceb25039d5e0cfe996fcac9634d9de0ad73c87f8b0f53fa	5439372	image/jpeg	2026-10-02T03:15:36+00:00		
yale_ms408a_thorndike_notes	images/080_32576893.jpg	https://collections.library.yale.edu/iiif/2/32576893/full/full/0/default.jpg	e357c938bfc3eec03b903f88969f77ebdb1433c9462a63441e1f74ad5eacc03a	7518603	image/jpeg	2026-10-02T03:15:36+00:00		
yale_ms408a_thorndike_notes	images/081_32576894.jpg	https://collections.library.yale.edu/iiif/2/32576894/full/full/0/default.jpg	b2f426d0e2e88d181b4e8106d9886c5aede5b9544cc808fa07ca74ebf6a5e611	6908284	image/jpeg	2026-10-02T03:15:39+00:00		
yale_ms408a_thorndike_notes	images/082_32576895.jpg	https://collections.library.yale.edu/iiif/2/32576895/full/full/0/default.jpg	9755bdc37aa078e1a2615f8b132268e855c24b582a00d18adc065668c2e7251d	7564418	image/jpeg	2026-10-02T03:15:41+00:00		
yale_ms408a_thorndike_notes	images/083_32576896.jpg	https://collections.library.yale.edu/iiif/2/32576896/full/full/0/default.jpg	426b2ecec18eb84a835eeddada5c7e56055680e1f43e7adb39d60632318ba440	6766421	image/jpeg	2026-10-02T03:15:42+00:00		
yale_ms408a_thorndike_notes	images/084_32576897.jpg	https://collections.library.yale.edu/iiif/2/32576897/full/full/0/default.jpg	de6c8dfc2332347c04f4187a87d07b96152b793808af33e788d3eaa099153340	7418222	image/jpeg	2026-10-02T03:15:42+00:00		
yale_ms408a_thorndike_notes	images/085_32576898.jpg	https://collections.library.yale.edu/iiif/2/32576898/full/full/0/default.jpg	c1dd5ed54c3f79e03f475257bba71381c384c73597d81e27462f152a641b96a7	6620311	image/jpeg	2026-10-02T03:15:45+00:00		
yale_ms408a_thorndike_notes	images/087_32576900.jpg	https://collections.library.yale.edu/iiif/2/32576900/full/full/0/default.jpg	2265a931db308209e2b35d18862bc639dd870982adddbd93f7979b373aa29876	6661888	image/jpeg	2026-10-02T03:15:48+00:00		
yale_ms408a_thorndike_notes	images/086_32576899.jpg	https://collections.library.yale.edu/iiif/2/32576899/full/full/0/default.jpg	7bc06d966d8809943d820110d9003af52eda8f335552a1e46059fbcfad2e8d71	7485322	image/jpeg	2026-10-02T03:15:48+00:00		
yale_ms408a_thorndike_notes	images/088_32576901.jpg	https://collections.library.yale.edu/iiif/2/32576901/full/full/0/default.jpg	899a1834bc78ab3761600a86dfe43ae36d53d1f4a62a73d73c9073661ec85f8b	7428259	image/jpeg	2026-10-02T03:15:51+00:00		
yale_ms408a_thorndike_notes	images/090_32576903.jpg	https://collections.library.yale.edu/iiif/2/32576903/full/full/0/default.jpg	16de5617777044826e0ed94ba7041477905b3f6f875a3b05967d79ba01d407ba	7660940	image/jpeg	2026-10-02T03:15:54+00:00		
yale_ms408a_thorndike_notes	images/091_32576904.jpg	https://collections.library.yale.edu/iiif/2/32576904/full/full/0/default.jpg	bd167bb82d15254f6fcf107095a9b0bf4fe9fa6ae2a66fde0408b55ccf3741de	6898915	image/jpeg	2026-10-02T03:15:54+00:00		
yale_ms408a_thorndike_notes	images/089_32576902.jpg	https://collections.library.yale.edu/iiif/2/32576902/full/full/0/default.jpg	a952bf7b660ae1e0f9cc486c025daf80c55bbb689477418d68b22e0c4e6a1959	6536928	image/jpeg	2026-10-02T03:15:55+00:00		
yale_ms408a_thorndike_notes	images/092_32576905.jpg	https://collections.library.yale.edu/iiif/2/32576905/full/full/0/default.jpg	5979efa4c72ac1115a12b593a5354a01101888685e99e7a60c3b028df07d1099	7570577	image/jpeg	2026-10-02T03:15:56+00:00		
yale_ms408a_thorndike_notes	images/093_32576906.jpg	https://collections.library.yale.edu/iiif/2/32576906/full/full/0/default.jpg	9a18d7f906661724633cd5ea407dedd0d024f2498116161f413daf77598abdfb	6871944	image/jpeg	2026-10-02T03:15:59+00:00		
yale_ms408a_thorndike_notes	images/094_32576907.jpg	https://collections.library.yale.edu/iiif/2/32576907/full/full/0/default.jpg	4121df0d70c346694aab5fb300dd6f7f52b6c6c4a1385dfd69e31ab5e38f8d11	7807987	image/jpeg	2026-10-02T03:16:00+00:00		
yale_ms408a_thorndike_notes	images/095_32576908.jpg	https://collections.library.yale.edu/iiif/2/32576908/full/full/0/default.jpg	7fd5ff9d693ea1a158bb3f0a1d5fdcaf69bf3acdf1816e8ec79261f4c5050333	6898788	image/jpeg	2026-10-02T03:16:00+00:00		
yale_ms408a_thorndike_notes	images/096_32576909.jpg	https://collections.library.yale.edu/iiif/2/32576909/full/full/0/default.jpg	0b774657a637ed890ac2a812635c8ab683ef4b26243c2e6a13a4406065a2894e	7764909	image/jpeg	2026-10-02T03:16:02+00:00		
yale_ms408a_thorndike_notes	images/097_32576910.jpg	https://collections.library.yale.edu/iiif/2/32576910/full/full/0/default.jpg	ee16c6c9fc6b2dc9c9013977c0af5bcc0e3e295c18105bce380bc5ddd0fb441e	6537209	image/jpeg	2026-10-02T03:16:05+00:00		
yale_ms408a_thorndike_notes	images/098_32576911.jpg	https://collections.library.yale.edu/iiif/2/32576911/full/full/0/default.jpg	7a883c99c2629aca590c0649616d0dcec004b27ec349f9d2d984987879d77a66	7808405	image/jpeg	2026-10-02T03:16:06+00:00		
yale_ms408a_thorndike_notes	images/099_32576912.jpg	https://collections.library.yale.edu/iiif/2/32576912/full/full/0/default.jpg	5fa1bf31354b00812a0d5681001ece3cc6e5c103b05c459827743e6b8785a794	8231818	image/jpeg	2026-10-02T03:16:06+00:00		
yale_ms408a_thorndike_notes	images/100_32576913.jpg	https://collections.library.yale.edu/iiif/2/32576913/full/full/0/default.jpg	b82bc90a822c9c4a7ee2eb6fb703e9d258442d57d5c72d1432f70fec6cc827df	7851506	image/jpeg	2026-10-02T03:16:08+00:00		
yale_ms408a_thorndike_notes	images/103_32576916.jpg	https://collections.library.yale.edu/iiif/2/32576916/full/full/0/default.jpg	d1c10148d57c7025e6e2c3f0309c96eb36692450d8a2c32b0c15e717dfe7dc6b	8285359	image/jpeg	2026-10-02T03:16:12+00:00		
yale_ms408a_thorndike_notes	images/102_32576915.jpg	https://collections.library.yale.edu/iiif/2/32576915/full/full/0/default.jpg	a3542eb7a363de0e0e738006b5b5448b94f52143fe7334a80297b262b06433f4	7856441	image/jpeg	2026-10-02T03:16:14+00:00		
yale_ms408a_thorndike_notes	images/101_32576914.jpg	https://collections.library.yale.edu/iiif/2/32576914/full/full/0/default.jpg	20e8626e899a26e63615de1c46a3a94e0669354ff0df627af6375d574d696fb7	8273467	image/jpeg	2026-10-02T03:16:14+00:00		
yale_ms408a_thorndike_notes	images/104_32576917.jpg	https://collections.library.yale.edu/iiif/2/32576917/full/full/0/default.jpg	cc53d8e808dc2ff08b3b9dc4a9b009dc20ae18fb1906b4243a4410e5fdbd6c2c	7821531	image/jpeg	2026-10-02T03:16:15+00:00		
yale_ms408a_thorndike_notes	images/105_32576918.jpg	https://collections.library.yale.edu/iiif/2/32576918/full/full/0/default.jpg	ddb3fbe1a2db0e38f7d510201ea34e928bd4f84341ace744ad38c4d7f586b341	8116294	image/jpeg	2026-10-02T03:16:18+00:00		
yale_ms408a_thorndike_notes	images/106_32576919.jpg	https://collections.library.yale.edu/iiif/2/32576919/full/full/0/default.jpg	eb046ecfb950f50c23c3b5a2e82799c66ae49cf8650593f6e38e57b7c4aba3d3	7749023	image/jpeg	2026-10-02T03:16:20+00:00		
yale_ms408a_thorndike_notes	images/107_32576920.jpg	https://collections.library.yale.edu/iiif/2/32576920/full/full/0/default.jpg	5e60d902aa21f298ccbcec4e326c96425e830f881f6dded2547f0d4462bd1c48	8169809	image/jpeg	2026-10-02T03:16:20+00:00		
yale_ms408a_thorndike_notes	images/108_32576921.jpg	https://collections.library.yale.edu/iiif/2/32576921/full/full/0/default.jpg	8e1cddcdf9f0731779aafc5fd7c8ac3c4a4ba31e5c52f2cdb66ae046d5a5f002	7142435	image/jpeg	2026-10-02T03:16:21+00:00		
yale_ms408a_thorndike_notes	images/110_32576923.jpg	https://collections.library.yale.edu/iiif/2/32576923/full/full/0/default.jpg	5f206ee29b82bac9ed23d2e2fb7f562b1b86ca7beb43e8b70a8ca4cf027bcc1d	7716827	image/jpeg	2026-10-02T03:16:25+00:00		
yale_ms408a_thorndike_notes	images/109_32576922.jpg	https://collections.library.yale.edu/iiif/2/32576922/full/full/0/default.jpg	3975f8cbf007f85bd2679b2c4343aaa01b50913476d621211ced5720f383e616	8090438	image/jpeg	2026-10-02T03:16:25+00:00		
yale_ms408a_thorndike_notes	images/112_32576925.jpg	https://collections.library.yale.edu/iiif/2/32576925/full/full/0/default.jpg	0ce6ab94ddd695625bf09d421fd2a477edc8e9f96c0c1eb488d07bca93f0bc07	7573994	image/jpeg	2026-10-02T03:16:26+00:00		
yale_ms408a_thorndike_notes	images/111_32576924.jpg	https://collections.library.yale.edu/iiif/2/32576924/full/full/0/default.jpg	8d918a07683d138244d65eb3f0eb3d4ee77e1ceec51abd7291a93dbade31f41d	8394055	image/jpeg	2026-10-02T03:16:27+00:00		
yale_ms408a_thorndike_notes	images/114_32576927.jpg	https://collections.library.yale.edu/iiif/2/32576927/full/full/0/default.jpg	19cf8cdb5fca15ede762c6b3cbe9790be5052a3a943d63a8709c1812f8423886	7782742	image/jpeg	2026-10-02T03:16:31+00:00		
yale_ms408a_thorndike_notes	images/113_32576926.jpg	https://collections.library.yale.edu/iiif/2/32576926/full/full/0/default.jpg	2f1d4715ae0e1b5042a264a7076fbce485ae11529c61a3fb62600d412f4a9684	8394311	image/jpeg	2026-10-02T03:16:32+00:00		
yale_ms408a_thorndike_notes	images/115_32576928.jpg	https://collections.library.yale.edu/iiif/2/32576928/full/full/0/default.jpg	adb6c65f2116debbd962b1d7cf995b3e7bab616a1788c9d2044117afd64b336c	8220361	image/jpeg	2026-10-02T03:16:33+00:00		
yale_ms408a_thorndike_notes	images/116_32576929.jpg	https://collections.library.yale.edu/iiif/2/32576929/full/full/0/default.jpg	362ed1fc5270ad4841d59b0f363c4d1e8409c1e9bc3d306f1f29d3a87300bbe5	7838536	image/jpeg	2026-10-02T03:16:34+00:00		
yale_ms408a_thorndike_notes	images/117_32576930.jpg	https://collections.library.yale.edu/iiif/2/32576930/full/full/0/default.jpg	8002715a5a5e9e14bdb5401308c09d8f8da14a538719edb5fa970e8ff66f54a8	8106222	image/jpeg	2026-10-02T03:16:36+00:00		
yale_ms408a_thorndike_notes	images/118_32576931.jpg	https://collections.library.yale.edu/iiif/2/32576931/full/full/0/default.jpg	ed31ed8c5b9cf00b904ce3f9cc6ee7422f7da7b0bf7612ed0c9e431b24cea373	7792345	image/jpeg	2026-10-02T03:16:37+00:00		
yale_ms408a_thorndike_notes	images/119_32576932.jpg	https://collections.library.yale.edu/iiif/2/32576932/full/full/0/default.jpg	acd39fbeeb74327faaf58c0bb101dfa4ce54a2f68b46cddfb8c14711fdff470d	8118805	image/jpeg	2026-10-02T03:16:39+00:00		
yale_ms408a_thorndike_notes	images/120_32576933.jpg	https://collections.library.yale.edu/iiif/2/32576933/full/full/0/default.jpg	9368181c057ad6da45392d3549c54adb622792c20c396155775b6f91c8143228	7807507	image/jpeg	2026-10-02T03:16:40+00:00		
yale_ms408a_thorndike_notes	images/121_32576934.jpg	https://collections.library.yale.edu/iiif/2/32576934/full/full/0/default.jpg	8a5959750bd6a8e7d5b55dd2bc1a23cce15ea86ea43ed29351fe266ef43fb0e6	8045904	image/jpeg	2026-10-02T03:16:43+00:00		
yale_ms408a_thorndike_notes	images/122_32576935.jpg	https://collections.library.yale.edu/iiif/2/32576935/full/full/0/default.jpg	8ff565bf2c3cfee3a213b808e7b0ee146029d07bf70f2690e9f93700bd835ed0	7281936	image/jpeg	2026-10-02T03:16:43+00:00		
yale_ms408a_thorndike_notes	images/123_32576936.jpg	https://collections.library.yale.edu/iiif/2/32576936/full/full/0/default.jpg	9d3019d785b193240721d2420fedeccbcef1b1233edf88a11bc7cb1f4b139311	7445177	image/jpeg	2026-10-02T03:16:45+00:00		
yale_ms408a_thorndike_notes	images/124_32576937.jpg	https://collections.library.yale.edu/iiif/2/32576937/full/full/0/default.jpg	83e8a5c0c0ab95b11eb797df4e9be4bbfeffdabed3871eb9fffcfe2a6ebec5a7	7873703	image/jpeg	2026-10-02T03:16:46+00:00		
yale_ms408a_thorndike_notes	images/125_32576938.jpg	https://collections.library.yale.edu/iiif/2/32576938/full/full/0/default.jpg	43aeba6926d00706922afd43e737e2b805b91af70378fc94f4b76da7c9972988	8051568	image/jpeg	2026-10-02T03:16:48+00:00		
yale_ms408a_thorndike_notes	images/126_32576939.jpg	https://collections.library.yale.edu/iiif/2/32576939/full/full/0/default.jpg	0f9c802c8f8bcca4948061b631c2a4f3c636c6d9a023270c5b507fd1e07f9fbb	7852881	image/jpeg	2026-10-02T03:16:50+00:00		
yale_ms408a_thorndike_notes	images/127_32576940.jpg	https://collections.library.yale.edu/iiif/2/32576940/full/full/0/default.jpg	10e1947a4475c10031460c51d8108c1d6a7f3efa3d36a7656450d1a5690b78cc	8101828	image/jpeg	2026-10-02T03:16:52+00:00		
yale_ms408a_thorndike_notes	images/128_32576941.jpg	https://collections.library.yale.edu/iiif/2/32576941/full/full/0/default.jpg	46316ec2a728c5780a54a87ed8cc78cf5a197ce18e51f7ef1e07b1bc196927e5	7747843	image/jpeg	2026-10-02T03:16:53+00:00		
yale_ms408a_thorndike_notes	images/129_32576942.jpg	https://collections.library.yale.edu/iiif/2/32576942/full/full/0/default.jpg	ed9f113ab84fe15c8655d82b3b6db996920c0ff9898607e5bf3c0d85db355fed	8015444	image/jpeg	2026-10-02T03:16:54+00:00		
yale_ms408a_thorndike_notes	images/130_32576943.jpg	https://collections.library.yale.edu/iiif/2/32576943/full/full/0/default.jpg	7f2191654b151fc1139c81ee869e23d710a20b5b5463291edbd822bf795699b0	7729766	image/jpeg	2026-10-02T03:16:57+00:00		
yale_ms408a_thorndike_notes	images/131_32576944.jpg	https://collections.library.yale.edu/iiif/2/32576944/full/full/0/default.jpg	76460102182e999a1d83f999d85cc3d71bbfe3bcb470d2dfdd80bced6e1a2cc6	7927128	image/jpeg	2026-10-02T03:16:58+00:00		
yale_ms408a_thorndike_notes	images/133_32576946.jpg	https://collections.library.yale.edu/iiif/2/32576946/full/full/0/default.jpg	d2b0f8b307fd07f7fc4cd406377e6697f323c291cf64454086c9b6b6e9e6f8de	8083034	image/jpeg	2026-10-02T03:17:00+00:00		
yale_ms408a_thorndike_notes	images/132_32576945.jpg	https://collections.library.yale.edu/iiif/2/32576945/full/full/0/default.jpg	c5f1bd27fc97da8e040e60f80464cba34f191e5bb4736ceeacf211ea90e779aa	7792079	image/jpeg	2026-10-02T03:17:00+00:00		
yale_ms408a_thorndike_notes	images/135_32576948.jpg	https://collections.library.yale.edu/iiif/2/32576948/full/full/0/default.jpg	d6254614486e2d90b3d1cf6a9c0914019b914724eead51a1ecb9ee067462d11d	8015219	image/jpeg	2026-10-02T03:17:03+00:00		
yale_ms408a_thorndike_notes	images/134_32576947.jpg	https://collections.library.yale.edu/iiif/2/32576947/full/full/0/default.jpg	691f56f13fa10c1f742c7b4cdc99c4a0b5d4e2792f2725dcbdfc77b0dc2ec5f0	7784761	image/jpeg	2026-10-02T03:17:03+00:00		
yale_ms408a_thorndike_notes	images/136_32576949.jpg	https://collections.library.yale.edu/iiif/2/32576949/full/full/0/default.jpg	aca6431372b585db51a9c72eb0f4be7709e8b6adf357fef4f7ea59e7b7367041	7545401	image/jpeg	2026-10-02T03:17:05+00:00		
yale_ms408a_thorndike_notes	images/137_32576950.jpg	https://collections.library.yale.edu/iiif/2/32576950/full/full/0/default.jpg	c907d5be57d1ea949b7ea5aba4f8eee992e7f2adb6df800cf1fe56d9823ccbff	7954470	image/jpeg	2026-10-02T03:17:05+00:00		
yale_ms408a_thorndike_notes	images/138_32576951.jpg	https://collections.library.yale.edu/iiif/2/32576951/full/full/0/default.jpg	dab125f657fe7b64bc1dac88cbdd320e8a52b5a3cec18d9db8d5e3d7220c6bea	7812874	image/jpeg	2026-10-02T03:17:09+00:00		
yale_ms408a_thorndike_notes	images/140_32576953.jpg	https://collections.library.yale.edu/iiif/2/32576953/full/full/0/default.jpg	89b76ff5dacc91072d538cb76fc842b6015841b2e7fc3d38cb8466d631d5e93e	7446187	image/jpeg	2026-10-02T03:17:11+00:00		
yale_ms408a_thorndike_notes	images/139_32576952.jpg	https://collections.library.yale.edu/iiif/2/32576952/full/full/0/default.jpg	d92e931a30031cf941fff59d0b06aaa91709c0ce8dfea555f617ea7bea87a93c	8089031	image/jpeg	2026-10-02T03:17:11+00:00		
yale_ms408a_thorndike_notes	images/141_32576954.jpg	https://collections.library.yale.edu/iiif/2/32576954/full/full/0/default.jpg	1d5aa60283dabcd80b829a45602cb430091cbd4e700b6f863499238f5326ed69	8155389	image/jpeg	2026-10-02T03:17:12+00:00		
yale_ms408a_thorndike_notes	images/142_32576955.jpg	https://collections.library.yale.edu/iiif/2/32576955/full/full/0/default.jpg	d9f90c7dab0ea7df1d8f8c8cdc70d53a152597dce62ce75db6f26f9929697394	5288880	image/jpeg	2026-10-02T03:17:14+00:00		
yale_ms408a_thorndike_notes	images/143_32576956.jpg	https://collections.library.yale.edu/iiif/2/32576956/full/full/0/default.jpg	2acaee686e718e079140a66b4f246fe33d1a46b484f844e2406f3778fdb016ab	5118390	image/jpeg	2026-10-02T03:17:15+00:00		
yale_ms408a_thorndike_notes	images/144_32576957.jpg	https://collections.library.yale.edu/iiif/2/32576957/full/full/0/default.jpg	0b498263606df1875b5df2340ee7a78d051e16cf3089fca6db9c708b0ef372b8	5397395	image/jpeg	2026-10-02T03:17:15+00:00		
yale_ms408a_thorndike_notes	images/145_32576958.jpg	https://collections.library.yale.edu/iiif/2/32576958/full/full/0/default.jpg	05e722a264ba6ce9436eecd89ef356b6609e27ee963045bfe42544e24f9eee99	5195124	image/jpeg	2026-10-02T03:17:16+00:00		
yale_ms408a_thorndike_notes	images/146_32576959.jpg	https://collections.library.yale.edu/iiif/2/32576959/full/full/0/default.jpg	db3f066334d5ef8efe0586b08a45ca7460e9cdc6e801a1c798056f59c2bb0794	5332843	image/jpeg	2026-10-02T03:17:21+00:00		
yale_ms408a_thorndike_notes	images/147_32576960.jpg	https://collections.library.yale.edu/iiif/2/32576960/full/full/0/default.jpg	e495d8bb7b34b14a89355d144108071f8913bb8f62faf143bbb6977c0f86e999	5054347	image/jpeg	2026-10-02T03:17:22+00:00		
yale_ms408a_thorndike_notes	images/149_32576962.jpg	https://collections.library.yale.edu/iiif/2/32576962/full/full/0/default.jpg	e8cd7974cd0866a87ae29391e5a72519366d729bea99b1ff6931c2ee47c856cc	6912402	image/jpeg	2026-10-02T03:17:23+00:00		
yale_ms408a_thorndike_notes	images/148_32576961.jpg	https://collections.library.yale.edu/iiif/2/32576961/full/full/0/default.jpg	ae921f3cf336175f9d133b073f70a8905fa2c345dc2390775f264d1bfa6ab89f	7507479	image/jpeg	2026-10-02T03:17:23+00:00		
yale_ms408a_thorndike_notes	images/150_32576963.jpg	https://collections.library.yale.edu/iiif/2/32576963/full/full/0/default.jpg	58c6c037adc60a30d83cec398715f18ffad5d2ed28941aa4361d2c7be1c2d023	7579230	image/jpeg	2026-10-02T03:17:27+00:00		
yale_ms408a_thorndike_notes	images/151_32576964.jpg	https://collections.library.yale.edu/iiif/2/32576964/full/full/0/default.jpg	5405b2d427be87429a866b9d2ae0ba5c4f0020084b3f554eba21cff1a7ec3389	6590145	image/jpeg	2026-10-02T03:17:28+00:00		
yale_ms408a_thorndike_notes	images/152_32576965.jpg	https://collections.library.yale.edu/iiif/2/32576965/full/full/0/default.jpg	ed7be4b9e93946a6d79ba33b3e0a85afa1e83f702e7376430dba787505f9f519	7368008	image/jpeg	2026-10-02T03:17:31+00:00		
yale_ms408a_thorndike_notes	images/153_32576966.jpg	https://collections.library.yale.edu/iiif/2/32576966/full/full/0/default.jpg	fe7636b3ec896e610f56828c7e210ee86a295195242c3fa497330b1b31979dc4	6879345	image/jpeg	2026-10-02T03:17:31+00:00		
yale_ms408a_thorndike_notes	images/154_32576967.jpg	https://collections.library.yale.edu/iiif/2/32576967/full/full/0/default.jpg	e6a664d14c183ca8884c080f328d188b00887a44de6d76309dd0856df61a501e	7124895	image/jpeg	2026-10-02T03:17:32+00:00		
yale_ms408a_thorndike_notes	images/155_32576968.jpg	https://collections.library.yale.edu/iiif/2/32576968/full/full/0/default.jpg	1ec0dbb63c75f9711d35bcb005dd58601bd65504ce7189a15429f9a3bf60d8ad	6765134	image/jpeg	2026-10-02T03:17:34+00:00		
yale_ms408a_thorndike_notes	images/157_32576970.jpg	https://collections.library.yale.edu/iiif/2/32576970/full/full/0/default.jpg	3188998a1271cea75333a493c0bf7f38ac4268c7b79d31d46c21632e9a5f2211	6781808	image/jpeg	2026-10-02T03:17:37+00:00		
yale_ms408a_thorndike_notes	images/156_32576969.jpg	https://collections.library.yale.edu/iiif/2/32576969/full/full/0/default.jpg	4a1ca23dd32e8db85a0988e6e6a9d51ae1fba6138524b0cdd471d0f09acea109	7514474	image/jpeg	2026-10-02T03:17:37+00:00		
yale_ms408a_thorndike_notes	images/158_32576971.jpg	https://collections.library.yale.edu/iiif/2/32576971/full/full/0/default.jpg	eec45d1ac723667fc7cb05567f37c9b7475884bff59436537f54a1181474218c	7723087	image/jpeg	2026-10-02T03:17:38+00:00		
yale_ms408a_thorndike_notes	images/159_32576972.jpg	https://collections.library.yale.edu/iiif/2/32576972/full/full/0/default.jpg	f5502ffbdfe1e2ea4871a5daea7735c3cab9a1a6f493bcb8d3ea50fabe257cc1	6930209	image/jpeg	2026-10-02T03:17:38+00:00		
yale_ms408a_thorndike_notes	images/160_32576973.jpg	https://collections.library.yale.edu/iiif/2/32576973/full/full/0/default.jpg	6fc95415057199c15010bfe6ed1c724b0ea3c6b4b0b7edd63256c190df7c4cd4	7815249	image/jpeg	2026-10-02T03:17:42+00:00		
yale_ms408a_thorndike_notes	images/161_32576974.jpg	https://collections.library.yale.edu/iiif/2/32576974/full/full/0/default.jpg	17d0be27706f46ab490905321d6cd01cb8ccb8e13748ab9529e440f0f9cea78e	6971847	image/jpeg	2026-10-02T03:17:42+00:00		
yale_ms408a_thorndike_notes	images/162_32576975.jpg	https://collections.library.yale.edu/iiif/2/32576975/full/full/0/default.jpg	da056b5df227037144745474cddeda3c69100cb2fe4be327e8df0a82425bab42	7328578	image/jpeg	2026-10-02T03:17:43+00:00		
yale_ms408a_thorndike_notes	images/163_32576976.jpg	https://collections.library.yale.edu/iiif/2/32576976/full/full/0/default.jpg	076b4a8ec1bfb5d8b906515d50032acb0b8ca002a295164b0f0ccaaeb9973f9c	6769983	image/jpeg	2026-10-02T03:17:44+00:00		
yale_ms408a_thorndike_notes	images/164_32576977.jpg	https://collections.library.yale.edu/iiif/2/32576977/full/full/0/default.jpg	b3f274d3d3fc50bde72faed6eb5b6e90e1b1aa8b37412b5d5f28f496f0c1a748	7591123	image/jpeg	2026-10-02T03:17:47+00:00		
yale_ms408a_thorndike_notes	images/165_32576978.jpg	https://collections.library.yale.edu/iiif/2/32576978/full/full/0/default.jpg	b13a0fa4f28c38125ddbff4d57c91135e69b7da0e2eab19066ed0f428df8881e	6685467	image/jpeg	2026-10-02T03:17:48+00:00		
yale_ms408a_thorndike_notes	images/166_32576979.jpg	https://collections.library.yale.edu/iiif/2/32576979/full/full/0/default.jpg	68c31a805a0c00ce8b500cb84e31e4a55330d7fc2d0876f2b41d315abcf8d41a	7630497	image/jpeg	2026-10-02T03:17:48+00:00		
yale_ms408a_thorndike_notes	images/167_32576980.jpg	https://collections.library.yale.edu/iiif/2/32576980/full/full/0/default.jpg	6017e2c6d84454a5ce193c4a944a025ecb6c1f189895909ff7e091c671cb74bc	6803919	image/jpeg	2026-10-02T03:17:49+00:00		
yale_ms408a_thorndike_notes	images/168_32576981.jpg	https://collections.library.yale.edu/iiif/2/32576981/full/full/0/default.jpg	5def0dd45702f51d7128115bf5c364d5e8e6452c2e642408fce01eee84bca712	7515687	image/jpeg	2026-10-02T03:17:53+00:00		
yale_ms408a_thorndike_notes	images/169_32576982.jpg	https://collections.library.yale.edu/iiif/2/32576982/full/full/0/default.jpg	0f14700022afbeb45b1d8494072b99f71ee9c435f480f07a3f4811550a4832c0	6768369	image/jpeg	2026-10-02T03:17:53+00:00		
yale_ms408a_thorndike_notes	images/171_32576984.jpg	https://collections.library.yale.edu/iiif/2/32576984/full/full/0/default.jpg	a225cab0ccd03ad11c5cf25319d4b86fac9792aa5b72d7e1601fa0c6847671a9	6721023	image/jpeg	2026-10-02T03:17:54+00:00		
yale_ms408a_thorndike_notes	images/170_32576983.jpg	https://collections.library.yale.edu/iiif/2/32576983/full/full/0/default.jpg	bcd4d2cc415ca9559e6ac27d8794c85cca67bed707075331978266404be779c0	7064097	image/jpeg	2026-10-02T03:17:54+00:00		
yale_ms408a_correspondence	iiif-manifest.json	https://collections.library.yale.edu/manifests/2041525	330da27fa065114e69e0f80c8a3d59be400461696ccc6219f9b4f81893f87a12	44917	application/json	2026-10-02T03:17:54+00:00		
yale_ms408a_correspondence	images/001_1171148.jpg	https://collections.library.yale.edu/iiif/2/1171148/full/full/0/default.jpg	0d89a667c8d428b35bbf04c0709e4569ed6149879de16e296e05728bd2e573b2	1509541	image/jpeg	2026-10-02T03:17:56+00:00		
yale_ms408a_correspondence	images/004_1171151.jpg	https://collections.library.yale.edu/iiif/2/1171151/full/full/0/default.jpg	d2eb1260a6eccd56cf0a6f7e61d0f290f1afe58d267f92f3826af7bdd645d3f4	1373096	image/jpeg	2026-10-02T03:17:57+00:00		
yale_ms408a_correspondence	images/003_1171150.jpg	https://collections.library.yale.edu/iiif/2/1171150/full/full/0/default.jpg	6acf25fe2b5ee72320a517bf1efa58228d0834e624c5ce95dfe935f73568a0a5	1016890	image/jpeg	2026-10-02T03:17:57+00:00		
yale_ms408a_correspondence	images/002_1171149.jpg	https://collections.library.yale.edu/iiif/2/1171149/full/full/0/default.jpg	caefc9893c380ef818dedd258f026e8a5125d4076b3c6e0169d0082b7e5fca3d	1102137	image/jpeg	2026-10-02T03:17:58+00:00		
yale_ms408a_correspondence	images/006_1182202.jpg	https://collections.library.yale.edu/iiif/2/1182202/full/full/0/default.jpg	ee3afb02eeccc8397dcc0d05ab974edd200e8ff27b820b95dc5b8cac25bfa95e	529772	image/jpeg	2026-10-02T03:17:58+00:00		
yale_ms408a_correspondence	images/005_1182201.jpg	https://collections.library.yale.edu/iiif/2/1182201/full/full/0/default.jpg	96d5147dd8c14f51fd6bf54fec295437e3964f71c6e7678aaf4bdcf59bd21bdf	637467	image/jpeg	2026-10-02T03:17:58+00:00		
yale_ms408a_correspondence	images/008_1182204.jpg	https://collections.library.yale.edu/iiif/2/1182204/full/full/0/default.jpg	8a9fa354215a27a5e2b192471d77873e06856e6f2f417c43616202f02cba76ba	431867	image/jpeg	2026-10-02T03:17:59+00:00		
yale_ms408a_correspondence	images/007_1182203.jpg	https://collections.library.yale.edu/iiif/2/1182203/full/full/0/default.jpg	c608f3a00928a3cba25332adf7d5c87ceab21334af7f123798c97609594fa6f8	604328	image/jpeg	2026-10-02T03:17:59+00:00		
yale_ms408a_correspondence	images/010_1182206.jpg	https://collections.library.yale.edu/iiif/2/1182206/full/full/0/default.jpg	41182b42be950bb9362d1c7eb7ae4a8bb75afe01815f411ef2500dcfba2b13f8	999825	image/jpeg	2026-10-02T03:18:00+00:00		
yale_ms408a_correspondence	images/009_1182205.jpg	https://collections.library.yale.edu/iiif/2/1182205/full/full/0/default.jpg	436b8bbce9fd0cac7998c0d6a27ab273eace6bebaa0a7ddecdf2f2d50789d56a	1137123	image/jpeg	2026-10-02T03:18:00+00:00		
yale_ms408a_correspondence	images/012_1191958.jpg	https://collections.library.yale.edu/iiif/2/1191958/full/full/0/default.jpg	31b0e862fbc562171d26f16c39b555d2c5b027a9c6c51175e337ce1a6bf8b260	397962	image/jpeg	2026-10-02T03:18:02+00:00		
yale_ms408a_correspondence	images/014_1191960.jpg	https://collections.library.yale.edu/iiif/2/1191960/full/full/0/default.jpg	a114eb3045b117ea02f34011a9fdf6865802686af3545b35427151185ac3debc	588335	image/jpeg	2026-10-02T03:18:02+00:00		
yale_ms408a_correspondence	images/011_1191957.jpg	https://collections.library.yale.edu/iiif/2/1191957/full/full/0/default.jpg	d942caa0dbcd3ac0aa7afefe8c875e514dcc51da18f3fe56c51d02af5fb218e4	384005	image/jpeg	2026-10-02T03:18:02+00:00		
yale_ms408a_correspondence	images/013_1191959.jpg	https://collections.library.yale.edu/iiif/2/1191959/full/full/0/default.jpg	d450703048befd1a4cddbed92d89d44f96ab4759cfb3a29280ffae269379db8f	548584	image/jpeg	2026-10-02T03:18:02+00:00		
yale_ms408a_correspondence	images/018_16191682.jpg	https://collections.library.yale.edu/iiif/2/16191682/full/full/0/default.jpg	de9bd7c963d289a510350132417c197281512f078b98251bb6d75b67843b40db	822317	image/jpeg	2026-10-02T03:18:04+00:00		
yale_ms408a_correspondence	images/015_1191961.jpg	https://collections.library.yale.edu/iiif/2/1191961/full/full/0/default.jpg	919be271f5337586123627df7eea8045f7993320d7c4f0639c893663b8039abd	712533	image/jpeg	2026-10-02T03:18:04+00:00		
yale_ms408a_correspondence	images/016_1191962.jpg	https://collections.library.yale.edu/iiif/2/1191962/full/full/0/default.jpg	e9a37aba00c2b19b009a53c586df1ae1dab8521ee763771d47f590f53cb20b6d	791493	image/jpeg	2026-10-02T03:18:04+00:00		
yale_ms408a_correspondence	images/017_16191681.jpg	https://collections.library.yale.edu/iiif/2/16191681/full/full/0/default.jpg	55e39d4323beffd1493544d57dafcd9fa584d1494f45f810c4be1844e208c0d8	1000382	image/jpeg	2026-10-02T03:18:04+00:00		
yale_ms408a_correspondence	images/020_16191684.jpg	https://collections.library.yale.edu/iiif/2/16191684/full/full/0/default.jpg	0f94f40a2de611b168feddd2a3077150000848dac5b810918fcf76d58f53d94f	308103	image/jpeg	2026-10-02T03:18:06+00:00		
yale_ms408a_correspondence	images/019_16191683.jpg	https://collections.library.yale.edu/iiif/2/16191683/full/full/0/default.jpg	6aaaca31e722c36a8dffb7f8c2b921cbc8d111eb2d1e00d682dbd07ac7e70b23	352134	image/jpeg	2026-10-02T03:18:06+00:00		
yale_ms408a_photos_wmv	iiif-manifest.json	https://collections.library.yale.edu/manifests/2014917	306e5444d26846054c281eb26c6924a4d643ae660f81e7fdb50b61e603c455cb	18547	application/json	2026-10-02T03:18:06+00:00		
yale_ms408a_photos_wmv	images/001_1062126.jpg	https://collections.library.yale.edu/iiif/2/1062126/full/full/0/default.jpg	1e882cc83163b3f927a2a0adfd360c415359f92697dbba52c5f9ffc0a4bc0ee9	1093523	image/jpeg	2026-10-02T03:18:09+00:00		
yale_ms408a_photos_wmv	images/002_1062127.jpg	https://collections.library.yale.edu/iiif/2/1062127/full/full/0/default.jpg	f9943aa7e0b8f69eca0a5d6d336dfbee95c917b1c91af152d579c20f89ee0269	1099824	image/jpeg	2026-10-02T03:18:09+00:00		
yale_ms408a_photos_wmv	images/004_1062129.jpg	https://collections.library.yale.edu/iiif/2/1062129/full/full/0/default.jpg	e2f4114a70bfb09f142d211b7946c21373f12a845758aa511598990c5ec9aee9	2313404	image/jpeg	2026-10-02T03:18:10+00:00		
yale_ms408a_photos_wmv	images/003_1062128.jpg	https://collections.library.yale.edu/iiif/2/1062128/full/full/0/default.jpg	c47f83660fc46b58a7a9252300c2e692cb2e73496be78afbfa99b2c7b72dd2cc	2372916	image/jpeg	2026-10-02T03:18:10+00:00		
yale_ms408a_photos_wmv	images/005_1062130.jpg	https://collections.library.yale.edu/iiif/2/1062130/full/full/0/default.jpg	a8f27632d772e153d3bec2389c66b0cc52cec0883d5280d2a1364b4d0381f84f	2261370	image/jpeg	2026-10-02T03:18:11+00:00		
yale_ms408a_photos_wmv	images/006_1062131.jpg	https://collections.library.yale.edu/iiif/2/1062131/full/full/0/default.jpg	5c675867ffe94efba7aa8b12bc782a2036a6f3ffd5b2be149731a2313ee13218	2267747	image/jpeg	2026-10-02T03:18:11+00:00		
yale_ms408a_photos_wmv	images/007_1062132.jpg	https://collections.library.yale.edu/iiif/2/1062132/full/full/0/default.jpg	9410bfea4a5fe2d5f3aefd9003bff02189659347838f11dd31180f97dcccef0c	1844796	image/jpeg	2026-10-02T03:18:12+00:00		
yale_ms408a_finding_aid	finding_aid.html	https://archives.yale.edu/repositories/11/resources/13090	e3b0c44298fc1c149afbf4c8996fb92427ae41e4649b934ca495991b7852b855	0	text/html	2026-10-02T03:18:12+00:00		
cmp_yale_cushing_ms3_opera_medicinalia	iiif-manifest.json	https://collections.library.yale.edu/manifests/16960283	874a149808a3315a6a7256774da528fcd4148c974b771877cc34b63b52a52709	978986	application/json	2026-10-02T03:18:12+00:00		
cmp_yale_cushing_ms3_opera_medicinalia	images/004_16965520.jpg	https://collections.library.yale.edu/iiif/2/16965520/full/full/0/default.jpg	fa634573d0a12a53b2cb576bb50eab47f8eaad81c503bc9654a466e61ce2d90c	452121	image/jpeg	2026-10-02T03:18:14+00:00		
cmp_yale_cushing_ms3_opera_medicinalia	images/002_16965518.jpg	https://collections.library.yale.edu/iiif/2/16965518/full/full/0/default.jpg	f592dd7c339c395cb54e27364ee575b4a4c24e1577da52cc1260556d8b3742d3	689763	image/jpeg	2026-10-02T03:18:14+00:00		
cmp_yale_cushing_ms3_opera_medicinalia	images/003_16965519.jpg	https://collections.library.yale.edu/iiif/2/16965519/full/full/0/default.jpg	5858bb1c9c7ef18d5ed1623d6f73d42ae32f8244b4aed9b0f954dcbffeeaccd7	331538	image/jpeg	2026-10-02T03:18:14+00:00		
cmp_yale_cushing_ms3_opera_medicinalia	images/001_16965517.jpg	https://collections.library.yale.edu/iiif/2/16965517/full/full/0/default.jpg	7da2a9e542379e8bbdbfb1f2b3dae67d1700ffe9e2ea23bf51bf224424bb448d	1141931	image/jpeg	2026-10-02T03:18:14+00:00		
cmp_yale_cushing_ms3_opera_medicinalia	images/005_16965521.jpg	https://collections.library.yale.edu/iiif/2/16965521/full/full/0/default.jpg	2ac9ca14f40cc34ea168500be2398bf4b9a8fbf44171b56fd4d92a7b4e2a6d99	382158	image/jpeg	2026-10-02T03:18:15+00:00		
cmp_yale_cushing_ms3_opera_medicinalia	images/006_16965522.jpg	https://collections.library.yale.edu/iiif/2/16965522/full/full/0/default.jpg	cdd245641914a73efa42f5611034fa93c3668ffa1fe9d61a8c46c40d77207c20	621801	image/jpeg	2026-10-02T03:18:16+00:00		
cmp_yale_cushing_ms3_opera_medicinalia	images/007_16965523.jpg	https://collections.library.yale.edu/iiif/2/16965523/full/full/0/default.jpg	b9cedeb589cb25ac62608bb961ee3d36faddf01841d1f0bb0bdc566f4b246a63	981343	image/jpeg	2026-10-02T03:18:16+00:00		
cmp_yale_cushing_ms3_opera_medicinalia	images/008_16965524.jpg	https://collections.library.yale.edu/iiif/2/16965524/full/full/0/default.jpg	a744388c189e08988b2452d031b6d3aa02f6c1cc5bafca18885a39a843c1425a	870956	image/jpeg	2026-10-02T03:18:16+00:00		
cmp_yale_cushing_ms3_opera_medicinalia	images/009_16965525.jpg	https://collections.library.yale.edu/iiif/2/16965525/full/full/0/default.jpg	975f5e27c382658073703693c2b016ee1ecea15d44fbf9635f233e38aed2fdb0	957976	image/jpeg	2026-10-02T03:18:17+00:00		
cmp_yale_cushing_ms3_opera_medicinalia	images/013_16965529.jpg	https://collections.library.yale.edu/iiif/2/16965529/full/full/0/default.jpg	6de95539fcb2bd4b9dc2dc09aa63920c63fac13d10ef39905f3bd789e6ced86a	952172	image/jpeg	2026-10-02T03:18:18+00:00		
cmp_yale_cushing_ms3_opera_medicinalia	images/012_16965528.jpg	https://collections.library.yale.edu/iiif/2/16965528/full/full/0/default.jpg	7e1be101b5428b15a23aafdcda8f7bce28d995b494a7c96ca8fa977be10adb50	901152	image/jpeg	2026-10-02T03:18:19+00:00		
cmp_yale_cushing_ms3_opera_medicinalia	images/010_16965526.jpg	https://collections.library.yale.edu/iiif/2/16965526/full/full/0/default.jpg	b7194c2afc2a71454ed0e9a1e648079f02fe3b1fd66ef3eab8052364d674bb2a	996137	image/jpeg	2026-10-02T03:18:19+00:00		
cmp_yale_cushing_ms3_opera_medicinalia	images/011_16965527.jpg	https://collections.library.yale.edu/iiif/2/16965527/full/full/0/default.jpg	d5762dd5271f61108afdd2a946681696a088917dbe290341b8a48ab7beada8a2	994416	image/jpeg	2026-10-02T03:18:19+00:00		
cmp_yale_cushing_ms3_opera_medicinalia	images/014_16965530.jpg	https://collections.library.yale.edu/iiif/2/16965530/full/full/0/default.jpg	9dba71a113e82528f34183c8a67f02186db2e3b7f4fcf9e32a01cfa4c259b8e0	930430	image/jpeg	2026-10-02T03:18:20+00:00		
cmp_yale_cushing_ms3_opera_medicinalia	images/018_16965534.jpg	https://collections.library.yale.edu/iiif/2/16965534/full/full/0/default.jpg	070990715be2f65b07aee49f7b91f27f1b3ac156e95ff5437c0970a5c4a502fa	948531	image/jpeg	2026-10-02T03:18:21+00:00		
cmp_yale_cushing_ms3_opera_medicinalia	images/017_16965533.jpg	https://collections.library.yale.edu/iiif/2/16965533/full/full/0/default.jpg	acc9842cf549805609b201dc77e1c498005e3ceaa39a107048282fc43c4f5b87	940600	image/jpeg	2026-10-02T03:18:21+00:00		
cmp_yale_cushing_ms3_opera_medicinalia	images/016_16965532.jpg	https://collections.library.yale.edu/iiif/2/16965532/full/full/0/default.jpg	6cfc2e0a66f83781f1bd0ad5e6958df34d86a07b2a3bda298fec073eac7e81cb	924409	image/jpeg	2026-10-02T03:18:21+00:00		
cmp_yale_cushing_ms3_opera_medicinalia	images/015_16965531.jpg	https://collections.library.yale.edu/iiif/2/16965531/full/full/0/default.jpg	767158abab611f19d961c53247a6529df6df61e09034329322d1dacda4aa63a7	967685	image/jpeg	2026-10-02T03:18:22+00:00		
cmp_yale_cushing_ms3_opera_medicinalia	images/019_16965535.jpg	https://collections.library.yale.edu/iiif/2/16965535/full/full/0/default.jpg	c00d4725be7796639e2f246a3bcee28064f0eb07d37da4857c170b94312dd9ac	994858	image/jpeg	2026-10-02T03:18:24+00:00		
cmp_yale_cushing_ms3_opera_medicinalia	images/021_16965537.jpg	https://collections.library.yale.edu/iiif/2/16965537/full/full/0/default.jpg	dd5647c1cd251aed88348ae726c27345cf3e945dc2cc1ff76b789ee2235981fa	1022116	image/jpeg	2026-10-02T03:18:24+00:00		
cmp_yale_cushing_ms3_opera_medicinalia	images/022_16965538.jpg	https://collections.library.yale.edu/iiif/2/16965538/full/full/0/default.jpg	8c33b9e0d0bd5e597852ec558abfe55127aa95c09287bae898702c90a2c45df5	905381	image/jpeg	2026-10-02T03:18:24+00:00		
cmp_yale_cushing_ms3_opera_medicinalia	images/020_16965536.jpg	https://collections.library.yale.edu/iiif/2/16965536/full/full/0/default.jpg	a27d2ec48f233eb6776f7b08c2350b6777236da5e1698908c20822639c8bcc3d	996355	image/jpeg	2026-10-02T03:18:24+00:00		
cmp_yale_cushing_ms3_opera_medicinalia	images/024_16965540.jpg	https://collections.library.yale.edu/iiif/2/16965540/full/full/0/default.jpg	510031f0bd4a5e3f5241ebda8ed005abee586f535b8a4a6116b1c5488b97134a	903352	image/jpeg	2026-10-02T03:18:25+00:00		
cmp_yale_cushing_ms3_opera_medicinalia	images/026_16965542.jpg	https://collections.library.yale.edu/iiif/2/16965542/full/full/0/default.jpg	318a487f41bf726b3cf7cec0d0669ccbc2c6edaff0b5ca8cb6a5de1ef2cc919e	901754	image/jpeg	2026-10-02T03:18:26+00:00		
cmp_yale_cushing_ms3_opera_medicinalia	images/023_16965539.jpg	https://collections.library.yale.edu/iiif/2/16965539/full/full/0/default.jpg	d9ac4a722a5a39f7d17c5aa691b3a9d0674f1180bb0dbffa71cc325b8b8d3bfa	936457	image/jpeg	2026-10-02T03:18:26+00:00		
cmp_yale_cushing_ms3_opera_medicinalia	images/025_16965541.jpg	https://collections.library.yale.edu/iiif/2/16965541/full/full/0/default.jpg	61fafdb732b2d308f0a9cbfc0a71504b6632e92404eadb448e0fe6d5b9d413ea	943379	image/jpeg	2026-10-02T03:18:26+00:00		
cmp_yale_cushing_ms3_opera_medicinalia	images/030_16965546.jpg	https://collections.library.yale.edu/iiif/2/16965546/full/full/0/default.jpg	159ddc2a7326aa35612ec423825cae0a3fdb34723429320b1634e32ef244ad03	962990	image/jpeg	2026-10-02T03:18:27+00:00		
cmp_yale_cushing_ms3_opera_medicinalia	images/028_16965544.jpg	https://collections.library.yale.edu/iiif/2/16965544/full/full/0/default.jpg	72be4cc894d678acef7ae6e2e05715ec22aa3f9289a65be6dbf40a2888d02bc7	858998	image/jpeg	2026-10-02T03:18:27+00:00		
cmp_yale_cushing_ms3_opera_medicinalia	images/029_16965545.jpg	https://collections.library.yale.edu/iiif/2/16965545/full/full/0/default.jpg	c29e8e9599842f184ab67b3deed1bf1b1157e46d122a7a17d99e48fa5d948bf7	957745	image/jpeg	2026-10-02T03:18:27+00:00		
cmp_yale_cushing_ms3_opera_medicinalia	images/027_16965543.jpg	https://collections.library.yale.edu/iiif/2/16965543/full/full/0/default.jpg	24093dad36dc8f9041198afe8b6635bd73dc8eb0602a327de8e637a140484507	1026381	image/jpeg	2026-10-02T03:18:27+00:00		
cmp_yale_cushing_ms3_opera_medicinalia	images/032_16965548.jpg	https://collections.library.yale.edu/iiif/2/16965548/full/full/0/default.jpg	7038a80a508c7f8d9963dc79b4facd69e6f5f331527e8fc804a4d8c961ec9bad	988445	image/jpeg	2026-10-02T03:18:29+00:00		
cmp_yale_cushing_ms3_opera_medicinalia	images/031_16965547.jpg	https://collections.library.yale.edu/iiif/2/16965547/full/full/0/default.jpg	8e8493d66dfc936f718aa17ce4554e1abcc83916f9f49993b3dcb27285c9661e	1067428	image/jpeg	2026-10-02T03:18:29+00:00		
cmp_yale_cushing_ms3_opera_medicinalia	images/033_16965549.jpg	https://collections.library.yale.edu/iiif/2/16965549/full/full/0/default.jpg	39dfc29bbbf97072dfb672281dbe551033561d6bfa7e155f62b104d51c39192f	972045	image/jpeg	2026-10-02T03:18:29+00:00		
cmp_yale_cushing_ms3_opera_medicinalia	images/034_16965550.jpg	https://collections.library.yale.edu/iiif/2/16965550/full/full/0/default.jpg	1258fd238cbd8aa8a617bdb3fbfb010a30836ae1d198a1bdcf7732753eb20bbe	972267	image/jpeg	2026-10-02T03:18:29+00:00		
cmp_yale_cushing_ms3_opera_medicinalia	images/036_16965552.jpg	https://collections.library.yale.edu/iiif/2/16965552/full/full/0/default.jpg	3e6fb0cbaf1eab3206b4f7f3b31d43a402828beadf5599c419c1436c1f601ddc	940514	image/jpeg	2026-10-02T03:18:30+00:00		
cmp_yale_cushing_ms3_opera_medicinalia	images/037_16965553.jpg	https://collections.library.yale.edu/iiif/2/16965553/full/full/0/default.jpg	2d3294c6e7bdf683d951a9207effc4d74f120900d7d16579bd1ab548e2b62ae9	970811	image/jpeg	2026-10-02T03:18:30+00:00		
cmp_yale_cushing_ms3_opera_medicinalia	images/035_16965551.jpg	https://collections.library.yale.edu/iiif/2/16965551/full/full/0/default.jpg	8f3a661ac0df4566a00c22ba5bbdb3eb6ca02269b352952e07bd6b281bfa8a17	972906	image/jpeg	2026-10-02T03:18:31+00:00		
cmp_yale_cushing_ms3_opera_medicinalia	images/038_16965554.jpg	https://collections.library.yale.edu/iiif/2/16965554/full/full/0/default.jpg	2498628061ece2376eb8d44323f32cfb29530626791aaf0396cd7f317dccf05f	1000171	image/jpeg	2026-10-02T03:18:32+00:00		
cmp_yale_cushing_ms3_opera_medicinalia	images/040_16965556.jpg	https://collections.library.yale.edu/iiif/2/16965556/full/full/0/default.jpg	36d7b40e4fffab34d261e004cfdf2b0c8a96112b3f84c4679db97e383192b202	992989	image/jpeg	2026-10-02T03:18:32+00:00		
cmp_yale_cushing_ms3_opera_medicinalia	images/039_16965555.jpg	https://collections.library.yale.edu/iiif/2/16965555/full/full/0/default.jpg	c5f38632092ee9eebcbd4fa2766dcfdef00b3bb6cd57367a654f7df65b42452e	958335	image/jpeg	2026-10-02T03:18:32+00:00		
cmp_yale_cushing_ms3_opera_medicinalia	images/041_16965557.jpg	https://collections.library.yale.edu/iiif/2/16965557/full/full/0/default.jpg	3289ab89125d451b8d95f00d8070ce19fbbafd5d242be277ad68f5b8099e6466	907193	image/jpeg	2026-10-02T03:18:34+00:00		
cmp_yale_cushing_ms3_opera_medicinalia	images/044_16965560.jpg	https://collections.library.yale.edu/iiif/2/16965560/full/full/0/default.jpg	92e3c4f57eb25b5ae1b39f104c4867bc14c5a380b0e031828baa800d0ad7d77b	968149	image/jpeg	2026-10-02T03:18:34+00:00		
cmp_yale_cushing_ms3_opera_medicinalia	images/043_16965559.jpg	https://collections.library.yale.edu/iiif/2/16965559/full/full/0/default.jpg	08ca025e152bd8ce7db71ea8f3979e4b03d4c92f1ece41b4e2ef4131a055aecd	1019771	image/jpeg	2026-10-02T03:18:34+00:00		
cmp_yale_cushing_ms3_opera_medicinalia	images/042_16965558.jpg	https://collections.library.yale.edu/iiif/2/16965558/full/full/0/default.jpg	dea12c538e5c4c6a97d9ef09c639cbbd1485996d0d474aceaf28864963ba8f12	993450	image/jpeg	2026-10-02T03:18:35+00:00		
cmp_yale_cushing_ms3_opera_medicinalia	images/046_16965562.jpg	https://collections.library.yale.edu/iiif/2/16965562/full/full/0/default.jpg	26301c16e2e00fb721e8daedcd9eb8bca0f76526f1c4dd24dfd773bea8ba4c9f	1038093	image/jpeg	2026-10-02T03:18:36+00:00		
cmp_yale_cushing_ms3_opera_medicinalia	images/047_16965563.jpg	https://collections.library.yale.edu/iiif/2/16965563/full/full/0/default.jpg	e6448d1be8d7b4cf6bbefba224c468f50ed2ebbde690ebc7be4c9ced3bd05e18	983238	image/jpeg	2026-10-02T03:18:36+00:00		
cmp_yale_cushing_ms3_opera_medicinalia	images/045_16965561.jpg	https://collections.library.yale.edu/iiif/2/16965561/full/full/0/default.jpg	587fcde9bd1d8c430c49ff859451dbdf5d816dc2fdeff5f2641f3b88aaafa555	949754	image/jpeg	2026-10-02T03:18:36+00:00		
cmp_yale_cushing_ms3_opera_medicinalia	images/048_16965564.jpg	https://collections.library.yale.edu/iiif/2/16965564/full/full/0/default.jpg	e0480314d5366d00c2293ff5fbb9d88f85849e0cfff6388dc4d03b6f030c07be	998381	image/jpeg	2026-10-02T03:18:36+00:00		
cmp_yale_cushing_ms3_opera_medicinalia	images/052_16965568.jpg	https://collections.library.yale.edu/iiif/2/16965568/full/full/0/default.jpg	89281ed0b67278c1a727e5585fb2311976bb4c1e281c7f226572f2faf2e68f08	578934	image/jpeg	2026-10-02T03:18:38+00:00		
cmp_yale_cushing_ms3_opera_medicinalia	images/049_16965565.jpg	https://collections.library.yale.edu/iiif/2/16965565/full/full/0/default.jpg	048026f3cc649d0959101b4ca3bed5793a8844aebf92be53ead975f7009d9b8c	1010539	image/jpeg	2026-10-02T03:18:38+00:00		
cmp_yale_cushing_ms3_opera_medicinalia	images/050_16965566.jpg	https://collections.library.yale.edu/iiif/2/16965566/full/full/0/default.jpg	09075cc3651ca4bc9d7c4bc0dc0d82fc156233ed1b670f285309427136cbb5be	1024369	image/jpeg	2026-10-02T03:18:38+00:00		
cmp_yale_cushing_ms3_opera_medicinalia	images/051_16965567.jpg	https://collections.library.yale.edu/iiif/2/16965567/full/full/0/default.jpg	6496455982dbcc0cedf00d7d710719d475e4b86f64e1d5cd52d1188ff8ba3aab	1039585	image/jpeg	2026-10-02T03:18:38+00:00		
cmp_yale_cushing_ms3_opera_medicinalia	images/053_16965569.jpg	https://collections.library.yale.edu/iiif/2/16965569/full/full/0/default.jpg	82a5d1945615eddabd6fe3a7139c39890a10ff5e8fb8e01c97143adbdbd8802b	1014955	image/jpeg	2026-10-02T03:18:39+00:00		
cmp_yale_cushing_ms3_opera_medicinalia	images/054_16965570.jpg	https://collections.library.yale.edu/iiif/2/16965570/full/full/0/default.jpg	08c63c2c4865f39bfa538b548a864a8a85689d132e22fae7fd27cc5ed2abe413	953835	image/jpeg	2026-10-02T03:18:39+00:00		
cmp_yale_cushing_ms3_opera_medicinalia	images/056_16965572.jpg	https://collections.library.yale.edu/iiif/2/16965572/full/full/0/default.jpg	7b09d6415f777c5eb15627453080fc70e0c47bad610c1860b45d93118619c209	940771	image/jpeg	2026-10-02T03:18:40+00:00		
cmp_yale_cushing_ms3_opera_medicinalia	images/055_16965571.jpg	https://collections.library.yale.edu/iiif/2/16965571/full/full/0/default.jpg	7939f6ab1218b55ece388d6e796fdeb2cec8603d68dbf2391f6fe771c575a4a9	993293	image/jpeg	2026-10-02T03:18:40+00:00		
cmp_yale_cushing_ms3_opera_medicinalia	images/058_16965574.jpg	https://collections.library.yale.edu/iiif/2/16965574/full/full/0/default.jpg	16b4cb78cca4923d4a6982440f07f9b80f74bb36ea7dd5a6257680692b7e6c43	1088481	image/jpeg	2026-10-02T03:18:41+00:00		
cmp_yale_cushing_ms3_opera_medicinalia	images/057_16965573.jpg	https://collections.library.yale.edu/iiif/2/16965573/full/full/0/default.jpg	22db3bc0c60863f77ac83e73127deeb5f2ca15aee9cfd46fa471d54f2b62525b	948731	image/jpeg	2026-10-02T03:18:41+00:00		
cmp_yale_cushing_ms3_opera_medicinalia	images/060_16965576.jpg	https://collections.library.yale.edu/iiif/2/16965576/full/full/0/default.jpg	b7b27997d8edbf0e2feb5e84fc9149a1285b5429ee4bf87aa91af57dce57b4dc	1008739	image/jpeg	2026-10-02T03:18:41+00:00		
cmp_yale_cushing_ms3_opera_medicinalia	images/059_16965575.jpg	https://collections.library.yale.edu/iiif/2/16965575/full/full/0/default.jpg	f9007321e9b40d6760607a51ff956e72388bacef9ee5383a3d60f7929040107b	1132814	image/jpeg	2026-10-02T03:18:41+00:00		
cmp_yale_cushing_ms3_opera_medicinalia	images/061_16965577.jpg	https://collections.library.yale.edu/iiif/2/16965577/full/full/0/default.jpg	c606a0d419fdd2f8eb4657a8f355518cbea0485ccd4722e910fa745e6d5b4996	988835	image/jpeg	2026-10-02T03:18:42+00:00		
cmp_yale_cushing_ms3_opera_medicinalia	images/063_16965579.jpg	https://collections.library.yale.edu/iiif/2/16965579/full/full/0/default.jpg	cddc24e05772ba92c9c3012a1f71e0d8d05ce8cdaea1df7a5681e7af09c04a00	930710	image/jpeg	2026-10-02T03:18:43+00:00		
cmp_yale_cushing_ms3_opera_medicinalia	images/064_16965580.jpg	https://collections.library.yale.edu/iiif/2/16965580/full/full/0/default.jpg	65d1766b1ca344d5dce777860f321b9f64f63638cb0dcf043416df3ec88a3c6e	917546	image/jpeg	2026-10-02T03:18:43+00:00		
cmp_yale_cushing_ms3_opera_medicinalia	images/062_16965578.jpg	https://collections.library.yale.edu/iiif/2/16965578/full/full/0/default.jpg	b7edf1a4da46698cb57ebd5f0d2aef2d6cc672ba8b3c26331621b6ccc1d63b38	1071388	image/jpeg	2026-10-02T03:18:43+00:00		
cmp_yale_cushing_ms3_opera_medicinalia	images/065_16965581.jpg	https://collections.library.yale.edu/iiif/2/16965581/full/full/0/default.jpg	8ccc93aa01a5f239d8a7c8ff3548974a1a3497d0f7a6fa330a58cd180a405b28	902108	image/jpeg	2026-10-02T03:18:44+00:00		
cmp_yale_cushing_ms3_opera_medicinalia	images/067_16965583.jpg	https://collections.library.yale.edu/iiif/2/16965583/full/full/0/default.jpg	c2e26e314a67df952f5ff8948a57c1fc77a207667a5a10ea2b515d97175f59db	914095	image/jpeg	2026-10-02T03:18:44+00:00		
cmp_yale_cushing_ms3_opera_medicinalia	images/068_16965584.jpg	https://collections.library.yale.edu/iiif/2/16965584/full/full/0/default.jpg	b14ca1b1a8ffea9f99ec454143ffd398a512b3d0a62892d59eb8c4683eda8740	933959	image/jpeg	2026-10-02T03:18:44+00:00		
cmp_yale_cushing_ms3_opera_medicinalia	images/066_16965582.jpg	https://collections.library.yale.edu/iiif/2/16965582/full/full/0/default.jpg	a8e1b572ae0eff23c4974f52db59f3cba3ee82f7b0fd1de6452e9e704d43b74e	923764	image/jpeg	2026-10-02T03:18:45+00:00		
cmp_yale_cushing_ms3_opera_medicinalia	images/069_16965585.jpg	https://collections.library.yale.edu/iiif/2/16965585/full/full/0/default.jpg	74a300eea5fa08c778d9e6e9ccc5674031685e274fad4230f2e4910c99ab0b3b	913216	image/jpeg	2026-10-02T03:18:45+00:00		
cmp_yale_cushing_ms3_opera_medicinalia	images/070_16965586.jpg	https://collections.library.yale.edu/iiif/2/16965586/full/full/0/default.jpg	fb75a6c956be439a1abaaad9d22426df91de6d9c4c7fad071155965acf92da14	897102	image/jpeg	2026-10-02T03:18:46+00:00		
cmp_yale_cushing_ms3_opera_medicinalia	images/071_16965587.jpg	https://collections.library.yale.edu/iiif/2/16965587/full/full/0/default.jpg	0d0eb9d357155b91d571fa7712c0fd2d25fcd157c7177e30f8c1c2f3f345dbac	907885	image/jpeg	2026-10-02T03:18:46+00:00		
cmp_yale_cushing_ms3_opera_medicinalia	images/072_16965588.jpg	https://collections.library.yale.edu/iiif/2/16965588/full/full/0/default.jpg	2b43cc170c389f03e6c958028ded1d160e1aa60bd396c4cd65df265733c14089	928984	image/jpeg	2026-10-02T03:18:46+00:00		
cmp_yale_cushing_ms3_opera_medicinalia	images/073_16965589.jpg	https://collections.library.yale.edu/iiif/2/16965589/full/full/0/default.jpg	eb243d397fd4f0268ad54df20820eba27cdc835b1e82f6a0de0b54f30404ea1c	962009	image/jpeg	2026-10-02T03:18:47+00:00		
cmp_yale_cushing_ms3_opera_medicinalia	images/074_16965590.jpg	https://collections.library.yale.edu/iiif/2/16965590/full/full/0/default.jpg	4132d613a8c6b9cb0fb01cebb85a7ba51ad7a477b10d1926575456660d11ed5a	1051521	image/jpeg	2026-10-02T03:18:47+00:00		
cmp_yale_cushing_ms3_opera_medicinalia	images/076_16965592.jpg	https://collections.library.yale.edu/iiif/2/16965592/full/full/0/default.jpg	d7122e8e6fbc003bc68566b89f2815441176bcc7e8eed71b4fbce19593ee7481	952833	image/jpeg	2026-10-02T03:18:48+00:00		
cmp_yale_cushing_ms3_opera_medicinalia	images/075_16965591.jpg	https://collections.library.yale.edu/iiif/2/16965591/full/full/0/default.jpg	8fc1752fd62f886cb5b75c316d0e79f718289e78a0a6ef5489173f48535125da	962755	image/jpeg	2026-10-02T03:18:48+00:00		
cmp_yale_cushing_ms3_opera_medicinalia	images/077_16965593.jpg	https://collections.library.yale.edu/iiif/2/16965593/full/full/0/default.jpg	8f7468719ee2940027f8178d62e3e226659a39e176ee6b0cc262ccff1a84e7be	947275	image/jpeg	2026-10-02T03:18:48+00:00		
cmp_yale_cushing_ms3_opera_medicinalia	images/078_16965594.jpg	https://collections.library.yale.edu/iiif/2/16965594/full/full/0/default.jpg	c23e48a3de781fd7de75316dea4d436fbf7f53a3757a5858d77e6fc83ae1da44	998688	image/jpeg	2026-10-02T03:18:49+00:00		
cmp_yale_cushing_ms3_opera_medicinalia	images/080_16965596.jpg	https://collections.library.yale.edu/iiif/2/16965596/full/full/0/default.jpg	57398411534946f4815581c9fc6b6ce482dd6f4e3bfccfc7001fe56448d51150	897575	image/jpeg	2026-10-02T03:18:49+00:00		
cmp_yale_cushing_ms3_opera_medicinalia	images/079_16965595.jpg	https://collections.library.yale.edu/iiif/2/16965595/full/full/0/default.jpg	0362e32ed311465e7584ca28d31a79601ee514c5a1472ee59ca80b9850f2416b	953751	image/jpeg	2026-10-02T03:18:49+00:00		
cmp_yale_cushing_ms3_opera_medicinalia	images/081_16965597.jpg	https://collections.library.yale.edu/iiif/2/16965597/full/full/0/default.jpg	10f09c592481c75e96b948e6c6cf46be7c921a7c94486380c4dbcb1f1d2ba749	921793	image/jpeg	2026-10-02T03:18:50+00:00		
cmp_yale_cushing_ms3_opera_medicinalia	images/082_16965598.jpg	https://collections.library.yale.edu/iiif/2/16965598/full/full/0/default.jpg	c06b6b7023dc2fe394572178a0dfe289234b9a4160223a101fbb0b7fa0a5cf25	867566	image/jpeg	2026-10-02T03:18:50+00:00		
cmp_yale_cushing_ms3_opera_medicinalia	images/084_16965600.jpg	https://collections.library.yale.edu/iiif/2/16965600/full/full/0/default.jpg	0a0d6958b3d163e51abed86c29bc71a84da807173b3fd39e7d7a6b4d4fcabe23	890654	image/jpeg	2026-10-02T03:18:50+00:00		
cmp_yale_cushing_ms3_opera_medicinalia	images/083_16965599.jpg	https://collections.library.yale.edu/iiif/2/16965599/full/full/0/default.jpg	e233a339dd1fabc27d1f949a1ef240f60fec94d3a3f2868e3a2cec7bf0669cd2	930367	image/jpeg	2026-10-02T03:18:51+00:00		
cmp_yale_cushing_ms3_opera_medicinalia	images/085_16965601.jpg	https://collections.library.yale.edu/iiif/2/16965601/full/full/0/default.jpg	4924ff618279e34183146ac9d20ddd0f53f2aab2e523d1d6c4aaebf9c7f195a1	751047	image/jpeg	2026-10-02T03:18:51+00:00		
cmp_yale_cushing_ms3_opera_medicinalia	images/086_16965602.jpg	https://collections.library.yale.edu/iiif/2/16965602/full/full/0/default.jpg	1f3047f99347477939ba409285f43fd6790e07646d6e0bd823560cf11f2b0dc7	923209	image/jpeg	2026-10-02T03:18:52+00:00		
cmp_yale_cushing_ms3_opera_medicinalia	images/087_16965603.jpg	https://collections.library.yale.edu/iiif/2/16965603/full/full/0/default.jpg	6bab75ad6b92ab7321094b5f0c8866fcb9420f4e3b47ff09cd3e23bb75584469	741468	image/jpeg	2026-10-02T03:18:52+00:00		
cmp_yale_cushing_ms3_opera_medicinalia	images/088_16965604.jpg	https://collections.library.yale.edu/iiif/2/16965604/full/full/0/default.jpg	51af34be179a158d1d81e2fdf983b5bcf329eddc32d9e1e2392440c6e94ef0a5	871739	image/jpeg	2026-10-02T03:18:52+00:00		
cmp_yale_cushing_ms3_opera_medicinalia	images/089_16965605.jpg	https://collections.library.yale.edu/iiif/2/16965605/full/full/0/default.jpg	c73008fca30dd6081edc9c72717681d5f024379b55de9877306cb7564da44082	744628	image/jpeg	2026-10-02T03:18:52+00:00		
cmp_yale_cushing_ms3_opera_medicinalia	images/091_16965607.jpg	https://collections.library.yale.edu/iiif/2/16965607/full/full/0/default.jpg	8bd50599bc343f7164795b8d6343c32dca14e0cded246b8fb773cc9f3a9c9793	750998	image/jpeg	2026-10-02T03:18:53+00:00		
cmp_yale_cushing_ms3_opera_medicinalia	images/090_16965606.jpg	https://collections.library.yale.edu/iiif/2/16965606/full/full/0/default.jpg	4009ae111d447673c8e6a466e8603bb1ae567ca4e47c7ea33b3ebd96303d5a69	983629	image/jpeg	2026-10-02T03:18:53+00:00		
cmp_yale_cushing_ms3_opera_medicinalia	images/092_16965608.jpg	https://collections.library.yale.edu/iiif/2/16965608/full/full/0/default.jpg	ecd05bb29fcd629e7dc1cbf319e6eada92ebca13da3433bd111840946c14d2e9	948410	image/jpeg	2026-10-02T03:18:53+00:00		
cmp_yale_cushing_ms3_opera_medicinalia	images/093_16965609.jpg	https://collections.library.yale.edu/iiif/2/16965609/full/full/0/default.jpg	12f57b4f8a89774f3fb2b3b8202005198afa76b11382b0d578ed85198f7f9777	935854	image/jpeg	2026-10-02T03:18:54+00:00		
cmp_yale_cushing_ms3_opera_medicinalia	images/095_16965611.jpg	https://collections.library.yale.edu/iiif/2/16965611/full/full/0/default.jpg	9da639d0cc1c30c1193b2c846e454d29470256c6dbf64383bb9fb6ca40e23f7e	1002532	image/jpeg	2026-10-02T03:18:55+00:00		
cmp_yale_cushing_ms3_opera_medicinalia	images/094_16965610.jpg	https://collections.library.yale.edu/iiif/2/16965610/full/full/0/default.jpg	713cf1c657a4befc66975dc54ad46fe5924cdcb4d2b6c2a5690bbcf0a452ff4e	962784	image/jpeg	2026-10-02T03:18:55+00:00		
cmp_yale_cushing_ms3_opera_medicinalia	images/096_16965612.jpg	https://collections.library.yale.edu/iiif/2/16965612/full/full/0/default.jpg	9e71cdc4ac52f81c89f0a2ebd32b64ec510b27bfa3109d9100abc9d3a04c590c	967014	image/jpeg	2026-10-02T03:18:55+00:00		
cmp_yale_cushing_ms3_opera_medicinalia	images/098_16965614.jpg	https://collections.library.yale.edu/iiif/2/16965614/full/full/0/default.jpg	7477e23b84a099de91a460df6f97ddd36d4ed71a57afc4e8e190b7feacd2b24a	1032199	image/jpeg	2026-10-02T03:18:57+00:00		
cmp_yale_cushing_ms3_opera_medicinalia	images/100_16965616.jpg	https://collections.library.yale.edu/iiif/2/16965616/full/full/0/default.jpg	7600c189b9ecf8de8bc54c2d5ed07431617ddcb97a1f9738465b6a164c194e8f	998753	image/jpeg	2026-10-02T03:18:57+00:00		
cmp_yale_cushing_ms3_opera_medicinalia	images/099_16965615.jpg	https://collections.library.yale.edu/iiif/2/16965615/full/full/0/default.jpg	398f950335369873271e9abb170afc2aa72f48aafd887f6e3c196691ea4bd2ad	939604	image/jpeg	2026-10-02T03:18:57+00:00		
cmp_yale_cushing_ms3_opera_medicinalia	images/097_16965613.jpg	https://collections.library.yale.edu/iiif/2/16965613/full/full/0/default.jpg	2cf34775067b32a4a633af5584a95f390c2f3d99248063651410aad66d677c4a	928576	image/jpeg	2026-10-02T03:18:57+00:00		
cmp_yale_cushing_ms3_opera_medicinalia	images/102_16965618.jpg	https://collections.library.yale.edu/iiif/2/16965618/full/full/0/default.jpg	b06b6cfd00db9db49d29af8e637c33051d887429ff2302a8ec2e1237de0fcde5	981869	image/jpeg	2026-10-02T03:18:58+00:00		
cmp_yale_cushing_ms3_opera_medicinalia	images/101_16965617.jpg	https://collections.library.yale.edu/iiif/2/16965617/full/full/0/default.jpg	b5450a4b93bd407c768a28e02cc0c79ea45f6a22f445f31f4e503e96b8843f4e	933068	image/jpeg	2026-10-02T03:18:58+00:00		
cmp_yale_cushing_ms3_opera_medicinalia	images/103_16965619.jpg	https://collections.library.yale.edu/iiif/2/16965619/full/full/0/default.jpg	649f22284cae831547662395195287bf12733a547a3d7abf94b1e4abb0b50b0d	918818	image/jpeg	2026-10-02T03:18:59+00:00		
cmp_yale_cushing_ms3_opera_medicinalia	images/104_16965620.jpg	https://collections.library.yale.edu/iiif/2/16965620/full/full/0/default.jpg	8d3b46aa32719449c2eb630652762f8bc854105a8c5c78bdd91b7f030ae94b3a	960108	image/jpeg	2026-10-02T03:18:59+00:00		
cmp_yale_cushing_ms3_opera_medicinalia	images/107_16965623.jpg	https://collections.library.yale.edu/iiif/2/16965623/full/full/0/default.jpg	a8b313b76eb29b4d4e4b380897ab6ad24701ebd59d6f06321e1fde2d9e11a6d9	977826	image/jpeg	2026-10-02T03:19:00+00:00		
cmp_yale_cushing_ms3_opera_medicinalia	images/108_16965624.jpg	https://collections.library.yale.edu/iiif/2/16965624/full/full/0/default.jpg	3e0ef29dca5e93c201c2965ed8e53afc41b2867477944902e699d8c79af25256	990464	image/jpeg	2026-10-02T03:19:00+00:00		
cmp_yale_cushing_ms3_opera_medicinalia	images/105_16965621.jpg	https://collections.library.yale.edu/iiif/2/16965621/full/full/0/default.jpg	47a9804793ed962e0e70b2a528f0673b13cada0d81cbfe5c6a060c11876a01a6	927262	image/jpeg	2026-10-02T03:19:00+00:00		
cmp_yale_cushing_ms3_opera_medicinalia	images/106_16965622.jpg	https://collections.library.yale.edu/iiif/2/16965622/full/full/0/default.jpg	042853894404a20b30fbd6f3c64331b1b3c6b135a5914445990f2a05c4b94be8	1082336	image/jpeg	2026-10-02T03:19:00+00:00		
cmp_yale_cushing_ms3_opera_medicinalia	images/109_16965625.jpg	https://collections.library.yale.edu/iiif/2/16965625/full/full/0/default.jpg	eb13b7a7334461e575da1489bc037592d62d4738e1cb5b1c59b126bab7fd192c	916930	image/jpeg	2026-10-02T03:19:02+00:00		
cmp_yale_cushing_ms3_opera_medicinalia	images/111_16965627.jpg	https://collections.library.yale.edu/iiif/2/16965627/full/full/0/default.jpg	c846ff1e7113f0e4bf048fcc3b0d081f6e0246dde1c207f1f2bbfcd85bffc68c	912668	image/jpeg	2026-10-02T03:19:02+00:00		
cmp_yale_cushing_ms3_opera_medicinalia	images/110_16965626.jpg	https://collections.library.yale.edu/iiif/2/16965626/full/full/0/default.jpg	3ddcdb3bda1cd266f369360ca8f3b8af46c0a3337d6eaf7f601ae622f8870dd3	1094013	image/jpeg	2026-10-02T03:19:02+00:00		
cmp_yale_cushing_ms3_opera_medicinalia	images/112_16965628.jpg	https://collections.library.yale.edu/iiif/2/16965628/full/full/0/default.jpg	03312fa4fa116d4c64f2f46f83de811abb9de97afa4224849f3f647dca7b8c74	794502	image/jpeg	2026-10-02T03:19:02+00:00		
cmp_yale_cushing_ms3_opera_medicinalia	images/113_16965629.jpg	https://collections.library.yale.edu/iiif/2/16965629/full/full/0/default.jpg	7256149bbf62af198224e5a34590fe139976599188edc0c2fca17eb0fb9650f7	855582	image/jpeg	2026-10-02T03:19:03+00:00		
cmp_yale_cushing_ms3_opera_medicinalia	images/115_16965631.jpg	https://collections.library.yale.edu/iiif/2/16965631/full/full/0/default.jpg	3924235501ee5e2e8d9fd1f26e99bf5715c6e7ae3009827dabe05a03be3c90d9	838302	image/jpeg	2026-10-02T03:19:03+00:00		
cmp_yale_cushing_ms3_opera_medicinalia	images/114_16965630.jpg	https://collections.library.yale.edu/iiif/2/16965630/full/full/0/default.jpg	d25b4e1bdb41533e4ed445c23384706fb247d90b1acd59cb41cfb98d7dcce257	912966	image/jpeg	2026-10-02T03:19:03+00:00		
cmp_yale_cushing_ms3_opera_medicinalia	images/116_16965632.jpg	https://collections.library.yale.edu/iiif/2/16965632/full/full/0/default.jpg	a4a2b2a346a0e425d4f84975d83ff8e928aacd5a761c014e8f53e1fcc16e2574	966025	image/jpeg	2026-10-02T03:19:05+00:00		
cmp_yale_cushing_ms3_opera_medicinalia	images/118_16965634.jpg	https://collections.library.yale.edu/iiif/2/16965634/full/full/0/default.jpg	0aadd75a3b23af409e6f0a33e308814fae13ec5a657ba56360a3c0ec7dab44a1	1096200	image/jpeg	2026-10-02T03:19:05+00:00		
cmp_yale_cushing_ms3_opera_medicinalia	images/117_16965633.jpg	https://collections.library.yale.edu/iiif/2/16965633/full/full/0/default.jpg	3a45023d2ae290543c9dd8f001b5cdd52279c27b2cc2810e05e2792d7962d189	941347	image/jpeg	2026-10-02T03:19:05+00:00		
cmp_yale_cushing_ms3_opera_medicinalia	images/119_16965635.jpg	https://collections.library.yale.edu/iiif/2/16965635/full/full/0/default.jpg	28587e946df257c646b1bb30fe265328adaf258f6e6d16bf8d117de62579c73d	1089566	image/jpeg	2026-10-02T03:19:05+00:00		
cmp_yale_cushing_ms3_opera_medicinalia	images/120_16965636.jpg	https://collections.library.yale.edu/iiif/2/16965636/full/full/0/default.jpg	72922e358cc63bcf5ed4d5120452f1ed88f223c1b37c5fc77144e32d3e005fe0	976236	image/jpeg	2026-10-02T03:19:06+00:00		
cmp_yale_cushing_ms3_opera_medicinalia	images/121_16965637.jpg	https://collections.library.yale.edu/iiif/2/16965637/full/full/0/default.jpg	9727d45b44448e9378f9ca992d0ef92474bfedec0239132c90a014ff11d4d549	736665	image/jpeg	2026-10-02T03:19:07+00:00		
cmp_yale_cushing_ms3_opera_medicinalia	images/123_16965639.jpg	https://collections.library.yale.edu/iiif/2/16965639/full/full/0/default.jpg	dab5fe097c1baa57c2775ab6eaa852b5dd0a3f1f5245f3ebbac60b857c29079f	1053145	image/jpeg	2026-10-02T03:19:07+00:00		
cmp_yale_cushing_ms3_opera_medicinalia	images/122_16965638.jpg	https://collections.library.yale.edu/iiif/2/16965638/full/full/0/default.jpg	7602d0345e974fbb12225e63d90358aba021ec08f4bde9920adb1ff11ad2e164	1140722	image/jpeg	2026-10-02T03:19:07+00:00		
cmp_yale_cushing_ms3_opera_medicinalia	images/127_16965643.jpg	https://collections.library.yale.edu/iiif/2/16965643/full/full/0/default.jpg	0ce15b9ecfc4485a9ec7aa07c9682190cb3cd9addbf39fa3c85958b23cd00fa3	986643	image/jpeg	2026-10-02T03:19:09+00:00		
cmp_yale_cushing_ms3_opera_medicinalia	images/126_16965642.jpg	https://collections.library.yale.edu/iiif/2/16965642/full/full/0/default.jpg	fe2a29403fb331535d63ca855abc3298bf5224294b96ecac4ff1ca1562de599e	1055544	image/jpeg	2026-10-02T03:19:09+00:00		
cmp_yale_cushing_ms3_opera_medicinalia	images/124_16965640.jpg	https://collections.library.yale.edu/iiif/2/16965640/full/full/0/default.jpg	03648b96aed59a8d13e7b1a13a8ab4739f7427011b3818c0f830f9f1952a1752	1011274	image/jpeg	2026-10-02T03:19:09+00:00		
cmp_yale_cushing_ms3_opera_medicinalia	images/125_16965641.jpg	https://collections.library.yale.edu/iiif/2/16965641/full/full/0/default.jpg	81c95cdd14d8ae9393887a89a4663b09cb0ad53a7359a037558c8123c83b2e56	939522	image/jpeg	2026-10-02T03:19:09+00:00		
cmp_yale_cushing_ms3_opera_medicinalia	images/129_16965645.jpg	https://collections.library.yale.edu/iiif/2/16965645/full/full/0/default.jpg	9042ba14611947aac4c66c9b376253735cad07f3b49f3f1876ea243bfe0db983	964489	image/jpeg	2026-10-02T03:19:10+00:00		
cmp_yale_cushing_ms3_opera_medicinalia	images/128_16965644.jpg	https://collections.library.yale.edu/iiif/2/16965644/full/full/0/default.jpg	a2cd97bdf297a25ab6565404b8c0bd8db985abb05a5b48bc737466c83aac75ca	1008149	image/jpeg	2026-10-02T03:19:10+00:00		
cmp_yale_cushing_ms3_opera_medicinalia	images/131_16965647.jpg	https://collections.library.yale.edu/iiif/2/16965647/full/full/0/default.jpg	be8000596b223c400d60fc9632a15a67d5edd09ca04f0d30703340f817f58c68	1021185	image/jpeg	2026-10-02T03:19:10+00:00		
cmp_yale_cushing_ms3_opera_medicinalia	images/130_16965646.jpg	https://collections.library.yale.edu/iiif/2/16965646/full/full/0/default.jpg	e8e083a4262a84e3e8bf044f428905dbceb748f29cb69b25f89b3aafb09e6bd4	1119918	image/jpeg	2026-10-02T03:19:11+00:00		
cmp_yale_cushing_ms3_opera_medicinalia	images/133_16965649.jpg	https://collections.library.yale.edu/iiif/2/16965649/full/full/0/default.jpg	b69dc751dfd1931a4b63a9b721223ad37d817d20a42b85b709b117092000b0c2	928556	image/jpeg	2026-10-02T03:19:14+00:00		
cmp_yale_cushing_ms3_opera_medicinalia	images/134_16965650.jpg	https://collections.library.yale.edu/iiif/2/16965650/full/full/0/default.jpg	4c2edfa100130a91ae66e1a2ef842e4951c7c52c65d4ddb5e6e9b29baeeb7cc7	939779	image/jpeg	2026-10-02T03:19:14+00:00		
cmp_yale_cushing_ms3_opera_medicinalia	images/135_16965651.jpg	https://collections.library.yale.edu/iiif/2/16965651/full/full/0/default.jpg	f7480d20f4f87f37f544184d485727aa150ff0bc2ab02351d14727a81d2d24a3	924011	image/jpeg	2026-10-02T03:19:14+00:00		
cmp_yale_cushing_ms3_opera_medicinalia	images/132_16965648.jpg	https://collections.library.yale.edu/iiif/2/16965648/full/full/0/default.jpg	85cf74dc74766fb26c20b857f1494c73bbb0be646cef1c02b3f23f38d6f715bf	1061153	image/jpeg	2026-10-02T03:19:14+00:00		
cmp_yale_cushing_ms3_opera_medicinalia	images/137_16965653.jpg	https://collections.library.yale.edu/iiif/2/16965653/full/full/0/default.jpg	fd0eb4074a3ac6ff500317d6910d1762a6b8dc343acaaec92163f450b4eca0fd	901097	image/jpeg	2026-10-02T03:19:16+00:00		
cmp_yale_cushing_ms3_opera_medicinalia	images/139_16965655.jpg	https://collections.library.yale.edu/iiif/2/16965655/full/full/0/default.jpg	937a72edcc9a380592dceca9b91292074952ad1c93629dabcb4be8cf2adb43b2	887483	image/jpeg	2026-10-02T03:19:16+00:00		
cmp_yale_cushing_ms3_opera_medicinalia	images/136_16965652.jpg	https://collections.library.yale.edu/iiif/2/16965652/full/full/0/default.jpg	b2ce0b8d591405ac348f1718936f0cda71c0d0e8e5af5de3c6e8b81c16dd9688	935777	image/jpeg	2026-10-02T03:19:16+00:00		
cmp_yale_cushing_ms3_opera_medicinalia	images/138_16965654.jpg	https://collections.library.yale.edu/iiif/2/16965654/full/full/0/default.jpg	bd6c67f362ce9ec2ed39a2a9b0faaf80dbdb1e4d72c02c2a8dac89c2e1bbc572	904347	image/jpeg	2026-10-02T03:19:16+00:00		
cmp_yale_cushing_ms3_opera_medicinalia	images/140_16965656.jpg	https://collections.library.yale.edu/iiif/2/16965656/full/full/0/default.jpg	2a4d5a110785b0fea037e3f995f7a1314dde56aeee97896cceeec2d6ca925982	909327	image/jpeg	2026-10-02T03:19:17+00:00		
cmp_yale_cushing_ms3_opera_medicinalia	images/141_16965657.jpg	https://collections.library.yale.edu/iiif/2/16965657/full/full/0/default.jpg	414fdbab0a30246bef8537d1a983a0677062f42a4fac18f8fc5cd7c9db3cc4de	855802	image/jpeg	2026-10-02T03:19:17+00:00		
cmp_yale_cushing_ms3_opera_medicinalia	images/142_16965658.jpg	https://collections.library.yale.edu/iiif/2/16965658/full/full/0/default.jpg	3408e37035cb8dacda8d3ef39c831190ce05db343ed0192de7f03a47464f97c1	894614	image/jpeg	2026-10-02T03:19:18+00:00		
cmp_yale_cushing_ms3_opera_medicinalia	images/143_16965659.jpg	https://collections.library.yale.edu/iiif/2/16965659/full/full/0/default.jpg	f5760cb266d3068530b0d0035cdc020500d4e4e371e9c035e5bd2c94ee6772a2	854941	image/jpeg	2026-10-02T03:19:18+00:00		
cmp_yale_cushing_ms3_opera_medicinalia	images/145_16965661.jpg	https://collections.library.yale.edu/iiif/2/16965661/full/full/0/default.jpg	b15bef010c4c49ca3eda0a1b6089e68e8e2ad2997116699057e32d8176649c32	934751	image/jpeg	2026-10-02T03:19:19+00:00		
cmp_yale_cushing_ms3_opera_medicinalia	images/144_16965660.jpg	https://collections.library.yale.edu/iiif/2/16965660/full/full/0/default.jpg	75124fe2e8100dbcb2ef15907e783b3d47d4ab8caf76f54d49b91e241df0efdc	939825	image/jpeg	2026-10-02T03:19:19+00:00		
cmp_yale_cushing_ms3_opera_medicinalia	images/146_16965662.jpg	https://collections.library.yale.edu/iiif/2/16965662/full/full/0/default.jpg	422470405e329f05070818847aefb13b0dd5bf55bac31c7001093dda58988e1c	996105	image/jpeg	2026-10-02T03:19:19+00:00		
cmp_yale_cushing_ms3_opera_medicinalia	images/147_16965663.jpg	https://collections.library.yale.edu/iiif/2/16965663/full/full/0/default.jpg	8faaa2abc04434d7800a4aebf0d75461c9d19ca467b2d0a4501a6437c5002270	888930	image/jpeg	2026-10-02T03:19:20+00:00		
cmp_yale_cushing_ms3_opera_medicinalia	images/148_16965664.jpg	https://collections.library.yale.edu/iiif/2/16965664/full/full/0/default.jpg	4db4681e577972cf5085c8bb5f5bf1da7c7c64fe023c413047f17808b1a473f9	975376	image/jpeg	2026-10-02T03:19:20+00:00		
cmp_yale_cushing_ms3_opera_medicinalia	images/149_16965665.jpg	https://collections.library.yale.edu/iiif/2/16965665/full/full/0/default.jpg	077a17c5342148c2995354f9277724fafeceb60df5873d21f4327e8390d83dec	938222	image/jpeg	2026-10-02T03:19:20+00:00		
cmp_yale_cushing_ms3_opera_medicinalia	images/150_16965666.jpg	https://collections.library.yale.edu/iiif/2/16965666/full/full/0/default.jpg	d576eda70fdd4f116ed565a945be8c141d44bd007fa750c988508facad7a2e31	949614	image/jpeg	2026-10-02T03:19:21+00:00		
cmp_yale_cushing_ms3_opera_medicinalia	images/151_16965667.jpg	https://collections.library.yale.edu/iiif/2/16965667/full/full/0/default.jpg	afbd6ba202bd2bd3a0b63a6dc4827c382ff4d46f693fd57f0ee400fb1aeadd13	827667	image/jpeg	2026-10-02T03:19:21+00:00		
cmp_yale_cushing_ms3_opera_medicinalia	images/152_16965668.jpg	https://collections.library.yale.edu/iiif/2/16965668/full/full/0/default.jpg	19dfd8fcded06f16108219d691352c07c66e3c02606813bb9134e3694a27780a	980526	image/jpeg	2026-10-02T03:19:21+00:00		
cmp_yale_cushing_ms3_opera_medicinalia	images/153_16965669.jpg	https://collections.library.yale.edu/iiif/2/16965669/full/full/0/default.jpg	786c7013c3fb865e1f8a7579b87fbf496145174b142c4fb9d0ff38e9ce24e096	970850	image/jpeg	2026-10-02T03:19:22+00:00		
cmp_yale_cushing_ms3_opera_medicinalia	images/154_16965670.jpg	https://collections.library.yale.edu/iiif/2/16965670/full/full/0/default.jpg	767c08c88008e790623aa0ee843880fd93171b882cd25381279bc778eabd3abf	1157750	image/jpeg	2026-10-02T03:19:22+00:00		
cmp_yale_cushing_ms3_opera_medicinalia	images/155_16965671.jpg	https://collections.library.yale.edu/iiif/2/16965671/full/full/0/default.jpg	86a14ca9e7bb362a696ba44ce38f34b53ff9aad3a1094351d6ffe52cbd375057	1056742	image/jpeg	2026-10-02T03:19:22+00:00		
cmp_yale_cushing_ms3_opera_medicinalia	images/157_16965673.jpg	https://collections.library.yale.edu/iiif/2/16965673/full/full/0/default.jpg	0d6fde131f5df317ac22323e6120a53615444f83fb9283a35fc0d48870af9364	966319	image/jpeg	2026-10-02T03:19:23+00:00		
cmp_yale_cushing_ms3_opera_medicinalia	images/156_16965672.jpg	https://collections.library.yale.edu/iiif/2/16965672/full/full/0/default.jpg	b87ccc5987198033230449edcc416501a9ebc054112c8f14ace61b59896e38f5	1030323	image/jpeg	2026-10-02T03:19:23+00:00		
cmp_yale_cushing_ms3_opera_medicinalia	images/158_16965674.jpg	https://collections.library.yale.edu/iiif/2/16965674/full/full/0/default.jpg	93b4341f9632ce3812bd73e78ea570162020aa5464a2a7c71d168b92a69bfadc	1065486	image/jpeg	2026-10-02T03:19:24+00:00		
cmp_yale_cushing_ms3_opera_medicinalia	images/159_16965675.jpg	https://collections.library.yale.edu/iiif/2/16965675/full/full/0/default.jpg	3b5280b6488d4620e3955a6c01c0a2a79e5c9d3f0c45a2f34d28bd3727a30e0f	1129121	image/jpeg	2026-10-02T03:19:24+00:00		
cmp_yale_cushing_ms3_opera_medicinalia	images/160_16965676.jpg	https://collections.library.yale.edu/iiif/2/16965676/full/full/0/default.jpg	0abd126564fac8fc3efb9b7a5f6da3d26f2e553ffc7a7687c5a0ff3c0fcd6e8a	956343	image/jpeg	2026-10-02T03:19:24+00:00		
cmp_yale_cushing_ms3_opera_medicinalia	images/161_16965677.jpg	https://collections.library.yale.edu/iiif/2/16965677/full/full/0/default.jpg	6643d0f77db3c257730987c72695b1f22d854aa61d360631b53504be5b6c8e74	871060	image/jpeg	2026-10-02T03:19:24+00:00		
cmp_yale_cushing_ms3_opera_medicinalia	images/163_16965679.jpg	https://collections.library.yale.edu/iiif/2/16965679/full/full/0/default.jpg	c53abfb1ffe358f721b8f0f7b502fe066c54b90d943544bfb5e9e2da0cae635b	964305	image/jpeg	2026-10-02T03:19:25+00:00		
cmp_yale_cushing_ms3_opera_medicinalia	images/162_16965678.jpg	https://collections.library.yale.edu/iiif/2/16965678/full/full/0/default.jpg	8530bdf0157e65608285e1295732451c7767f20a67b1dc9f4a154c631dc30ee5	990752	image/jpeg	2026-10-02T03:19:25+00:00		
cmp_yale_cushing_ms3_opera_medicinalia	images/165_16965681.jpg	https://collections.library.yale.edu/iiif/2/16965681/full/full/0/default.jpg	261e8c19d57d6f7f22a80b00d56e5aeee796d08389b40b3cedd6d7dea4f86da6	891880	image/jpeg	2026-10-02T03:19:26+00:00		
cmp_yale_cushing_ms3_opera_medicinalia	images/164_16965680.jpg	https://collections.library.yale.edu/iiif/2/16965680/full/full/0/default.jpg	1810c82f3c6c1102074501a278119da6778c32751a5777d8d441d1b13cbd4390	973734	image/jpeg	2026-10-02T03:19:26+00:00		
cmp_yale_cushing_ms3_opera_medicinalia	images/169_16965685.jpg	https://collections.library.yale.edu/iiif/2/16965685/full/full/0/default.jpg	9c0a40247c31208de00400d31710ef6c3731be93ce52748b39625c9f335e4f6e	873343	image/jpeg	2026-10-02T03:19:27+00:00		
cmp_yale_cushing_ms3_opera_medicinalia	images/167_16965683.jpg	https://collections.library.yale.edu/iiif/2/16965683/full/full/0/default.jpg	c04d3464fd5d0e9ab9e483a92288717cdade84245f9c0a6b01274bb12574dd0e	866578	image/jpeg	2026-10-02T03:19:27+00:00		
cmp_yale_cushing_ms3_opera_medicinalia	images/168_16965684.jpg	https://collections.library.yale.edu/iiif/2/16965684/full/full/0/default.jpg	7a17c471f740a8f9384373356c470bb0e54a6ec1ff1ce2449ac7bd44d1f98a2b	936572	image/jpeg	2026-10-02T03:19:28+00:00		
cmp_yale_cushing_ms3_opera_medicinalia	images/166_16965682.jpg	https://collections.library.yale.edu/iiif/2/16965682/full/full/0/default.jpg	46ac44d316f75091ce60eec897ae12de092fb93277d459370f31fa0d4030ecda	1130667	image/jpeg	2026-10-02T03:19:28+00:00		
cmp_yale_cushing_ms3_opera_medicinalia	images/170_16965686.jpg	https://collections.library.yale.edu/iiif/2/16965686/full/full/0/default.jpg	ab8f5aa7292c1b0826440d8261f14f3dc74bd1058fadab08ab9e0a1af3eedf88	1215996	image/jpeg	2026-10-02T03:19:29+00:00		
cmp_yale_cushing_ms3_opera_medicinalia	images/172_16965688.jpg	https://collections.library.yale.edu/iiif/2/16965688/full/full/0/default.jpg	88f79f170a6b6009420d6ccdecc186c5ca4f41da4331a51980e4ffc623879496	906882	image/jpeg	2026-10-02T03:19:29+00:00		
cmp_yale_cushing_ms3_opera_medicinalia	images/171_16965687.jpg	https://collections.library.yale.edu/iiif/2/16965687/full/full/0/default.jpg	2e4fa0cee86f807c53c2887e5fe68d52bf735b1e426480c67588a9bb9bfde757	1070474	image/jpeg	2026-10-02T03:19:29+00:00		
cmp_yale_cushing_ms3_opera_medicinalia	images/173_16965689.jpg	https://collections.library.yale.edu/iiif/2/16965689/full/full/0/default.jpg	b5a6a1707ea3efeda74da3a744004fe07a512d4be6a7c72f51852e4671dddcbc	861043	image/jpeg	2026-10-02T03:19:29+00:00		
cmp_yale_cushing_ms3_opera_medicinalia	images/174_16965690.jpg	https://collections.library.yale.edu/iiif/2/16965690/full/full/0/default.jpg	e9709a7a513298310b3ce2ec202b89e325e223146e5a5475129f7bf0276bf444	1227734	image/jpeg	2026-10-02T03:19:30+00:00		
cmp_yale_cushing_ms3_opera_medicinalia	images/176_16965692.jpg	https://collections.library.yale.edu/iiif/2/16965692/full/full/0/default.jpg	01da8175d023e4ad9b4a465b303b878dce0cd8b5dba82dae9c992ae1381cd119	959123	image/jpeg	2026-10-02T03:19:31+00:00		
cmp_yale_cushing_ms3_opera_medicinalia	images/175_16965691.jpg	https://collections.library.yale.edu/iiif/2/16965691/full/full/0/default.jpg	32be0471eb3a77fc7a6e3b1433a7450d0eb5ca00f105fdbab05b91063de6970f	1044466	image/jpeg	2026-10-02T03:19:31+00:00		
cmp_yale_cushing_ms3_opera_medicinalia	images/177_16965693.jpg	https://collections.library.yale.edu/iiif/2/16965693/full/full/0/default.jpg	74967512e39f097b094216bd044004a824baab681453957dab9b22d1bb886b96	880504	image/jpeg	2026-10-02T03:19:31+00:00		
cmp_yale_cushing_ms3_opera_medicinalia	images/178_16965694.jpg	https://collections.library.yale.edu/iiif/2/16965694/full/full/0/default.jpg	4d5d166a8e8506befe5d901cfa16886eb4be149b1b9c30bc52d71d1a8f9d7be1	988894	image/jpeg	2026-10-02T03:19:32+00:00		
cmp_yale_cushing_ms3_opera_medicinalia	images/180_16965696.jpg	https://collections.library.yale.edu/iiif/2/16965696/full/full/0/default.jpg	b6f0da6683ec81ad9c4027172552ca7a49f6f7d3d77b318460e8521c7045446c	900396	image/jpeg	2026-10-02T03:19:32+00:00		
cmp_yale_cushing_ms3_opera_medicinalia	images/179_16965695.jpg	https://collections.library.yale.edu/iiif/2/16965695/full/full/0/default.jpg	952eb39191d245c72ff867eaed4c3fd719af59f9f6aeb331d3ae5738e979c0a1	1128056	image/jpeg	2026-10-02T03:19:32+00:00		
cmp_yale_cushing_ms3_opera_medicinalia	images/181_16965697.jpg	https://collections.library.yale.edu/iiif/2/16965697/full/full/0/default.jpg	12fed814f144036782272bb460eb8ae63e1d9cfb7856458bdc6fadcdb7b9d6d8	925695	image/jpeg	2026-10-02T03:19:32+00:00		
cmp_yale_cushing_ms3_opera_medicinalia	images/185_16965701.jpg	https://collections.library.yale.edu/iiif/2/16965701/full/full/0/default.jpg	ecd3a77616a31e0b0f10735262186404b37cc55f3ca87f4b3d0f3e98350d8c87	894534	image/jpeg	2026-10-02T03:19:34+00:00		
cmp_yale_cushing_ms3_opera_medicinalia	images/183_16965699.jpg	https://collections.library.yale.edu/iiif/2/16965699/full/full/0/default.jpg	57502369fd3111458203031a6cd92de70898620267e29c775d81d89ae1e2bf00	887857	image/jpeg	2026-10-02T03:19:34+00:00		
cmp_yale_cushing_ms3_opera_medicinalia	images/184_16965700.jpg	https://collections.library.yale.edu/iiif/2/16965700/full/full/0/default.jpg	bd4ceea4cab9deef8c786532d1a1bb8962cee53bd762febaedfc2727c5b6c94a	901387	image/jpeg	2026-10-02T03:19:34+00:00		
cmp_yale_cushing_ms3_opera_medicinalia	images/182_16965698.jpg	https://collections.library.yale.edu/iiif/2/16965698/full/full/0/default.jpg	48b00f2621565af1cf58ed485842cd7aa9b103b3f3d06d43b7e0ea88140e38fd	898432	image/jpeg	2026-10-02T03:19:34+00:00		
cmp_yale_cushing_ms3_opera_medicinalia	images/188_16965704.jpg	https://collections.library.yale.edu/iiif/2/16965704/full/full/0/default.jpg	073fbbd95f29023bbdd5bbe41337213972109c65ffea7ddf597ceb20b91e644d	903240	image/jpeg	2026-10-02T03:19:35+00:00		
cmp_yale_cushing_ms3_opera_medicinalia	images/187_16965703.jpg	https://collections.library.yale.edu/iiif/2/16965703/full/full/0/default.jpg	9317eba39e3151d3ddc0e7cf89d32a318b6e1539eb504067ea6486ae9d765ea4	1023402	image/jpeg	2026-10-02T03:19:36+00:00		
cmp_yale_cushing_ms3_opera_medicinalia	images/186_16965702.jpg	https://collections.library.yale.edu/iiif/2/16965702/full/full/0/default.jpg	b9d5df927beb082e8f9a9efe42694a2279022ac52d35908715fadf83f3a25cac	1139606	image/jpeg	2026-10-02T03:19:36+00:00		
cmp_yale_cushing_ms3_opera_medicinalia	images/189_16965705.jpg	https://collections.library.yale.edu/iiif/2/16965705/full/full/0/default.jpg	26e3a43b805d1e3c3d85379ec35ea1ee23ceb722afc6a09424f0ee0635feabf8	862752	image/jpeg	2026-10-02T03:19:36+00:00		
cmp_yale_cushing_ms3_opera_medicinalia	images/190_16965706.jpg	https://collections.library.yale.edu/iiif/2/16965706/full/full/0/default.jpg	89a25cc4fc0726198aadf7bc35f2c936f689dfc23995fbb9c6147cde1239946b	1007335	image/jpeg	2026-10-02T03:19:37+00:00		
cmp_yale_cushing_ms3_opera_medicinalia	images/193_16965709.jpg	https://collections.library.yale.edu/iiif/2/16965709/full/full/0/default.jpg	f010bbc9f02d16f4603a9fb5438a659669d278da7367373907af2054d1beb24c	806136	image/jpeg	2026-10-02T03:19:37+00:00		
cmp_yale_cushing_ms3_opera_medicinalia	images/192_16965708.jpg	https://collections.library.yale.edu/iiif/2/16965708/full/full/0/default.jpg	895deb0e4c15c3fd0da9bee0ef28bb3686ffbb6b073049f12200424b524f7491	955418	image/jpeg	2026-10-02T03:19:37+00:00		
cmp_yale_cushing_ms3_opera_medicinalia	images/191_16965707.jpg	https://collections.library.yale.edu/iiif/2/16965707/full/full/0/default.jpg	8087e36f7ee3e5db36991647cfaad3ce619280fa1e1b4d9fecc79ebc6e061a91	1114107	image/jpeg	2026-10-02T03:19:37+00:00		
cmp_yale_cushing_ms3_opera_medicinalia	images/195_16965711.jpg	https://collections.library.yale.edu/iiif/2/16965711/full/full/0/default.jpg	4d1d608fe547f4dd7e3542e5a18876d61849f0f171abbd63b2a83680c8865f1c	894650	image/jpeg	2026-10-02T03:19:39+00:00		
cmp_yale_cushing_ms3_opera_medicinalia	images/194_16965710.jpg	https://collections.library.yale.edu/iiif/2/16965710/full/full/0/default.jpg	5086b74da20f0e422196d3337488a94d01b5c94437fb68c046996a0debdb4bf4	913307	image/jpeg	2026-10-02T03:19:39+00:00		
cmp_yale_cushing_ms3_opera_medicinalia	images/197_16965713.jpg	https://collections.library.yale.edu/iiif/2/16965713/full/full/0/default.jpg	80d130c2bb0d20867e3a01533739a1ef8012c1580bb8d50d5c1302b1b469353b	887666	image/jpeg	2026-10-02T03:19:39+00:00		
cmp_yale_cushing_ms3_opera_medicinalia	images/196_16965712.jpg	https://collections.library.yale.edu/iiif/2/16965712/full/full/0/default.jpg	4f3b923fc2ebaf91f9f91da3662d1e0ec8cc31dba2d3b14827104280d2e7ea24	962484	image/jpeg	2026-10-02T03:19:39+00:00		
cmp_yale_cushing_ms3_opera_medicinalia	images/199_16965715.jpg	https://collections.library.yale.edu/iiif/2/16965715/full/full/0/default.jpg	abfc19a96824fc65a5ffa3b5cfd4cc314fb453ac55b34dd9ee6ed99b311a195b	1026708	image/jpeg	2026-10-02T03:19:40+00:00		
cmp_yale_cushing_ms3_opera_medicinalia	images/198_16965714.jpg	https://collections.library.yale.edu/iiif/2/16965714/full/full/0/default.jpg	bc77a2af6e1c7ee2d75702c59e9910860ea2da88666b0626b5e69aea0fc93227	1052284	image/jpeg	2026-10-02T03:19:41+00:00		
cmp_yale_cushing_ms3_opera_medicinalia	images/201_16965717.jpg	https://collections.library.yale.edu/iiif/2/16965717/full/full/0/default.jpg	aca37e98103e6a54a33cf2e89be9a83f8204329b46a0f5df3c7e7f64b0f37e4b	880970	image/jpeg	2026-10-02T03:19:42+00:00		
cmp_yale_cushing_ms3_opera_medicinalia	images/200_16965716.jpg	https://collections.library.yale.edu/iiif/2/16965716/full/full/0/default.jpg	b66e6ca1c0b089ae0284cb10c0010b1575061de60c696ca19efad339228caa65	932835	image/jpeg	2026-10-02T03:19:42+00:00		
cmp_yale_cushing_ms3_opera_medicinalia	images/202_16965718.jpg	https://collections.library.yale.edu/iiif/2/16965718/full/full/0/default.jpg	148e314ca76f1839ddb69a2b6301bcf51a9df545a8c153881f55a44d5ba53140	882172	image/jpeg	2026-10-02T03:19:42+00:00		
cmp_yale_cushing_ms3_opera_medicinalia	images/203_16965719.jpg	https://collections.library.yale.edu/iiif/2/16965719/full/full/0/default.jpg	1847ff7d11384381585feed86b16d582c9da2f18c3bbeac318faccccfe6d49b7	864648	image/jpeg	2026-10-02T03:19:42+00:00		
cmp_yale_cushing_ms3_opera_medicinalia	images/205_16965721.jpg	https://collections.library.yale.edu/iiif/2/16965721/full/full/0/default.jpg	fa41adcd133119ce5022f7d37e6744d862ad1ab95df03b80b57d25df3414da3e	893411	image/jpeg	2026-10-02T03:19:43+00:00		
cmp_yale_cushing_ms3_opera_medicinalia	images/204_16965720.jpg	https://collections.library.yale.edu/iiif/2/16965720/full/full/0/default.jpg	27538af0acfdf455e75f70ba711a0c8fda8a5c712174cc126386375f886a2a1d	922348	image/jpeg	2026-10-02T03:19:43+00:00		
cmp_yale_cushing_ms3_opera_medicinalia	images/206_16965722.jpg	https://collections.library.yale.edu/iiif/2/16965722/full/full/0/default.jpg	cfd3a7a3c041ba2a73d04441bc6c3be5e44e9abe82f19df30bfb90e4db002fd3	900738	image/jpeg	2026-10-02T03:19:44+00:00		
cmp_yale_cushing_ms3_opera_medicinalia	images/207_16965723.jpg	https://collections.library.yale.edu/iiif/2/16965723/full/full/0/default.jpg	8dff093eb652ed1ef4fcb13723e36274e80f9b73c36dd70fe9c1adf7339f509c	927111	image/jpeg	2026-10-02T03:19:44+00:00		
cmp_yale_cushing_ms3_opera_medicinalia	images/209_16965725.jpg	https://collections.library.yale.edu/iiif/2/16965725/full/full/0/default.jpg	1fa1690f7aac555998794b1e8ef8dd06f9bfeca24088bebcdf20316a3359a8f4	1011552	image/jpeg	2026-10-02T03:19:45+00:00		
cmp_yale_cushing_ms3_opera_medicinalia	images/211_16965727.jpg	https://collections.library.yale.edu/iiif/2/16965727/full/full/0/default.jpg	f1c72ae55a644dddfddce44a6b604b871ac0f1c17b0d2ec9a18585cfcfbcaddc	844527	image/jpeg	2026-10-02T03:19:46+00:00		
cmp_yale_cushing_ms3_opera_medicinalia	images/208_16965724.jpg	https://collections.library.yale.edu/iiif/2/16965724/full/full/0/default.jpg	22302da76af9dd65f1bbdf8753ebb01efd3d2dbc591fd00e68516aa5a637e631	1128997	image/jpeg	2026-10-02T03:19:46+00:00		
cmp_yale_cushing_ms3_opera_medicinalia	images/210_16965726.jpg	https://collections.library.yale.edu/iiif/2/16965726/full/full/0/default.jpg	330d5c0753129448bde394ef61fe8a8a16ed54c8081139ea8351cb5edaaae4b3	914613	image/jpeg	2026-10-02T03:19:46+00:00		
cmp_yale_cushing_ms3_opera_medicinalia	images/213_16965729.jpg	https://collections.library.yale.edu/iiif/2/16965729/full/full/0/default.jpg	79da85606b2663d55d4d74ba6d3023073b193c6e25b55e9416be2ed0ce35f33b	1038370	image/jpeg	2026-10-02T03:19:47+00:00		
cmp_yale_cushing_ms3_opera_medicinalia	images/214_16965730.jpg	https://collections.library.yale.edu/iiif/2/16965730/full/full/0/default.jpg	f2796e161d42005a7a8f5068a3f0b92a67e87fbd5668886115071e9249fc48f9	830283	image/jpeg	2026-10-02T03:19:47+00:00		
cmp_yale_cushing_ms3_opera_medicinalia	images/215_16965731.jpg	https://collections.library.yale.edu/iiif/2/16965731/full/full/0/default.jpg	2f666f6f179aa699677273d2795e50a6992df71b9ff9a25f916f044d96450a84	854849	image/jpeg	2026-10-02T03:19:48+00:00		
cmp_yale_cushing_ms3_opera_medicinalia	images/212_16965728.jpg	https://collections.library.yale.edu/iiif/2/16965728/full/full/0/default.jpg	82edbe0824fdca46ffad1e2bed9ca5f79104229506ee466c4d9be6a864e31cf6	1027190	image/jpeg	2026-10-02T03:19:48+00:00		
cmp_yale_cushing_ms3_opera_medicinalia	images/216_16965732.jpg	https://collections.library.yale.edu/iiif/2/16965732/full/full/0/default.jpg	e4314944ddd27b7a883dc343a80836f584a9d11fbb8a5ab206a8a6bbfdf88b5e	1067421	image/jpeg	2026-10-02T03:19:48+00:00		
cmp_yale_cushing_ms3_opera_medicinalia	images/219_16965735.jpg	https://collections.library.yale.edu/iiif/2/16965735/full/full/0/default.jpg	dcdd84542601163625c243f8e76932b43b58862fd06d147857b06675b41d8a8b	826095	image/jpeg	2026-10-02T03:19:50+00:00		
cmp_yale_cushing_ms3_opera_medicinalia	images/217_16965733.jpg	https://collections.library.yale.edu/iiif/2/16965733/full/full/0/default.jpg	8df1f4f583329af27288a51ed5c8d38998e3578beb5b169991cf0e20e1a58380	945999	image/jpeg	2026-10-02T03:19:50+00:00		
cmp_yale_cushing_ms3_opera_medicinalia	images/218_16965734.jpg	https://collections.library.yale.edu/iiif/2/16965734/full/full/0/default.jpg	dcc4e806304c386c06bd80d349e36ab5421d5050d44405f0cb5b86e40c318d84	835627	image/jpeg	2026-10-02T03:19:50+00:00		
cmp_yale_cushing_ms3_opera_medicinalia	images/220_16965736.jpg	https://collections.library.yale.edu/iiif/2/16965736/full/full/0/default.jpg	d806b58eb36e50a477d2e623ca1527656e12c0ce3450aa730f1d572d14032cac	854122	image/jpeg	2026-10-02T03:19:50+00:00		
cmp_yale_cushing_ms3_opera_medicinalia	images/223_16965739.jpg	https://collections.library.yale.edu/iiif/2/16965739/full/full/0/default.jpg	576850be202e2de8e0f40fdf22da608ca597a95397ce804b1df46e8d155742ae	732232	image/jpeg	2026-10-02T03:19:52+00:00		
cmp_yale_cushing_ms3_opera_medicinalia	images/222_16965738.jpg	https://collections.library.yale.edu/iiif/2/16965738/full/full/0/default.jpg	b793a488d65926656ce5301fca10c1e3bf309dc9f431f1768eb23cf0eaa5d3be	744190	image/jpeg	2026-10-02T03:19:52+00:00		
cmp_yale_cushing_ms3_opera_medicinalia	images/224_16965740.jpg	https://collections.library.yale.edu/iiif/2/16965740/full/full/0/default.jpg	8b5fd309f10457d54a40cdc49340cb38cd0abae6cc64c32dcfad249808275d01	908917	image/jpeg	2026-10-02T03:19:52+00:00		
cmp_yale_cushing_ms3_opera_medicinalia	images/221_16965737.jpg	https://collections.library.yale.edu/iiif/2/16965737/full/full/0/default.jpg	b70ee89f39fca5419390723ae08002ea2a6e72df37bf92bd00d69972f7e4993e	823816	image/jpeg	2026-10-02T03:19:52+00:00		
cmp_yale_cushing_ms3_opera_medicinalia	images/226_16965742.jpg	https://collections.library.yale.edu/iiif/2/16965742/full/full/0/default.jpg	5baf31914875fcad588dc5d4c375d5874ae234464a17520e396cf0aae79aebe4	806491	image/jpeg	2026-10-02T03:19:54+00:00		
cmp_yale_cushing_ms3_opera_medicinalia	images/225_16965741.jpg	https://collections.library.yale.edu/iiif/2/16965741/full/full/0/default.jpg	04b4d32b228be923f2dfe60d14fb321aa3a853b4a2d0319c1eb98b5ba66597e6	1035043	image/jpeg	2026-10-02T03:19:54+00:00		
cmp_yale_cushing_ms3_opera_medicinalia	images/228_16965744.jpg	https://collections.library.yale.edu/iiif/2/16965744/full/full/0/default.jpg	54911d359b83c0a4bc7a47dc69bcdcb5e34863fc298c3522a712e828aaab77d9	991508	image/jpeg	2026-10-02T03:19:55+00:00		
cmp_yale_cushing_ms3_opera_medicinalia	images/227_16965743.jpg	https://collections.library.yale.edu/iiif/2/16965743/full/full/0/default.jpg	33c77d7c50f2fed49be6cdd5b5de882fe3f984b4d6aea9662ed0d04b77929de3	669634	image/jpeg	2026-10-02T03:19:56+00:00		
cmp_yale_cushing_ms3_opera_medicinalia	images/230_16965746.jpg	https://collections.library.yale.edu/iiif/2/16965746/full/full/0/default.jpg	c21a64ba9b43108faa87aa5ade22b3123fbc0e59aaf19bbd14eceeab6774c287	768306	image/jpeg	2026-10-02T03:19:56+00:00		
cmp_yale_cushing_ms3_opera_medicinalia	images/229_16965745.jpg	https://collections.library.yale.edu/iiif/2/16965745/full/full/0/default.jpg	49b98fde153608403eb491de5d050f645fb4fc99abae171bc0d4f164cfac0625	1105213	image/jpeg	2026-10-02T03:19:56+00:00		
cmp_yale_cushing_ms3_opera_medicinalia	images/231_16965747.jpg	https://collections.library.yale.edu/iiif/2/16965747/full/full/0/default.jpg	e8d6b425bff7e9bb7b15d4d573c38576e7b93d211468985edf4118bba7d4ca01	777275	image/jpeg	2026-10-02T03:19:56+00:00		
cmp_yale_cushing_ms3_opera_medicinalia	images/234_16965750.jpg	https://collections.library.yale.edu/iiif/2/16965750/full/full/0/default.jpg	ef6786fde44f92423fe0acdb5ca14130703a50080e275df0fdccf11a1f189e37	713506	image/jpeg	2026-10-02T03:19:58+00:00		
cmp_yale_cushing_ms3_opera_medicinalia	images/233_16965749.jpg	https://collections.library.yale.edu/iiif/2/16965749/full/full/0/default.jpg	35371d0b09ef1184245fccad4087f808d6ec8df82e5a0a0eda16861d52c468dd	790649	image/jpeg	2026-10-02T03:19:58+00:00		
cmp_yale_cushing_ms3_opera_medicinalia	images/235_16965751.jpg	https://collections.library.yale.edu/iiif/2/16965751/full/full/0/default.jpg	c5b318f991f31f79d8f2ccfa63a562eb4ac53b0b6e041cf696f38b064ae46ab0	706305	image/jpeg	2026-10-02T03:19:58+00:00		
cmp_yale_cushing_ms3_opera_medicinalia	images/232_16965748.jpg	https://collections.library.yale.edu/iiif/2/16965748/full/full/0/default.jpg	165e4c017176c4009b493e55bbb04cb721f28598a754c35155549c0955f7db9d	810695	image/jpeg	2026-10-02T03:19:58+00:00		
cmp_yale_cushing_ms3_opera_medicinalia	images/237_16965753.jpg	https://collections.library.yale.edu/iiif/2/16965753/full/full/0/default.jpg	480dc8da8bf39404b9e0f67532189f5afcea332e75f8c30368fd004db58a8a4e	889908	image/jpeg	2026-10-02T03:20:00+00:00		
cmp_yale_cushing_ms3_opera_medicinalia	images/238_16965754.jpg	https://collections.library.yale.edu/iiif/2/16965754/full/full/0/default.jpg	6f84606d26af3d04b02b634b006ea2497177977f888b2470e3344438e55ea6f4	692668	image/jpeg	2026-10-02T03:20:00+00:00		
cmp_yale_cushing_ms3_opera_medicinalia	images/239_16965755.jpg	https://collections.library.yale.edu/iiif/2/16965755/full/full/0/default.jpg	293574f68de4d3729cf6ed37410cb6991ba2cc5a6d47aee4633e96d8824d3223	742008	image/jpeg	2026-10-02T03:20:00+00:00		
cmp_yale_cushing_ms3_opera_medicinalia	images/236_16965752.jpg	https://collections.library.yale.edu/iiif/2/16965752/full/full/0/default.jpg	c0b8d4699caa2047b0d2ba797c6499c7fa0ea8da64553ca56f3cbb29bbd47741	866623	image/jpeg	2026-10-02T03:20:02+00:00		
cmp_yale_cushing_ms3_opera_medicinalia	images/240_16965756.jpg	https://collections.library.yale.edu/iiif/2/16965756/full/full/0/default.jpg	b9791c2d51c96709b4de82b65e15acc222feb4b1b66372c7571c46db03eab483	843666	image/jpeg	2026-10-02T03:20:02+00:00		
cmp_yale_cushing_ms3_opera_medicinalia	images/242_16965758.jpg	https://collections.library.yale.edu/iiif/2/16965758/full/full/0/default.jpg	52cedeadfe0f27355667dd5739b00e04ce182b8bd79d6cf1510c20601d35457b	771275	image/jpeg	2026-10-02T03:20:02+00:00		
cmp_yale_cushing_ms3_opera_medicinalia	images/241_16965757.jpg	https://collections.library.yale.edu/iiif/2/16965757/full/full/0/default.jpg	395b37089ec28577caabc77d1dd186035917ca7afc5fa00cd492b46a1f08c5dd	873675	image/jpeg	2026-10-02T03:20:02+00:00		
cmp_yale_cushing_ms3_opera_medicinalia	images/243_16965759.jpg	https://collections.library.yale.edu/iiif/2/16965759/full/full/0/default.jpg	72de5bf337a8cdab29ae1ebc92c8bacf4a33c461a3d3cc15e57371ae5b82c02b	746846	image/jpeg	2026-10-02T03:20:04+00:00		
cmp_yale_cushing_ms3_opera_medicinalia	images/246_16965762.jpg	https://collections.library.yale.edu/iiif/2/16965762/full/full/0/default.jpg	3d2a351a716157c47ba3fa84c95eb7af937b78b4dc0edaaf4ec4c62b7b2d5efb	760968	image/jpeg	2026-10-02T03:20:05+00:00		
cmp_yale_cushing_ms3_opera_medicinalia	images/245_16965761.jpg	https://collections.library.yale.edu/iiif/2/16965761/full/full/0/default.jpg	7b7b4ee5fa5429fb6ca5339bf8ee52f5245ec0828d81e64e918cab49c3d7f849	872125	image/jpeg	2026-10-02T03:20:05+00:00		
cmp_yale_cushing_ms3_opera_medicinalia	images/244_16965760.jpg	https://collections.library.yale.edu/iiif/2/16965760/full/full/0/default.jpg	82fe61f9947d3e5692c2889945347e3b08fa20f83ad8b677cd60006d7cde4e48	878726	image/jpeg	2026-10-02T03:20:05+00:00		
cmp_yale_cushing_ms3_opera_medicinalia	images/247_16965763.jpg	https://collections.library.yale.edu/iiif/2/16965763/full/full/0/default.jpg	5ae6e80155dd419430b16aa94ca42e90fd73b79c18209981f29cc4ad8c9bcd4b	742307	image/jpeg	2026-10-02T03:20:05+00:00		
cmp_yale_cushing_ms3_opera_medicinalia	images/248_16965764.jpg	https://collections.library.yale.edu/iiif/2/16965764/full/full/0/default.jpg	8241b145d1740f5ad7ebfba9d52969dc2e3976d5e140f94d0a715837d2b8e7fd	868699	image/jpeg	2026-10-02T03:20:06+00:00		
cmp_yale_cushing_ms3_opera_medicinalia	images/250_16965766.jpg	https://collections.library.yale.edu/iiif/2/16965766/full/full/0/default.jpg	e4058930dbafe2879086e474ae1bae7ebac80b357a8acce8a6494d8d58ddee81	865733	image/jpeg	2026-10-02T03:20:06+00:00		
cmp_yale_cushing_ms3_opera_medicinalia	images/249_16965765.jpg	https://collections.library.yale.edu/iiif/2/16965765/full/full/0/default.jpg	5b31f8c8e6ee18131b8e206dbaebf7ebf3a3d3d940a441404687711b4253d36c	878885	image/jpeg	2026-10-02T03:20:06+00:00		
cmp_yale_cushing_ms3_opera_medicinalia	images/251_16965767.jpg	https://collections.library.yale.edu/iiif/2/16965767/full/full/0/default.jpg	7faf9e4ab5bbaf84304403ed7adaa3365d4469dc8e4521678997c1ec9e39ed44	832263	image/jpeg	2026-10-02T03:20:07+00:00		
cmp_yale_cushing_ms3_opera_medicinalia	images/252_16965768.jpg	https://collections.library.yale.edu/iiif/2/16965768/full/full/0/default.jpg	14709bfc02981584ff95f16e8e8dec036342a196899f868a8978c5dc5e3e24d2	808638	image/jpeg	2026-10-02T03:20:07+00:00		
cmp_yale_cushing_ms3_opera_medicinalia	images/254_16965770.jpg	https://collections.library.yale.edu/iiif/2/16965770/full/full/0/default.jpg	c1e88cdf9dd3ebcddf067efd0d0142c354ab253950e63975a6bba6478eeb32da	781123	image/jpeg	2026-10-02T03:20:08+00:00		
cmp_yale_cushing_ms3_opera_medicinalia	images/253_16965769.jpg	https://collections.library.yale.edu/iiif/2/16965769/full/full/0/default.jpg	1e7efaedf0787ab92752c89eac10d29ad568724d686a896c38491d26d3bf6632	848131	image/jpeg	2026-10-02T03:20:08+00:00		
cmp_yale_cushing_ms3_opera_medicinalia	images/255_16965771.jpg	https://collections.library.yale.edu/iiif/2/16965771/full/full/0/default.jpg	7995321711f638411c6e2b87918a02c7948371ceeedf2c5279a9f56d9a847c94	873803	image/jpeg	2026-10-02T03:20:08+00:00		
cmp_yale_cushing_ms3_opera_medicinalia	images/258_16965774.jpg	https://collections.library.yale.edu/iiif/2/16965774/full/full/0/default.jpg	55a476bfa0c56da1d97488eef5899106665e116437f04f2b195e877dbcff7de6	800363	image/jpeg	2026-10-02T03:20:09+00:00		
cmp_yale_cushing_ms3_opera_medicinalia	images/259_16965775.jpg	https://collections.library.yale.edu/iiif/2/16965775/full/full/0/default.jpg	a189bf17524bf9ea92989aeb57b208e5ea7266d6d2bc87454b7e3ffd88146898	820917	image/jpeg	2026-10-02T03:20:10+00:00		
cmp_yale_cushing_ms3_opera_medicinalia	images/256_16965772.jpg	https://collections.library.yale.edu/iiif/2/16965772/full/full/0/default.jpg	3cf20c3449daf597091f78f04fe83c17ef13c044c3906384c4d2c7064e12000f	857831	image/jpeg	2026-10-02T03:20:10+00:00		
cmp_yale_cushing_ms3_opera_medicinalia	images/257_16965773.jpg	https://collections.library.yale.edu/iiif/2/16965773/full/full/0/default.jpg	e350dd3c8b66484ef7f9635fccfe3d2b1a9300dd1fd591e190a6afbb1425d9ed	1005600	image/jpeg	2026-10-02T03:20:10+00:00		
cmp_yale_cushing_ms3_opera_medicinalia	images/260_16965776.jpg	https://collections.library.yale.edu/iiif/2/16965776/full/full/0/default.jpg	f3dd9794cdefd7ed127077cc0187d582f54bf2cc0b2cf0e001943b434b5d96b4	867901	image/jpeg	2026-10-02T03:20:11+00:00		
cmp_yale_cushing_ms3_opera_medicinalia	images/261_16965777.jpg	https://collections.library.yale.edu/iiif/2/16965777/full/full/0/default.jpg	590128eedb9e69e3a59d6281328cb42b2e75cc961c8671417d435e1f8a08df79	922036	image/jpeg	2026-10-02T03:20:11+00:00		
cmp_yale_cushing_ms3_opera_medicinalia	images/262_16965778.jpg	https://collections.library.yale.edu/iiif/2/16965778/full/full/0/default.jpg	73fb5751eb843173080dc4e7fd5ff92abcb898f1db2ade4e577b529c49896249	813830	image/jpeg	2026-10-02T03:20:11+00:00		
cmp_yale_cushing_ms3_opera_medicinalia	images/263_16965779.jpg	https://collections.library.yale.edu/iiif/2/16965779/full/full/0/default.jpg	bef2e6569fd635185e3d69a99c061e918f716cc2cece91ecce08f70c5d2306b7	831311	image/jpeg	2026-10-02T03:20:11+00:00		
cmp_yale_cushing_ms3_opera_medicinalia	images/264_16965780.jpg	https://collections.library.yale.edu/iiif/2/16965780/full/full/0/default.jpg	2d6c76d3f718e7af8a7a29ffa8d6e44c41c3bf107e770215f2a0ec618d3b2149	835311	image/jpeg	2026-10-02T03:20:12+00:00		
cmp_yale_cushing_ms3_opera_medicinalia	images/267_16965783.jpg	https://collections.library.yale.edu/iiif/2/16965783/full/full/0/default.jpg	13ee65c8e549aedb4b8e3e7e6576ff05b1f4b93bec49295436b0d2ccb3d85189	770687	image/jpeg	2026-10-02T03:20:12+00:00		
cmp_yale_cushing_ms3_opera_medicinalia	images/265_16965781.jpg	https://collections.library.yale.edu/iiif/2/16965781/full/full/0/default.jpg	7d8aa2145f0b80c9d30d80503f7c47381814e8f5ba98268d352b6505f0f025a5	881229	image/jpeg	2026-10-02T03:20:12+00:00		
cmp_yale_cushing_ms3_opera_medicinalia	images/266_16965782.jpg	https://collections.library.yale.edu/iiif/2/16965782/full/full/0/default.jpg	688bec16e7c09af18b8a3483ae904b7373ac2689a0aefe26939fafe65d465cc6	847027	image/jpeg	2026-10-02T03:20:12+00:00		
cmp_yale_cushing_ms3_opera_medicinalia	images/269_16965785.jpg	https://collections.library.yale.edu/iiif/2/16965785/full/full/0/default.jpg	474f414a6d069baf6437c33b149f412daf8dc2acc4ea12ce3bc2007e1c4f31e8	872776	image/jpeg	2026-10-02T03:20:14+00:00		
cmp_yale_cushing_ms3_opera_medicinalia	images/270_16965786.jpg	https://collections.library.yale.edu/iiif/2/16965786/full/full/0/default.jpg	aa65d735ce2c536fac55ad02b9c141d11c870929382c728dab838b7775081140	854038	image/jpeg	2026-10-02T03:20:14+00:00		
cmp_yale_cushing_ms3_opera_medicinalia	images/271_16965787.jpg	https://collections.library.yale.edu/iiif/2/16965787/full/full/0/default.jpg	3c11585dbcd401fc0b7b3ab38b0cbf93b0d64f8e450c964f42a797a0f397bb2c	819558	image/jpeg	2026-10-02T03:20:14+00:00		
cmp_yale_cushing_ms3_opera_medicinalia	images/268_16965784.jpg	https://collections.library.yale.edu/iiif/2/16965784/full/full/0/default.jpg	0fb9659eec46d6e844338d6e9802ff1763d26745af827aaf060a8cf2b51b8679	857310	image/jpeg	2026-10-02T03:20:14+00:00		
cmp_yale_cushing_ms3_opera_medicinalia	images/275_16965791.jpg	https://collections.library.yale.edu/iiif/2/16965791/full/full/0/default.jpg	41780af2138ebf2833472bafd06a686249ea65207300b37bda9efff02e0f9f1d	789523	image/jpeg	2026-10-02T03:20:16+00:00		
cmp_yale_cushing_ms3_opera_medicinalia	images/274_16965790.jpg	https://collections.library.yale.edu/iiif/2/16965790/full/full/0/default.jpg	992043078c0fdfaa2679bd2647c3ad1babb8ddc49d45f41ebbf88f24d2857376	799696	image/jpeg	2026-10-02T03:20:16+00:00		
cmp_yale_cushing_ms3_opera_medicinalia	images/272_16965788.jpg	https://collections.library.yale.edu/iiif/2/16965788/full/full/0/default.jpg	a603273dc82400bd5a9c09cb4a8d659b641c46f10bca79a41dffd0aed04eb5c1	798087	image/jpeg	2026-10-02T03:20:16+00:00		
cmp_yale_cushing_ms3_opera_medicinalia	images/273_16965789.jpg	https://collections.library.yale.edu/iiif/2/16965789/full/full/0/default.jpg	311c0369b3b8456ba136aea135c1fa2e51344fe55e61fc04cd22ab58c5870f4e	745237	image/jpeg	2026-10-02T03:20:16+00:00		
cmp_yale_cushing_ms3_opera_medicinalia	images/278_16965794.jpg	https://collections.library.yale.edu/iiif/2/16965794/full/full/0/default.jpg	ee16f517f251baf9e2102790c11550ec58943f7700f5fcbbefaa460c0143523f	789602	image/jpeg	2026-10-02T03:20:17+00:00		
cmp_yale_cushing_ms3_opera_medicinalia	images/279_16965795.jpg	https://collections.library.yale.edu/iiif/2/16965795/full/full/0/default.jpg	0ac57d7c4c3dfe5ab2ed845920a8cf448a1281c8ee2dc9d2c76d29859013f14b	783458	image/jpeg	2026-10-02T03:20:17+00:00		
cmp_yale_cushing_ms3_opera_medicinalia	images/277_16965793.jpg	https://collections.library.yale.edu/iiif/2/16965793/full/full/0/default.jpg	602360a9510208a65c3e82b7913583ff86c1dd9c455200b310bb786a4149553b	809971	image/jpeg	2026-10-02T03:20:18+00:00		
cmp_yale_cushing_ms3_opera_medicinalia	images/276_16965792.jpg	https://collections.library.yale.edu/iiif/2/16965792/full/full/0/default.jpg	2f7d1d4d000205b8686ee936246878b2fa66b61bb4b63bae805124886737e695	880947	image/jpeg	2026-10-02T03:20:18+00:00		
cmp_yale_cushing_ms3_opera_medicinalia	images/282_16965798.jpg	https://collections.library.yale.edu/iiif/2/16965798/full/full/0/default.jpg	794accecc5b3d177f4cb3487ffcb34647c985a7691a1fcdbf55642d04507b9a6	790261	image/jpeg	2026-10-02T03:20:19+00:00		
cmp_yale_cushing_ms3_opera_medicinalia	images/280_16965796.jpg	https://collections.library.yale.edu/iiif/2/16965796/full/full/0/default.jpg	210609d8613b3dd91ef5b19e6f38a4a565f0d5a55bb5010d42152b9f3cb47bdc	782944	image/jpeg	2026-10-02T03:20:19+00:00		
cmp_yale_cushing_ms3_opera_medicinalia	images/281_16965797.jpg	https://collections.library.yale.edu/iiif/2/16965797/full/full/0/default.jpg	534cbf526ef250eef1a36de9aca8012a785ec62b0f1c54e0f89a2647710e4883	822656	image/jpeg	2026-10-02T03:20:19+00:00		
cmp_yale_cushing_ms3_opera_medicinalia	images/283_16965799.jpg	https://collections.library.yale.edu/iiif/2/16965799/full/full/0/default.jpg	9ba6cc71cb02c3d9a8e15453c22a245ac31b08bf280401334a8d4c2a730d8f82	778133	image/jpeg	2026-10-02T03:20:19+00:00		
cmp_yale_cushing_ms3_opera_medicinalia	images/284_16965800.jpg	https://collections.library.yale.edu/iiif/2/16965800/full/full/0/default.jpg	e8c87aa10504a129d9a754aadb2649a9c973b57160f8f342920d45d5b7716ecc	909167	image/jpeg	2026-10-02T03:20:20+00:00		
cmp_yale_cushing_ms3_opera_medicinalia	images/286_16965802.jpg	https://collections.library.yale.edu/iiif/2/16965802/full/full/0/default.jpg	9312e0f05805fc1f223064ef9ed45b9063f398cbe12b4fbdcc9acbcd237fd50f	836630	image/jpeg	2026-10-02T03:20:20+00:00		
cmp_yale_cushing_ms3_opera_medicinalia	images/285_16965801.jpg	https://collections.library.yale.edu/iiif/2/16965801/full/full/0/default.jpg	9cb77bf7a9a9b7b66bd6e2442bc61c471bfbc0c3f27b6e46ac9971ce65ecc47c	907695	image/jpeg	2026-10-02T03:20:20+00:00		
cmp_yale_cushing_ms3_opera_medicinalia	images/287_16965803.jpg	https://collections.library.yale.edu/iiif/2/16965803/full/full/0/default.jpg	dae8ac68ba78e5797e10cf59a248a303931b51628d496a4cc1ed0482870a03c5	803527	image/jpeg	2026-10-02T03:20:20+00:00		
cmp_yale_cushing_ms3_opera_medicinalia	images/288_16965804.jpg	https://collections.library.yale.edu/iiif/2/16965804/full/full/0/default.jpg	9f67fd0e91bba837453e839aac4ac9934522e8431578aa7169d6a8e833011559	833431	image/jpeg	2026-10-02T03:20:22+00:00		
cmp_yale_cushing_ms3_opera_medicinalia	images/291_16965807.jpg	https://collections.library.yale.edu/iiif/2/16965807/full/full/0/default.jpg	c26dbe7af698e0e3afeaf9e6d48fd7f8d90716816306892086f6471b67dd072d	762357	image/jpeg	2026-10-02T03:20:23+00:00		
cmp_yale_cushing_ms3_opera_medicinalia	images/292_16965808.jpg	https://collections.library.yale.edu/iiif/2/16965808/full/full/0/default.jpg	4c22f5dc49663b9fb92f64ee4aa9cb52084c315e41e14d7583208c686757b995	884945	image/jpeg	2026-10-02T03:20:23+00:00		
cmp_yale_cushing_ms3_opera_medicinalia	images/289_16965805.jpg	https://collections.library.yale.edu/iiif/2/16965805/full/full/0/default.jpg	9280a45d722d8fcb0b682d04be98a15032f305fe3ed0e2b0b2c8f93ed3b4b932	848017	image/jpeg	2026-10-02T03:20:23+00:00		
cmp_yale_cushing_ms3_opera_medicinalia	images/290_16965806.jpg	https://collections.library.yale.edu/iiif/2/16965806/full/full/0/default.jpg	221520cdea7ff2d602d6b6cf0b4377f9341ac37f75b86648062599d91fe05ea3	806222	image/jpeg	2026-10-02T03:20:23+00:00		
cmp_yale_cushing_ms3_opera_medicinalia	images/293_16965809.jpg	https://collections.library.yale.edu/iiif/2/16965809/full/full/0/default.jpg	d7a170f7f849bbb1ae74bad44340527f8e69286b55cb16804a583cdd4856bee4	906965	image/jpeg	2026-10-02T03:20:25+00:00		
cmp_yale_cushing_ms3_opera_medicinalia	images/294_16965810.jpg	https://collections.library.yale.edu/iiif/2/16965810/full/full/0/default.jpg	359b0aed67c0d5e11f2b6406b1da8a38fcfd7b61da123987b767ac4e29dbcb58	801214	image/jpeg	2026-10-02T03:20:25+00:00		
cmp_yale_cushing_ms3_opera_medicinalia	images/295_16965811.jpg	https://collections.library.yale.edu/iiif/2/16965811/full/full/0/default.jpg	7c2492db3acd299bcf9428447f9567d2f68bc32c100a7db534e89e4e14989c06	820490	image/jpeg	2026-10-02T03:20:25+00:00		
cmp_yale_cushing_ms3_opera_medicinalia	images/296_16965812.jpg	https://collections.library.yale.edu/iiif/2/16965812/full/full/0/default.jpg	6adfa66327d6a1e495a1e5775ade5ad29a60ffa15dd5ed068813dd362d0435a7	1137578	image/jpeg	2026-10-02T03:20:25+00:00		
cmp_yale_cushing_ms3_opera_medicinalia	images/299_16965815.jpg	https://collections.library.yale.edu/iiif/2/16965815/full/full/0/default.jpg	80fd3597a9d437da048c5403e7a1f01a5b52479de55271913113212305bf3e96	805435	image/jpeg	2026-10-02T03:20:27+00:00		
cmp_yale_cushing_ms3_opera_medicinalia	images/298_16965814.jpg	https://collections.library.yale.edu/iiif/2/16965814/full/full/0/default.jpg	b610eff2483147968223a6eb3ec9406912cbf27c5219c2ff14b210490b6df0d3	869729	image/jpeg	2026-10-02T03:20:27+00:00		
cmp_yale_cushing_ms3_opera_medicinalia	images/297_16965813.jpg	https://collections.library.yale.edu/iiif/2/16965813/full/full/0/default.jpg	5bf2bc740f4c2857d8d264bcd89207302d20013a8169afce03fd3005598aae3d	1088927	image/jpeg	2026-10-02T03:20:27+00:00		
cmp_yale_cushing_ms3_opera_medicinalia	images/301_16965817.jpg	https://collections.library.yale.edu/iiif/2/16965817/full/full/0/default.jpg	bb5332323bf98400975c1576caa93614b8d9833803b4e8b7284270a28a10f044	971756	image/jpeg	2026-10-02T03:20:28+00:00		
cmp_yale_cushing_ms3_opera_medicinalia	images/303_16965819.jpg	https://collections.library.yale.edu/iiif/2/16965819/full/full/0/default.jpg	6da9598dd7ae493237edf130aea3cba08338bd4d0d1bd84259c827c91878dac2	891079	image/jpeg	2026-10-02T03:20:28+00:00		
cmp_yale_cushing_ms3_opera_medicinalia	images/302_16965818.jpg	https://collections.library.yale.edu/iiif/2/16965818/full/full/0/default.jpg	4376a058724c10ee21fd0144e279caa30d05a288c4fc8d3e6946777024b04644	818697	image/jpeg	2026-10-02T03:20:28+00:00		
cmp_yale_cushing_ms3_opera_medicinalia	images/300_16965816.jpg	https://collections.library.yale.edu/iiif/2/16965816/full/full/0/default.jpg	646916a15b80815702cb3045a88fef8c1e1af744a675a09b3a21934be08c855f	916755	image/jpeg	2026-10-02T03:20:28+00:00		
cmp_yale_cushing_ms3_opera_medicinalia	images/306_16965822.jpg	https://collections.library.yale.edu/iiif/2/16965822/full/full/0/default.jpg	5c1d7be0b996ac20eb2f0ae3b8efc4ca36d5e8ce16fd054e64cfab343ec8573d	848448	image/jpeg	2026-10-02T03:20:31+00:00		
cmp_yale_cushing_ms3_opera_medicinalia	images/307_16965823.jpg	https://collections.library.yale.edu/iiif/2/16965823/full/full/0/default.jpg	23120d18404efba6d51e2baf227a7fcfbc2cb4f08321a847fdb0496bfcc8b74e	839356	image/jpeg	2026-10-02T03:20:31+00:00		
cmp_yale_cushing_ms3_opera_medicinalia	images/304_16965820.jpg	https://collections.library.yale.edu/iiif/2/16965820/full/full/0/default.jpg	51e7ce6d16faf218c4d3b7777262e12bc600aeb0740fd53acb1331688827563a	1063932	image/jpeg	2026-10-02T03:20:31+00:00		
cmp_yale_cushing_ms3_opera_medicinalia	images/305_16965821.jpg	https://collections.library.yale.edu/iiif/2/16965821/full/full/0/default.jpg	509d0a2789c1a43abb8c11039fb9728511de5fbb849aa169b0e1882d7bc9fd3f	1163382	image/jpeg	2026-10-02T03:20:31+00:00		
cmp_yale_cushing_ms3_opera_medicinalia	images/311_16965827.jpg	https://collections.library.yale.edu/iiif/2/16965827/full/full/0/default.jpg	03740a46cafd9928b2de72a2f0f0e5f745747923af73ffafd492ae068c9305a8	891186	image/jpeg	2026-10-02T03:20:33+00:00		
cmp_yale_cushing_ms3_opera_medicinalia	images/310_16965826.jpg	https://collections.library.yale.edu/iiif/2/16965826/full/full/0/default.jpg	1d6c01aef6814dd3c271d9821224aec23e32a64b990af555680eace1de45b7de	822215	image/jpeg	2026-10-02T03:20:34+00:00		
cmp_yale_cushing_ms3_opera_medicinalia	images/309_16965825.jpg	https://collections.library.yale.edu/iiif/2/16965825/full/full/0/default.jpg	d701f03b993e86f7af140188dc4ec052c7cb29d2c03b504982682eca64b6ff9c	949158	image/jpeg	2026-10-02T03:20:34+00:00		
cmp_yale_cushing_ms3_opera_medicinalia	images/308_16965824.jpg	https://collections.library.yale.edu/iiif/2/16965824/full/full/0/default.jpg	57cf5eae8999bcfc4d6347cc62c64b7c0b034d234ef6b7c1441dc0ca56fae93f	923446	image/jpeg	2026-10-02T03:20:34+00:00		
cmp_yale_cushing_ms3_opera_medicinalia	images/312_16965828.jpg	https://collections.library.yale.edu/iiif/2/16965828/full/full/0/default.jpg	30c11663216e9d9ed78517a4ce60f88c9102f0d4c6a2dfdd19396d0db2a11255	1002018	image/jpeg	2026-10-02T03:20:34+00:00		
cmp_yale_cushing_ms3_opera_medicinalia	images/313_16965829.jpg	https://collections.library.yale.edu/iiif/2/16965829/full/full/0/default.jpg	052687248545e5e52a20ce2e2b32e2b6e9d501e3a8234b964ca65f87eae5588d	1003405	image/jpeg	2026-10-02T03:20:35+00:00		
cmp_yale_cushing_ms3_opera_medicinalia	images/314_16965830.jpg	https://collections.library.yale.edu/iiif/2/16965830/full/full/0/default.jpg	db0cfeb9346b7da6414235d84b7bead4272c957e558080435a8bf99e83010455	769657	image/jpeg	2026-10-02T03:20:35+00:00		
cmp_yale_cushing_ms3_opera_medicinalia	images/315_16965831.jpg	https://collections.library.yale.edu/iiif/2/16965831/full/full/0/default.jpg	6e10c32eb86af8082d850a4e21993e62b91efbfe844df2cbd6d7adc6d575b52d	824561	image/jpeg	2026-10-02T03:20:35+00:00		
cmp_yale_cushing_ms3_opera_medicinalia	images/316_16965832.jpg	https://collections.library.yale.edu/iiif/2/16965832/full/full/0/default.jpg	3a80b6b930d090a7e5f6ce225c3e7675063f4fd077698bd8d1188ce70f9b492a	834121	image/jpeg	2026-10-02T03:20:36+00:00		
cmp_yale_cushing_ms3_opera_medicinalia	images/318_16965834.jpg	https://collections.library.yale.edu/iiif/2/16965834/full/full/0/default.jpg	bccb7cbcf328f9a88b545dc2e8afc8b365200de069e7acad26f3d5daafcc35e4	797876	image/jpeg	2026-10-02T03:20:37+00:00		
cmp_yale_cushing_ms3_opera_medicinalia	images/317_16965833.jpg	https://collections.library.yale.edu/iiif/2/16965833/full/full/0/default.jpg	9545302fc030c66c0283f2959d745827f644aa483a71644d4fabf0d3f2229c7a	985646	image/jpeg	2026-10-02T03:20:37+00:00		
cmp_yale_cushing_ms3_opera_medicinalia	images/320_16965836.jpg	https://collections.library.yale.edu/iiif/2/16965836/full/full/0/default.jpg	32559f7b290bf1c63a14338f845816bd8f04ecbbb8757be66c3317fbaa71c6c3	823511	image/jpeg	2026-10-02T03:20:37+00:00		
cmp_yale_cushing_ms3_opera_medicinalia	images/319_16965835.jpg	https://collections.library.yale.edu/iiif/2/16965835/full/full/0/default.jpg	7acf40d674bcd1be0c00217a194b81a015fc7cbf7d2cc9e4a86d5ef6e1b11e94	868034	image/jpeg	2026-10-02T03:20:37+00:00		
cmp_yale_cushing_ms3_opera_medicinalia	images/322_16965838.jpg	https://collections.library.yale.edu/iiif/2/16965838/full/full/0/default.jpg	5fe536ec060d8fcd4c935a40e238f87353866d4b26003e60f6abcc73c3efde44	838603	image/jpeg	2026-10-02T03:20:38+00:00		
cmp_yale_cushing_ms3_opera_medicinalia	images/321_16965837.jpg	https://collections.library.yale.edu/iiif/2/16965837/full/full/0/default.jpg	8323361742a6d364c7586a3c857a246515d64d4d745ff326cd72a5e34cac246c	957642	image/jpeg	2026-10-02T03:20:39+00:00		
cmp_yale_cushing_ms3_opera_medicinalia	images/323_16965839.jpg	https://collections.library.yale.edu/iiif/2/16965839/full/full/0/default.jpg	437c5badb7ec15c4ebe03aa82a520f277b1db260390b06b2b4939d23265b0b2a	846126	image/jpeg	2026-10-02T03:20:39+00:00		
cmp_yale_cushing_ms3_opera_medicinalia	images/324_16965840.jpg	https://collections.library.yale.edu/iiif/2/16965840/full/full/0/default.jpg	36f7c2d146af4a13b64de2498bbf9a48c5ca74b349df1528af8a72d4970cbb24	840473	image/jpeg	2026-10-02T03:20:39+00:00		
cmp_yale_cushing_ms3_opera_medicinalia	images/325_16965841.jpg	https://collections.library.yale.edu/iiif/2/16965841/full/full/0/default.jpg	691e9f4b8d071ee18ceae438e339f1ca86f34accaf413cc9e13356fe6dce9771	889900	image/jpeg	2026-10-02T03:20:40+00:00		
cmp_yale_cushing_ms3_opera_medicinalia	images/326_16965842.jpg	https://collections.library.yale.edu/iiif/2/16965842/full/full/0/default.jpg	9d754c358ec519156b8e1950972a46302c0c7f0b98cdaa94373c08a23a9e0f8d	861274	image/jpeg	2026-10-02T03:20:40+00:00		
cmp_yale_cushing_ms3_opera_medicinalia	images/327_16965843.jpg	https://collections.library.yale.edu/iiif/2/16965843/full/full/0/default.jpg	19c04b3711e32f05e9ac0ac793343d55d9c13fbb7033e61221a06c1fd684824d	837348	image/jpeg	2026-10-02T03:20:40+00:00		
cmp_yale_cushing_ms3_opera_medicinalia	images/328_16965844.jpg	https://collections.library.yale.edu/iiif/2/16965844/full/full/0/default.jpg	7fd7beb76414927b29920e33609c961c6d4259b1e4b9a22b9982b932495707d6	997880	image/jpeg	2026-10-02T03:20:40+00:00		
cmp_yale_cushing_ms3_opera_medicinalia	images/330_16965846.jpg	https://collections.library.yale.edu/iiif/2/16965846/full/full/0/default.jpg	d030949e18c7bf2c096ce3256428cd9abba4602800fdc4853ea1da617a6dfdfd	913826	image/jpeg	2026-10-02T03:20:41+00:00		
cmp_yale_cushing_ms3_opera_medicinalia	images/329_16965845.jpg	https://collections.library.yale.edu/iiif/2/16965845/full/full/0/default.jpg	370ccbf31cb00852bf4057adf57d672fd11a5e7c1ca63b5f2466e7c5cc59ba8a	1001902	image/jpeg	2026-10-02T03:20:41+00:00		
cmp_yale_cushing_ms3_opera_medicinalia	images/331_16965847.jpg	https://collections.library.yale.edu/iiif/2/16965847/full/full/0/default.jpg	7be3e80ae50b131e35ca75028c8ce8c549c792e2bf9d2d6eeebcc55d514b2d34	901640	image/jpeg	2026-10-02T03:20:42+00:00		
cmp_yale_cushing_ms3_opera_medicinalia	images/334_16965850.jpg	https://collections.library.yale.edu/iiif/2/16965850/full/full/0/default.jpg	9dc57457957521227722b70d1d1503d9c4122824a3b761da3a72d172d1f95cab	1014011	image/jpeg	2026-10-02T03:20:43+00:00		
cmp_yale_cushing_ms3_opera_medicinalia	images/333_16965849.jpg	https://collections.library.yale.edu/iiif/2/16965849/full/full/0/default.jpg	3e812a269dfd258e03f4ad65e07f719434e0516248f0c2419b12e19cf5914d30	1007466	image/jpeg	2026-10-02T03:20:43+00:00		
cmp_yale_cushing_ms3_opera_medicinalia	images/332_16965848.jpg	https://collections.library.yale.edu/iiif/2/16965848/full/full/0/default.jpg	13eae02b7e5fbd0c66280d2cf6ac3fff45c52eed9b1c23935d4c63089ba1f481	996654	image/jpeg	2026-10-02T03:20:43+00:00		
cmp_yale_cushing_ms3_opera_medicinalia	images/336_16965852.jpg	https://collections.library.yale.edu/iiif/2/16965852/full/full/0/default.jpg	efb4d1190e66399dc18644d2939ea8309a022b2ff219b393ade3ae673364e466	943047	image/jpeg	2026-10-02T03:20:45+00:00		
cmp_yale_cushing_ms3_opera_medicinalia	images/335_16965851.jpg	https://collections.library.yale.edu/iiif/2/16965851/full/full/0/default.jpg	acdd25bc2e5662e31a74af246c3e1ac3efee9f0bc0caf8280f32c31451406972	960224	image/jpeg	2026-10-02T03:20:45+00:00		
cmp_yale_cushing_ms3_opera_medicinalia	images/338_16965854.jpg	https://collections.library.yale.edu/iiif/2/16965854/full/full/0/default.jpg	e2c50be55b6b8ec3e61c8259f1dea37e1aca814f867298892d5038861e35873b	927831	image/jpeg	2026-10-02T03:20:45+00:00		
cmp_yale_cushing_ms3_opera_medicinalia	images/337_16965853.jpg	https://collections.library.yale.edu/iiif/2/16965853/full/full/0/default.jpg	e56b0dfda49ccfb37deb83f7d81571c0e7434e6f2527202b270483df0472b286	1002226	image/jpeg	2026-10-02T03:20:45+00:00		
cmp_yale_cushing_ms3_opera_medicinalia	images/339_16965855.jpg	https://collections.library.yale.edu/iiif/2/16965855/full/full/0/default.jpg	09104d3c7494234c3c2ca41dbbb98c0443fcacfca4bed1616d8edaef94829434	974898	image/jpeg	2026-10-02T03:20:46+00:00		
cmp_yale_cushing_ms3_opera_medicinalia	images/340_16965856.jpg	https://collections.library.yale.edu/iiif/2/16965856/full/full/0/default.jpg	93aa083b8a6a72ddb9302c909c15dcd50ff8fd4268c92ca6663410acdfd02149	979254	image/jpeg	2026-10-02T03:20:46+00:00		
cmp_yale_cushing_ms3_opera_medicinalia	images/341_16965857.jpg	https://collections.library.yale.edu/iiif/2/16965857/full/full/0/default.jpg	48500b3060ab3fc600027fd76a5fd24ac86399b58ea74a44c72ae9f4c67207ae	994815	image/jpeg	2026-10-02T03:20:47+00:00		
cmp_yale_cushing_ms3_opera_medicinalia	images/342_16965858.jpg	https://collections.library.yale.edu/iiif/2/16965858/full/full/0/default.jpg	d9336a82016be15bf3a96ee03f6595a72e57efa24d02af6a044e35a631a3e9f6	962395	image/jpeg	2026-10-02T03:20:48+00:00		
cmp_yale_cushing_ms3_opera_medicinalia	images/345_16965861.jpg	https://collections.library.yale.edu/iiif/2/16965861/full/full/0/default.jpg	a6e25cc6fed226fcdd4d4004eca917aedd475050b9b1c266903454f0aeb142ff	941374	image/jpeg	2026-10-02T03:20:48+00:00		
cmp_yale_cushing_ms3_opera_medicinalia	images/343_16965859.jpg	https://collections.library.yale.edu/iiif/2/16965859/full/full/0/default.jpg	7405da7f7f4dd21ec72c76c0ff50ceac4a5a11688f60ed455aadebf035ea3ac3	961466	image/jpeg	2026-10-02T03:20:48+00:00		
cmp_yale_cushing_ms3_opera_medicinalia	images/344_16965860.jpg	https://collections.library.yale.edu/iiif/2/16965860/full/full/0/default.jpg	1687a4685cf365a17df5e6245d28bc6c65d6fa9087e74be16c87b5c58a2ab6be	1134794	image/jpeg	2026-10-02T03:20:48+00:00		
cmp_yale_cushing_ms3_opera_medicinalia	images/346_16965862.jpg	https://collections.library.yale.edu/iiif/2/16965862/full/full/0/default.jpg	027e8eca43699ba8cb5b883848619904993b195b7ded45e6e741ab866e170d1c	936296	image/jpeg	2026-10-02T03:20:49+00:00		
cmp_yale_cushing_ms3_opera_medicinalia	images/347_16965863.jpg	https://collections.library.yale.edu/iiif/2/16965863/full/full/0/default.jpg	48c061e59a49cde7ca51e5b89a35877b296955c45e9b33a61a1e63fa556aeec8	849538	image/jpeg	2026-10-02T03:20:49+00:00		
cmp_yale_cushing_ms3_opera_medicinalia	images/348_16965864.jpg	https://collections.library.yale.edu/iiif/2/16965864/full/full/0/default.jpg	5eecef5cfd5c7b3a87bffa5dc1460615be3366266664eba93cb8a7d9595f8632	980358	image/jpeg	2026-10-02T03:20:50+00:00		
cmp_yale_cushing_ms3_opera_medicinalia	images/349_16965865.jpg	https://collections.library.yale.edu/iiif/2/16965865/full/full/0/default.jpg	ef6884dfd6cd277d92e641d79339d07682e12823a8bd5c85fc2046d1ca7f2c33	994902	image/jpeg	2026-10-02T03:20:50+00:00		
cmp_yale_cushing_ms3_opera_medicinalia	images/350_16965866.jpg	https://collections.library.yale.edu/iiif/2/16965866/full/full/0/default.jpg	5150e0e45d35bcc4c94885bc6b3ceb7261c455df63a6a0ae28c6ff98dd15ae76	866628	image/jpeg	2026-10-02T03:20:52+00:00		
cmp_yale_cushing_ms3_opera_medicinalia	images/351_16965867.jpg	https://collections.library.yale.edu/iiif/2/16965867/full/full/0/default.jpg	e137ded18f592ac45fb67af8dd55648bbd5d4f2029498d0df9941d24d6a1d5ec	951623	image/jpeg	2026-10-02T03:20:52+00:00		
cmp_yale_cushing_ms3_opera_medicinalia	images/353_16965869.jpg	https://collections.library.yale.edu/iiif/2/16965869/full/full/0/default.jpg	7a22618896b422772b73ab9ac4e913d776706b1ddf9374b6de289c47a00fedb0	1226094	image/jpeg	2026-10-02T03:20:52+00:00		
cmp_yale_cushing_ms3_opera_medicinalia	images/352_16965868.jpg	https://collections.library.yale.edu/iiif/2/16965868/full/full/0/default.jpg	8acc959cd0044489e4aae8887a9e02330518c90d3ff6cb6bbf767264b3d8730c	1040556	image/jpeg	2026-10-02T03:20:53+00:00		
cmp_yale_cushing_ms3_opera_medicinalia	images/356_16965872.jpg	https://collections.library.yale.edu/iiif/2/16965872/full/full/0/default.jpg	12e2b806a295bc96ba604e705b5b29bc91446efe1b49dfe11e477a9280733a7d	1249250	image/jpeg	2026-10-02T03:20:56+00:00		
cmp_yale_cushing_ms3_opera_medicinalia	images/354_16965870.jpg	https://collections.library.yale.edu/iiif/2/16965870/full/full/0/default.jpg	db82aad5a38f81ffbcd135c1f55064fc344084aa0013419912c4d61a37804723	952430	image/jpeg	2026-10-02T03:20:56+00:00		
cmp_yale_cushing_ms3_opera_medicinalia	images/355_16965871.jpg	https://collections.library.yale.edu/iiif/2/16965871/full/full/0/default.jpg	e1b0c3fbb0e9dc9ee2ec7e7d572134f0126dcbe6b567d4a8b19dfe0210efed1c	941346	image/jpeg	2026-10-02T03:20:56+00:00		
cmp_yale_cushing_ms3_opera_medicinalia	images/357_16965873.jpg	https://collections.library.yale.edu/iiif/2/16965873/full/full/0/default.jpg	61ff4e0bbfc3ba98fa2214ad3d46583dcd3a000390a66bf776dd7b75a9c8b744	1116981	image/jpeg	2026-10-02T03:20:56+00:00		
cmp_yale_cushing_ms3_opera_medicinalia	images/359_16965875.jpg	https://collections.library.yale.edu/iiif/2/16965875/full/full/0/default.jpg	a67de1809e21a2e63d8f8898fb2d8c60515eb7918f1740f4c8dca4f22ba74909	924250	image/jpeg	2026-10-02T03:20:57+00:00		
cmp_yale_cushing_ms3_opera_medicinalia	images/361_16965877.jpg	https://collections.library.yale.edu/iiif/2/16965877/full/full/0/default.jpg	7154a5951af8226dad79e351348c63c8d60709e54f31d0be0ee4ecf33b9e39f1	1051130	image/jpeg	2026-10-02T03:20:58+00:00		
cmp_yale_cushing_ms3_opera_medicinalia	images/358_16965874.jpg	https://collections.library.yale.edu/iiif/2/16965874/full/full/0/default.jpg	bf948051bb815a8909cd188a452e866404e0df80e7bfec49516e8f8c375052d5	951907	image/jpeg	2026-10-02T03:20:58+00:00		
cmp_yale_cushing_ms3_opera_medicinalia	images/360_16965876.jpg	https://collections.library.yale.edu/iiif/2/16965876/full/full/0/default.jpg	883d3c61f5c94f93b75a9c67ada1d37b4344343cb5e4c08818ffa4ff15b092bc	1110186	image/jpeg	2026-10-02T03:20:58+00:00		
cmp_yale_cushing_ms3_opera_medicinalia	images/362_16965878.jpg	https://collections.library.yale.edu/iiif/2/16965878/full/full/0/default.jpg	e58eea19fb75929da98ad1e7561d56f81c2b46090a0e8312862f75e328a8083a	895282	image/jpeg	2026-10-02T03:20:59+00:00		
cmp_yale_cushing_ms3_opera_medicinalia	images/363_16965879.jpg	https://collections.library.yale.edu/iiif/2/16965879/full/full/0/default.jpg	938788d145e79aa3fde5e4429d04b0d23cdc7361f1918247bb3312c883b73c49	891726	image/jpeg	2026-10-02T03:20:59+00:00		
cmp_yale_cushing_ms3_opera_medicinalia	images/364_16965880.jpg	https://collections.library.yale.edu/iiif/2/16965880/full/full/0/default.jpg	e699be63f9b62e5eb0c4f1a7f0ecb9b9b26b354f71ba65e6bf6b4d0b4f697149	907181	image/jpeg	2026-10-02T03:20:59+00:00		
cmp_yale_cushing_ms3_opera_medicinalia	images/365_16965881.jpg	https://collections.library.yale.edu/iiif/2/16965881/full/full/0/default.jpg	fc435090fab308e76edcc939318dbedd63debca3933ad4e3b93b09a5bc8e8d65	1032129	image/jpeg	2026-10-02T03:20:59+00:00		
cmp_yale_cushing_ms3_opera_medicinalia	images/366_16965882.jpg	https://collections.library.yale.edu/iiif/2/16965882/full/full/0/default.jpg	ccdd15766f9b18d3b75d8c9ac0d3ad5313340fdcd09972ff2b2918df239bebe0	844162	image/jpeg	2026-10-02T03:21:00+00:00		
cmp_yale_cushing_ms3_opera_medicinalia	images/367_16965883.jpg	https://collections.library.yale.edu/iiif/2/16965883/full/full/0/default.jpg	ddb064ba607e50fbe0d3ef453a855e2c141996ceadd0661debc19ac7f9b5df0e	854786	image/jpeg	2026-10-02T03:21:00+00:00		
cmp_yale_cushing_ms3_opera_medicinalia	images/368_16965884.jpg	https://collections.library.yale.edu/iiif/2/16965884/full/full/0/default.jpg	7ae10a5029e6935854be0b83823e79d39477511595a467a026707338f64353f4	854830	image/jpeg	2026-10-02T03:21:01+00:00		
cmp_yale_cushing_ms3_opera_medicinalia	images/369_16965885.jpg	https://collections.library.yale.edu/iiif/2/16965885/full/full/0/default.jpg	3a164b16a442e351ea470e775093a90899a70a7a9ad0a5001857859a93b31204	913504	image/jpeg	2026-10-02T03:21:01+00:00		
cmp_yale_cushing_ms3_opera_medicinalia	images/370_16965886.jpg	https://collections.library.yale.edu/iiif/2/16965886/full/full/0/default.jpg	f688d6ab12eb2df0cf2cbec7ffc10500c4eb586a6424eb9e2c07e367fc3c4e54	803196	image/jpeg	2026-10-02T03:21:01+00:00		
cmp_yale_cushing_ms3_opera_medicinalia	images/374_16965890.jpg	https://collections.library.yale.edu/iiif/2/16965890/full/full/0/default.jpg	894c3715434379e83a96cfc90384774c59c3b12e8f689e657caaac558b11f74d	803786	image/jpeg	2026-10-02T03:21:03+00:00		
cmp_yale_cushing_ms3_opera_medicinalia	images/373_16965889.jpg	https://collections.library.yale.edu/iiif/2/16965889/full/full/0/default.jpg	f1a2791c3f65b539dd0ba41c0464e3479c3b662f739e9baa2e0daf3028a2b0cd	875392	image/jpeg	2026-10-02T03:21:03+00:00		
cmp_yale_cushing_ms3_opera_medicinalia	images/371_16965887.jpg	https://collections.library.yale.edu/iiif/2/16965887/full/full/0/default.jpg	8f6e949e826ae17f78e2769664620b13f9fd4769cfb2983c47b5f0817fac1045	816698	image/jpeg	2026-10-02T03:21:03+00:00		
cmp_yale_cushing_ms3_opera_medicinalia	images/372_16965888.jpg	https://collections.library.yale.edu/iiif/2/16965888/full/full/0/default.jpg	3e2930845a87711e78b60f110fffa8dfda22478de4508a8216d78c5edb423c40	828995	image/jpeg	2026-10-02T03:21:03+00:00		
cmp_yale_cushing_ms3_opera_medicinalia	images/375_16965891.jpg	https://collections.library.yale.edu/iiif/2/16965891/full/full/0/default.jpg	3df1809274fe294bbde16b2a91b3be458f267a72914f060fbaf1a3edd68e6285	884464	image/jpeg	2026-10-02T03:21:04+00:00		
cmp_yale_cushing_ms3_opera_medicinalia	images/376_16965892.jpg	https://collections.library.yale.edu/iiif/2/16965892/full/full/0/default.jpg	0b943dff22770eba01a554648890425829a75661aab5f5b08fd8e25899e8f5d6	863690	image/jpeg	2026-10-02T03:21:05+00:00		
cmp_yale_cushing_ms3_opera_medicinalia	images/377_16965893.jpg	https://collections.library.yale.edu/iiif/2/16965893/full/full/0/default.jpg	060b14da9fcdded049d308103021c68c05330f23d6f3c74d1d7873a2a8a8ef45	967920	image/jpeg	2026-10-02T03:21:05+00:00		
cmp_yale_cushing_ms3_opera_medicinalia	images/378_16965894.jpg	https://collections.library.yale.edu/iiif/2/16965894/full/full/0/default.jpg	5448923d107741200de9819ba435ce28d0cae69532f796f06e0450773bb52fef	808760	image/jpeg	2026-10-02T03:21:05+00:00		
cmp_yale_cushing_ms3_opera_medicinalia	images/379_16965895.jpg	https://collections.library.yale.edu/iiif/2/16965895/full/full/0/default.jpg	83c88d9be224e8f4ca2bdeea9d31ce174bc5cdcba7a9b11964459204af8fb170	919083	image/jpeg	2026-10-02T03:21:06+00:00		
cmp_yale_cushing_ms3_opera_medicinalia	images/380_16965896.jpg	https://collections.library.yale.edu/iiif/2/16965896/full/full/0/default.jpg	64024681784858cd2a360115f50004e9526705faf0c45ac44cef71f46903c9ab	904267	image/jpeg	2026-10-02T03:21:06+00:00		
cmp_yale_cushing_ms3_opera_medicinalia	images/381_16965897.jpg	https://collections.library.yale.edu/iiif/2/16965897/full/full/0/default.jpg	1f00b5a2fae97f95e7cebe3466cc3ea4b5adc01607c93c1c6bbc12836c3cf72d	985917	image/jpeg	2026-10-02T03:21:06+00:00		
cmp_yale_cushing_ms3_opera_medicinalia	images/382_16965898.jpg	https://collections.library.yale.edu/iiif/2/16965898/full/full/0/default.jpg	9e1f22ad3e70397ca0803f051f2c05b1452985c8005e2b5d199dcb55b40d9261	928701	image/jpeg	2026-10-02T03:21:06+00:00		
cmp_yale_cushing_ms3_opera_medicinalia	images/383_16965899.jpg	https://collections.library.yale.edu/iiif/2/16965899/full/full/0/default.jpg	24c799de3ee0204c73f5bf9bd2e2165790aafdac88eb5443a9de83b87e99d782	931675	image/jpeg	2026-10-02T03:21:07+00:00		
cmp_yale_cushing_ms3_opera_medicinalia	images/384_16965900.jpg	https://collections.library.yale.edu/iiif/2/16965900/full/full/0/default.jpg	f2b61567b5a48e4305b9def1b7ab121941f24f5c49ce0faa8e9533367c7817d7	965570	image/jpeg	2026-10-02T03:21:07+00:00		
cmp_yale_cushing_ms3_opera_medicinalia	images/385_16965901.jpg	https://collections.library.yale.edu/iiif/2/16965901/full/full/0/default.jpg	15bfe38164fed514748f51afaff7a11a0393f3153b229d1f19a75cdf6271ec76	941476	image/jpeg	2026-10-02T03:21:08+00:00		
cmp_yale_cushing_ms3_opera_medicinalia	images/386_16965902.jpg	https://collections.library.yale.edu/iiif/2/16965902/full/full/0/default.jpg	faebc64962a900bdeac4f743a3d8115d7b6ebcdc8f1f37eb902ee0ed08d1694d	876126	image/jpeg	2026-10-02T03:21:08+00:00		
cmp_yale_cushing_ms3_opera_medicinalia	images/387_16965903.jpg	https://collections.library.yale.edu/iiif/2/16965903/full/full/0/default.jpg	c38b19000cb14f92cfb56b9ae6834b4d6f6a8056215887feaec8d48ca4ace06e	867793	image/jpeg	2026-10-02T03:21:08+00:00		
cmp_yale_cushing_ms3_opera_medicinalia	images/388_16965904.jpg	https://collections.library.yale.edu/iiif/2/16965904/full/full/0/default.jpg	085efc90381dde6e0e42d1c32ba084b385c823eb62f7d85f561ca94ce8f6d296	919778	image/jpeg	2026-10-02T03:21:09+00:00		
cmp_yale_cushing_ms3_opera_medicinalia	images/390_16965906.jpg	https://collections.library.yale.edu/iiif/2/16965906/full/full/0/default.jpg	14ff2e85c02d32e65d9a9a62fb57c9c12f6d48ea44f63391eadc225e3d6980bf	859709	image/jpeg	2026-10-02T03:21:10+00:00		
cmp_yale_cushing_ms3_opera_medicinalia	images/391_16965907.jpg	https://collections.library.yale.edu/iiif/2/16965907/full/full/0/default.jpg	92d1f4a9823d31265c84363dd409a52d4d54db4c20dc0b5014ac2930b3cf6965	885695	image/jpeg	2026-10-02T03:21:10+00:00		
cmp_yale_cushing_ms3_opera_medicinalia	images/389_16965905.jpg	https://collections.library.yale.edu/iiif/2/16965905/full/full/0/default.jpg	940f050f60025ad7e75739ffe02ec9687aeeb707dbb1e38b58d8bbeaef65f63b	931511	image/jpeg	2026-10-02T03:21:10+00:00		
cmp_yale_cushing_ms3_opera_medicinalia	images/392_16965908.jpg	https://collections.library.yale.edu/iiif/2/16965908/full/full/0/default.jpg	77de37fcef589faf8b4ff23acad1b4b0cf6abca2b8556a3a591b68a34465def4	903957	image/jpeg	2026-10-02T03:21:10+00:00		
cmp_yale_cushing_ms3_opera_medicinalia	images/396_16965912.jpg	https://collections.library.yale.edu/iiif/2/16965912/full/full/0/default.jpg	adeef6a0577807a94278d0c19b03bece54be0bf07386f1d3c04bfa10c9335cd1	884093	image/jpeg	2026-10-02T03:21:12+00:00		
cmp_yale_cushing_ms3_opera_medicinalia	images/395_16965911.jpg	https://collections.library.yale.edu/iiif/2/16965911/full/full/0/default.jpg	0d1eadd8f371a95e6bb5c1f9240b7d5719b7d474cf9c01a3a262c3c3c9fb3d15	900754	image/jpeg	2026-10-02T03:21:12+00:00		
cmp_yale_cushing_ms3_opera_medicinalia	images/394_16965910.jpg	https://collections.library.yale.edu/iiif/2/16965910/full/full/0/default.jpg	a1eb8e63d3868b2b7a0b1d0a4174b6dddefe4bb2fc07180956827eb2fafb617a	867167	image/jpeg	2026-10-02T03:21:12+00:00		
cmp_yale_cushing_ms3_opera_medicinalia	images/393_16965909.jpg	https://collections.library.yale.edu/iiif/2/16965909/full/full/0/default.jpg	ccbb22326a5e032d5a83a20f9e0d03a9bdbc823e689e1b2d48cea0d60e50ac86	1030805	image/jpeg	2026-10-02T03:21:12+00:00		
cmp_yale_cushing_ms3_opera_medicinalia	images/397_16965913.jpg	https://collections.library.yale.edu/iiif/2/16965913/full/full/0/default.jpg	45bd08914e45513e84a8fbcd66a1a4adabf767a71efcd43eeb0a81346cfd7a0e	892859	image/jpeg	2026-10-02T03:21:13+00:00		
cmp_yale_cushing_ms3_opera_medicinalia	images/398_16965914.jpg	https://collections.library.yale.edu/iiif/2/16965914/full/full/0/default.jpg	a303e53f4258fe86e9e88ce0c5552cd07bdb4a250db1c9de1fd58792d371f6f4	873409	image/jpeg	2026-10-02T03:21:13+00:00		
cmp_yale_cushing_ms3_opera_medicinalia	images/399_16965915.jpg	https://collections.library.yale.edu/iiif/2/16965915/full/full/0/default.jpg	895365833aafef253e3359eb93797ce6e4e1d4b7bd7b9095ba92720ead72b293	843714	image/jpeg	2026-10-02T03:21:13+00:00		
cmp_yale_cushing_ms3_opera_medicinalia	images/400_16965916.jpg	https://collections.library.yale.edu/iiif/2/16965916/full/full/0/default.jpg	18e9f7a50dd82cde92ae910c3aec5d3a99abd63be7d26b8e3c07950b7bd2fdbb	936709	image/jpeg	2026-10-02T03:21:14+00:00		
cmp_yale_cushing_ms3_opera_medicinalia	images/402_16965918.jpg	https://collections.library.yale.edu/iiif/2/16965918/full/full/0/default.jpg	c6ef75dfe28eb363ba95ad5c6714b70afe0551be2bed556bfbc5723180165559	902085	image/jpeg	2026-10-02T03:21:15+00:00		
cmp_yale_cushing_ms3_opera_medicinalia	images/401_16965917.jpg	https://collections.library.yale.edu/iiif/2/16965917/full/full/0/default.jpg	edf222f2b76e4b559b439c134ffa610267fc3aa0ac3b87ff60d0088a55f5f7bf	956364	image/jpeg	2026-10-02T03:21:15+00:00		
cmp_yale_cushing_ms3_opera_medicinalia	images/403_16965919.jpg	https://collections.library.yale.edu/iiif/2/16965919/full/full/0/default.jpg	83199c94d232d39631c0b2dbe5b4ddc9466e490cc9cb3a88a526d0eeb2bfe58d	907464	image/jpeg	2026-10-02T03:21:15+00:00		
cmp_yale_cushing_ms3_opera_medicinalia	images/404_16965920.jpg	https://collections.library.yale.edu/iiif/2/16965920/full/full/0/default.jpg	ca5faf50adb174b15bc46061c9dd59ef10e24c9a051c9d30d9c9c7adff09f4eb	905067	image/jpeg	2026-10-02T03:21:15+00:00		
cmp_yale_cushing_ms3_opera_medicinalia	images/406_16965922.jpg	https://collections.library.yale.edu/iiif/2/16965922/full/full/0/default.jpg	d2759f6db66289e04b3f603d630f834cd66583e20b78c5fa3e505e18e945ba72	865479	image/jpeg	2026-10-02T03:21:17+00:00		
cmp_yale_cushing_ms3_opera_medicinalia	images/407_16965923.jpg	https://collections.library.yale.edu/iiif/2/16965923/full/full/0/default.jpg	35ccf11462e90535d8b89b7195982eba9c037805f75bd695a54ef795520e3ecd	881168	image/jpeg	2026-10-02T03:21:17+00:00		
cmp_yale_cushing_ms3_opera_medicinalia	images/405_16965921.jpg	https://collections.library.yale.edu/iiif/2/16965921/full/full/0/default.jpg	449014b3e0f5d941e1fbf77950a35101e32ce376b29f8ba0e63673508fc43f90	950335	image/jpeg	2026-10-02T03:21:17+00:00		
cmp_yale_cushing_ms3_opera_medicinalia	images/408_16965924.jpg	https://collections.library.yale.edu/iiif/2/16965924/full/full/0/default.jpg	2d278e4b4a2750ad9431a59467ad0f4bad3d0c19fcf52c66fd03fadfd45b1328	942830	image/jpeg	2026-10-02T03:21:17+00:00		
cmp_yale_cushing_ms3_opera_medicinalia	images/410_16965926.jpg	https://collections.library.yale.edu/iiif/2/16965926/full/full/0/default.jpg	b1373f18967caf8ce99610186bab5662f3d13f9e1d2ad91abfd2ec5d08071c14	937559	image/jpeg	2026-10-02T03:21:19+00:00		
cmp_yale_cushing_ms3_opera_medicinalia	images/409_16965925.jpg	https://collections.library.yale.edu/iiif/2/16965925/full/full/0/default.jpg	ff1306a6a1ee68cc2137b3ca67336bb314552389e9ce374d88fb3465c6516cec	928489	image/jpeg	2026-10-02T03:21:19+00:00		
cmp_yale_cushing_ms3_opera_medicinalia	images/411_16965927.jpg	https://collections.library.yale.edu/iiif/2/16965927/full/full/0/default.jpg	5472e132747771e8aeffb9d63e6a815da7d3fae4e5026407e6c898ca4ada053c	908058	image/jpeg	2026-10-02T03:21:21+00:00		
cmp_yale_cushing_ms3_opera_medicinalia	images/412_16965928.jpg	https://collections.library.yale.edu/iiif/2/16965928/full/full/0/default.jpg	79c5df8c98d0e0eb0bdd6e19219312de1cdd6099715f9e270647d108f95868aa	956270	image/jpeg	2026-10-02T03:21:21+00:00		
cmp_yale_cushing_ms3_opera_medicinalia	images/413_16965929.jpg	https://collections.library.yale.edu/iiif/2/16965929/full/full/0/default.jpg	2ac2a47841b8718489dd52309a93f3df680edda45bdf07b34301414d87a4e8bc	959624	image/jpeg	2026-10-02T03:21:21+00:00		
cmp_yale_cushing_ms3_opera_medicinalia	images/414_16965930.jpg	https://collections.library.yale.edu/iiif/2/16965930/full/full/0/default.jpg	e58ea52475fef221e62e3ca8e00f09259d3612b8c332c9da200ea91de988f435	931339	image/jpeg	2026-10-02T03:21:22+00:00		
cmp_yale_cushing_ms3_opera_medicinalia	images/415_16965931.jpg	https://collections.library.yale.edu/iiif/2/16965931/full/full/0/default.jpg	d385f36ac7921d3a25b066ab616a1a999987b6bff34cfc7e805e135fca29ba0c	911961	image/jpeg	2026-10-02T03:21:22+00:00		
cmp_yale_cushing_ms3_opera_medicinalia	images/416_16965932.jpg	https://collections.library.yale.edu/iiif/2/16965932/full/full/0/default.jpg	a1193fecd5bbdd128cf6c6182c0e20e8aa8b6ac4bc849e6a9915372173e520ac	1059873	image/jpeg	2026-10-02T03:21:22+00:00		
cmp_yale_cushing_ms3_opera_medicinalia	images/417_16965933.jpg	https://collections.library.yale.edu/iiif/2/16965933/full/full/0/default.jpg	428d50181ec5b42d109424baf9980789c8619405fd26a6cad3fc4cf307ea7211	1048243	image/jpeg	2026-10-02T03:21:23+00:00		
cmp_yale_cushing_ms3_opera_medicinalia	images/420_16965936.jpg	https://collections.library.yale.edu/iiif/2/16965936/full/full/0/default.jpg	b083408df81ce7f6bf9500af9a1a0f9a333948e4ff7e3b18d649192727eb3b4c	494821	image/jpeg	2026-10-02T03:21:24+00:00		
cmp_yale_cushing_ms3_opera_medicinalia	images/419_16965935.jpg	https://collections.library.yale.edu/iiif/2/16965935/full/full/0/default.jpg	b6a9388d69e7c120a98077e578ff25db16c3758093459b94ce12cb38f700a027	484895	image/jpeg	2026-10-02T03:21:24+00:00		
cmp_yale_cushing_ms3_opera_medicinalia	images/418_16965934.jpg	https://collections.library.yale.edu/iiif/2/16965934/full/full/0/default.jpg	f7f5d0fb1293e53327ca79c39e84d76a05226cacd6268b25ab401dc9229109bf	947577	image/jpeg	2026-10-02T03:21:24+00:00		
cmp_yale_cushing_ms3_opera_medicinalia	images/421_16965937.jpg	https://collections.library.yale.edu/iiif/2/16965937/full/full/0/default.jpg	d83ff3f4e9358750e17d15673e9c7e51f105b265475992fe6e5756e2ee8cf890	714048	image/jpeg	2026-10-02T03:21:24+00:00		
cmp_yale_cushing_ms3_opera_medicinalia	images/422_16965938.jpg	https://collections.library.yale.edu/iiif/2/16965938/full/full/0/default.jpg	d76a8014a1d00a47ee7608a5236513c54f32f071c3430612af035157463eaae4	356855	image/jpeg	2026-10-02T03:21:26+00:00		
cmp_yale_cushing_ms3_opera_medicinalia	images/423_16965939.jpg	https://collections.library.yale.edu/iiif/2/16965939/full/full/0/default.jpg	400c13b4d4addddecef31e54b9a47bc28bf11a6618c626668bb34535d59d833d	859420	image/jpeg	2026-10-02T03:21:26+00:00		
cmp_yale_cushing_ms3_opera_medicinalia	images/424_16965940.jpg	https://collections.library.yale.edu/iiif/2/16965940/full/full/0/default.jpg	6e751d881fa97cf7cb8e64316aa7034797828a6bb0229fb391f815d630f8bd6a	1104108	image/jpeg	2026-10-02T03:21:26+00:00		
cmp_yale_cushing_ms3_opera_medicinalia	images/425_16965941.jpg	https://collections.library.yale.edu/iiif/2/16965941/full/full/0/default.jpg	9a4c99c484835dd5f65d9866f6c88c8f65c0a8dd51b9e912690cbdea44bbb61f	1134354	image/jpeg	2026-10-02T03:21:27+00:00		
cmp_yale_cushing_ms3_opera_medicinalia	images/426_16965942.jpg	https://collections.library.yale.edu/iiif/2/16965942/full/full/0/default.jpg	be51cfa7eba858ff73a72100da316d399a5482445f007198721eb37b78b85a5d	823042	image/jpeg	2026-10-02T03:21:27+00:00		
cmp_yale_cushing_ms3_opera_medicinalia	images/427_16965943.jpg	https://collections.library.yale.edu/iiif/2/16965943/full/full/0/default.jpg	ebade1dddbaa2ac6d033de24a2138d0e95c8080fd7c43b843bf6ea15f708ff1c	748098	image/jpeg	2026-10-02T03:21:27+00:00		
cmp_yale_cushing_ms3_opera_medicinalia	images/428_16965944.jpg	https://collections.library.yale.edu/iiif/2/16965944/full/full/0/default.jpg	170403f447da956aa1e3cd7ad8df45acad89bbe085a32be78e679b4ced59bea4	772944	image/jpeg	2026-10-02T03:21:28+00:00		
cmp_yale_cushing_ms3_opera_medicinalia	images/429_16965945.jpg	https://collections.library.yale.edu/iiif/2/16965945/full/full/0/default.jpg	5f57438f38ab99399546fb116365b11cf9aa487a1a53221077f7a991e4c3f3b9	778753	image/jpeg	2026-10-02T03:21:28+00:00		
cmp_yale_cushing_ms3_opera_medicinalia	images/431_16965947.jpg	https://collections.library.yale.edu/iiif/2/16965947/full/full/0/default.jpg	91a25e071cb7fde57b9eade87fe1e3bae9b174e033e52d829b86bca57fced56c	740822	image/jpeg	2026-10-02T03:21:30+00:00		
cmp_yale_cushing_ms3_opera_medicinalia	images/430_16965946.jpg	https://collections.library.yale.edu/iiif/2/16965946/full/full/0/default.jpg	169f2c6b055a2eda71f70552ac894a15e47a8a5ac465c9d6a1c69e9928eda2ac	749060	image/jpeg	2026-10-02T03:21:30+00:00		
cmp_yale_cushing_ms3_opera_medicinalia	images/432_16965948.jpg	https://collections.library.yale.edu/iiif/2/16965948/full/full/0/default.jpg	bd878b263b54dac38c6a0c41b0c8e5582ec5fe7643cd7d187a94e87d7c14f3f2	812953	image/jpeg	2026-10-02T03:21:30+00:00		
cmp_yale_cushing_ms3_opera_medicinalia	images/433_16965949.jpg	https://collections.library.yale.edu/iiif/2/16965949/full/full/0/default.jpg	50eb9ccd6df20c43f05a74b3c167a3c044c1fbcf0436bd5be96798c739d9176f	734604	image/jpeg	2026-10-02T03:21:31+00:00		
cmp_yale_cushing_ms3_opera_medicinalia	images/435_16965951.jpg	https://collections.library.yale.edu/iiif/2/16965951/full/full/0/default.jpg	76771375b46913eef575699621a5cea936d4fd204e4cfee8255040ba1e2442bc	701749	image/jpeg	2026-10-02T03:21:33+00:00		
cmp_yale_cushing_ms3_opera_medicinalia	images/434_16965950.jpg	https://collections.library.yale.edu/iiif/2/16965950/full/full/0/default.jpg	63ac4cc0f45c0766e43b12f070c0ead561abfabdd1a168946c3c23991ec081cb	724123	image/jpeg	2026-10-02T03:21:34+00:00		
cmp_yale_cushing_ms3_opera_medicinalia	images/436_16965952.jpg	https://collections.library.yale.edu/iiif/2/16965952/full/full/0/default.jpg	347b25bd5b3d7c24d94914fa0cdcdbab3abd5786755aab8db64dda3c33cf84ca	1101925	image/jpeg	2026-10-02T03:21:34+00:00		
cmp_yale_cushing_ms3_opera_medicinalia	images/437_16965953.jpg	https://collections.library.yale.edu/iiif/2/16965953/full/full/0/default.jpg	3cded6f00c28adbf3e9862f36c8c298645f4b03fbeadd325577a1e01416a1aa9	992205	image/jpeg	2026-10-02T03:21:34+00:00		
cmp_yale_cushing_ms3_opera_medicinalia	images/439_16965955.jpg	https://collections.library.yale.edu/iiif/2/16965955/full/full/0/default.jpg	3fcb8c6a787f8a2d9b7491fff51a81d4b3c172b26678140160e63fe2392f89ca	860605	image/jpeg	2026-10-02T03:21:35+00:00		
cmp_yale_cushing_ms3_opera_medicinalia	images/438_16965954.jpg	https://collections.library.yale.edu/iiif/2/16965954/full/full/0/default.jpg	372da30fe55c22b00d869299117498b7bacbf0182682b722ca6a55272f3669db	739527	image/jpeg	2026-10-02T03:21:36+00:00		
cmp_yale_cushing_ms3_opera_medicinalia	images/440_16965956.jpg	https://collections.library.yale.edu/iiif/2/16965956/full/full/0/default.jpg	63d26e25864dd3243f050581fc8d28ea5ff5bdd07599ce6173f3245ef9f0dcd7	1195612	image/jpeg	2026-10-02T03:21:37+00:00		
cmp_yale_cushing_ms3_opera_medicinalia	images/442_16965958.jpg	https://collections.library.yale.edu/iiif/2/16965958/full/full/0/default.jpg	1e96c6078483132d03a86af76fb1d6c2d370613edf7992885019659c2bd85523	861431	image/jpeg	2026-10-02T03:21:37+00:00		
cmp_yale_cushing_ms3_opera_medicinalia	images/443_16965959.jpg	https://collections.library.yale.edu/iiif/2/16965959/full/full/0/default.jpg	ba1f4a657e19339ed98fa2df4a3b22a6ea249dc1da4f7c38ac3337ebe734b017	811995	image/jpeg	2026-10-02T03:21:37+00:00		
cmp_yale_cushing_ms3_opera_medicinalia	images/444_16965960.jpg	https://collections.library.yale.edu/iiif/2/16965960/full/full/0/default.jpg	4441a2330f40873cb0698da95bdd078cdaf9dc6986f2224c7b6945d44b6a97dc	754227	image/jpeg	2026-10-02T03:21:38+00:00		
cmp_yale_cushing_ms3_opera_medicinalia	images/445_16965961.jpg	https://collections.library.yale.edu/iiif/2/16965961/full/full/0/default.jpg	d0a3a526217bd395f0a788f1e9a6909b5110c55d8c2ec6690148161373f6ebcb	859711	image/jpeg	2026-10-02T03:21:39+00:00		
cmp_yale_cushing_ms3_opera_medicinalia	images/446_16965962.jpg	https://collections.library.yale.edu/iiif/2/16965962/full/full/0/default.jpg	c8c71cd7dacc5e33beee5d24bd33285a3c9419fd1d0f43a83fda883bee937bb0	792416	image/jpeg	2026-10-02T03:21:39+00:00		
cmp_yale_cushing_ms3_opera_medicinalia	images/441_16965957.jpg	https://collections.library.yale.edu/iiif/2/16965957/full/full/0/default.jpg	41393fd5c9712a45799d1b6e322cd6b22905197dec095427cb8ecfeef13ddd7c	1396875	image/jpeg	2026-10-02T03:21:39+00:00		
cmp_yale_cushing_ms3_opera_medicinalia	images/447_16965963.jpg	https://collections.library.yale.edu/iiif/2/16965963/full/full/0/default.jpg	a569b4ec3269c3866696b3c55a7de28196f7d84656624b4f7032ecb2ab9f2e5d	807179	image/jpeg	2026-10-02T03:21:40+00:00		
cmp_yale_cushing_ms3_opera_medicinalia	images/448_16965964.jpg	https://collections.library.yale.edu/iiif/2/16965964/full/full/0/default.jpg	001a39409f8a9ccb9b074d20047441f9dc0063d861d87eed3a3692c16509e846	840123	image/jpeg	2026-10-02T03:21:41+00:00		
cmp_yale_cushing_ms3_opera_medicinalia	images/450_16965966.jpg	https://collections.library.yale.edu/iiif/2/16965966/full/full/0/default.jpg	816238486ab136cdb585184591d53413e642ede00826fa92ae77635b0281bca4	764717	image/jpeg	2026-10-02T03:21:41+00:00		
cmp_yale_cushing_ms3_opera_medicinalia	images/449_16965965.jpg	https://collections.library.yale.edu/iiif/2/16965965/full/full/0/default.jpg	05c70c95f512232b0d43070b766b0ed30e6f2815700af89da0e00ced062ae1a8	852790	image/jpeg	2026-10-02T03:21:41+00:00		
cmp_yale_cushing_ms3_opera_medicinalia	images/451_16965967.jpg	https://collections.library.yale.edu/iiif/2/16965967/full/full/0/default.jpg	6b76cc51cc2a99cd8b41aa85d9d0cb2ab86d4cb66ecfdef06d5e1a861a1fbf9f	780358	image/jpeg	2026-10-02T03:21:41+00:00		
cmp_yale_cushing_ms3_opera_medicinalia	images/453_16965969.jpg	https://collections.library.yale.edu/iiif/2/16965969/full/full/0/default.jpg	e23fbe45097b91ebf696e3a75691f0d60ae35167b5abfd1a4a4831a9a7a92429	1015401	image/jpeg	2026-10-02T03:21:43+00:00		
cmp_yale_cushing_ms3_opera_medicinalia	images/455_16965971.jpg	https://collections.library.yale.edu/iiif/2/16965971/full/full/0/default.jpg	387963d97ff841fae5b84b33190e5b783c3999429ba6481302cf4703cfa95d56	679693	image/jpeg	2026-10-02T03:21:43+00:00		
cmp_yale_cushing_ms3_opera_medicinalia	images/454_16965970.jpg	https://collections.library.yale.edu/iiif/2/16965970/full/full/0/default.jpg	2141e6ab31ae4139a83737d5a967f398bf6bc874435ac8ef21f63220ae45dc41	728477	image/jpeg	2026-10-02T03:21:43+00:00		
cmp_yale_cushing_ms3_opera_medicinalia	images/452_16965968.jpg	https://collections.library.yale.edu/iiif/2/16965968/full/full/0/default.jpg	024e8746648c54132dbadec8a87847051c3690b541535290e15f8a8dea8c696e	1218999	image/jpeg	2026-10-02T03:21:43+00:00		
cmp_yale_cushing_ms3_opera_medicinalia	images/458_16965974.jpg	https://collections.library.yale.edu/iiif/2/16965974/full/full/0/default.jpg	f5050d365e82bba123cb5daf1b09e9378b7933dd034401f9e12066a1104e8e79	707591	image/jpeg	2026-10-02T03:21:45+00:00		
cmp_yale_cushing_ms3_opera_medicinalia	images/457_16965973.jpg	https://collections.library.yale.edu/iiif/2/16965973/full/full/0/default.jpg	e1927a3a78b59e6fec6a4f8b7aa04b1f0b33a16e00541ffe9c9d6dfc206b9f30	715867	image/jpeg	2026-10-02T03:21:45+00:00		
cmp_yale_cushing_ms3_opera_medicinalia	images/459_16965975.jpg	https://collections.library.yale.edu/iiif/2/16965975/full/full/0/default.jpg	2cc4b6ce7eb945ca45a725181ade4677d877dcb9273586769bd782413764f0aa	660265	image/jpeg	2026-10-02T03:21:46+00:00		
cmp_yale_cushing_ms3_opera_medicinalia	images/456_16965972.jpg	https://collections.library.yale.edu/iiif/2/16965972/full/full/0/default.jpg	179d30fa8b69e4a1dd19b5b416e0669cf27170f0e47fae1101c35e70f013c7d5	784764	image/jpeg	2026-10-02T03:21:46+00:00		
cmp_yale_cushing_ms3_opera_medicinalia	images/462_16965978.jpg	https://collections.library.yale.edu/iiif/2/16965978/full/full/0/default.jpg	edc32d6c7d304194cc32e22ac469e32c95b04cade577a144dbe4260efd08e107	693460	image/jpeg	2026-10-02T03:21:48+00:00		
cmp_yale_cushing_ms3_opera_medicinalia	images/461_16965977.jpg	https://collections.library.yale.edu/iiif/2/16965977/full/full/0/default.jpg	3a7514a255b5983c88ce8f9bc0fd3d6413873d5f1b50b0943849402e6e4d3971	834835	image/jpeg	2026-10-02T03:21:48+00:00		
cmp_yale_cushing_ms3_opera_medicinalia	images/460_16965976.jpg	https://collections.library.yale.edu/iiif/2/16965976/full/full/0/default.jpg	9e374f47b79bab0df3a2a03e063c6411dec2977662519cc43fdcc5c9f2aee658	754829	image/jpeg	2026-10-02T03:21:48+00:00		
cmp_yale_cushing_ms3_opera_medicinalia	images/463_16965979.jpg	https://collections.library.yale.edu/iiif/2/16965979/full/full/0/default.jpg	dd5aebd4c2eb1ba877926f52add49296c06f7f98f3b05515467a8ba2977bbea1	670155	image/jpeg	2026-10-02T03:21:48+00:00		
cmp_yale_cushing_ms3_opera_medicinalia	images/465_16965981.jpg	https://collections.library.yale.edu/iiif/2/16965981/full/full/0/default.jpg	59aba40858395abbc902b0dd35342e2e7ce54a5f8ba1b99a2675720721b4dc1a	796667	image/jpeg	2026-10-02T03:21:50+00:00		
cmp_yale_cushing_ms3_opera_medicinalia	images/467_16965983.jpg	https://collections.library.yale.edu/iiif/2/16965983/full/full/0/default.jpg	b19504aacd4a7b06e14641c130595b1b1dd141b86dc2b7b93df0d51f99a087a9	705702	image/jpeg	2026-10-02T03:21:50+00:00		
cmp_yale_cushing_ms3_opera_medicinalia	images/466_16965982.jpg	https://collections.library.yale.edu/iiif/2/16965982/full/full/0/default.jpg	97758b793d5c4f8b64978a3e8036532485bee8b6ee803ff2bb529773ee8d1db5	691433	image/jpeg	2026-10-02T03:21:50+00:00		
cmp_yale_cushing_ms3_opera_medicinalia	images/464_16965980.jpg	https://collections.library.yale.edu/iiif/2/16965980/full/full/0/default.jpg	ce3523af50833d19a196ece520a4966810f80e98e843a7d04bf77015ba5358de	889984	image/jpeg	2026-10-02T03:21:50+00:00		
cmp_yale_cushing_ms3_opera_medicinalia	images/468_16965984.jpg	https://collections.library.yale.edu/iiif/2/16965984/full/full/0/default.jpg	68bed645631fea6ec03dc05c4479af50bbe20daede7174ad93db54ec5d1e3887	955326	image/jpeg	2026-10-02T03:21:51+00:00		
cmp_yale_cushing_ms3_opera_medicinalia	images/469_16965985.jpg	https://collections.library.yale.edu/iiif/2/16965985/full/full/0/default.jpg	ae4b75c4b82e23a651cb208175af2f1dcc69d92f72a39d9844b371082f9b4d87	881262	image/jpeg	2026-10-02T03:21:51+00:00		
cmp_yale_cushing_ms3_opera_medicinalia	images/470_16965986.jpg	https://collections.library.yale.edu/iiif/2/16965986/full/full/0/default.jpg	682aa65e251b852d3e79b9ee690ab405319b2e76594ff62a048405260d216bb1	732714	image/jpeg	2026-10-02T03:21:51+00:00		
cmp_yale_cushing_ms3_opera_medicinalia	images/471_16965987.jpg	https://collections.library.yale.edu/iiif/2/16965987/full/full/0/default.jpg	e30d3f86fbc62831766bcbde3466f6ebbae1795491625dd775517a589367dbfe	741370	image/jpeg	2026-10-02T03:21:52+00:00		
cmp_yale_cushing_ms3_opera_medicinalia	images/474_16965990.jpg	https://collections.library.yale.edu/iiif/2/16965990/full/full/0/default.jpg	ca97b4db40b5cb8fc447d5e4a6b2fc75cceed904bfff704b492f22af09ca7394	729304	image/jpeg	2026-10-02T03:21:53+00:00		
cmp_yale_cushing_ms3_opera_medicinalia	images/473_16965989.jpg	https://collections.library.yale.edu/iiif/2/16965989/full/full/0/default.jpg	30c1414e6c51c9cc7e7cfc4fb2c9cd193ab3c3c5f72ad2d586df08d45b876656	886530	image/jpeg	2026-10-02T03:21:53+00:00		
cmp_yale_cushing_ms3_opera_medicinalia	images/472_16965988.jpg	https://collections.library.yale.edu/iiif/2/16965988/full/full/0/default.jpg	e551f869abad44e91592f4a1eecc3976d9c65bdca47faca2f51a53c7831ed33c	874264	image/jpeg	2026-10-02T03:21:53+00:00		
cmp_yale_cushing_ms3_opera_medicinalia	images/475_16965991.jpg	https://collections.library.yale.edu/iiif/2/16965991/full/full/0/default.jpg	bfcf1a42de3228664ce0ab598cedc561ca7e033c8d77ea3ade3f71b01d28300c	749595	image/jpeg	2026-10-02T03:21:53+00:00		
cmp_yale_cushing_ms3_opera_medicinalia	images/476_16965992.jpg	https://collections.library.yale.edu/iiif/2/16965992/full/full/0/default.jpg	2f78545f8f83295e104e0a55a09c65bdffb8539ccc5655065753b3128fb94630	942600	image/jpeg	2026-10-02T03:21:54+00:00		
cmp_yale_cushing_ms3_opera_medicinalia	images/478_16965994.jpg	https://collections.library.yale.edu/iiif/2/16965994/full/full/0/default.jpg	a250a39270e258564b7443bd76fe224147de65899681e3f3773d216d07888be3	769659	image/jpeg	2026-10-02T03:21:54+00:00		
cmp_yale_cushing_ms3_opera_medicinalia	images/479_16965995.jpg	https://collections.library.yale.edu/iiif/2/16965995/full/full/0/default.jpg	9f72f9003738674730d3faa6f0a5dcfb1220eba7dc04321d19b4df1656d0346e	714798	image/jpeg	2026-10-02T03:21:54+00:00		
cmp_yale_cushing_ms3_opera_medicinalia	images/477_16965993.jpg	https://collections.library.yale.edu/iiif/2/16965993/full/full/0/default.jpg	393bc612f2896fe3bda069e71d530f833a4c818834d8ddcebbe5d306b756ef9f	904695	image/jpeg	2026-10-02T03:21:54+00:00		
cmp_yale_cushing_ms3_opera_medicinalia	images/483_16965999.jpg	https://collections.library.yale.edu/iiif/2/16965999/full/full/0/default.jpg	929ea0e838bfe9aece671a8e9e454b298a5eb0ad2a7957a2d5deb7d4ad18f6c9	766454	image/jpeg	2026-10-02T03:21:56+00:00		
cmp_yale_cushing_ms3_opera_medicinalia	images/482_16965998.jpg	https://collections.library.yale.edu/iiif/2/16965998/full/full/0/default.jpg	e7c5ca0af4e9b619ce95deb47650e002bde0cc523ab678c8b55eac0f96c3aa40	752268	image/jpeg	2026-10-02T03:21:56+00:00		
cmp_yale_cushing_ms3_opera_medicinalia	images/481_16965997.jpg	https://collections.library.yale.edu/iiif/2/16965997/full/full/0/default.jpg	338d838ea792f8f3505f850555c684e352722d40eb1877d41968468d2c737969	882730	image/jpeg	2026-10-02T03:21:56+00:00		
cmp_yale_cushing_ms3_opera_medicinalia	images/480_16965996.jpg	https://collections.library.yale.edu/iiif/2/16965996/full/full/0/default.jpg	8f934387ab6eb0a97f8388d513426644eeb98c9e849aafc57b7f2a188d6a5f1a	891679	image/jpeg	2026-10-02T03:21:56+00:00		
cmp_yale_cushing_ms3_opera_medicinalia	images/487_16966003.jpg	https://collections.library.yale.edu/iiif/2/16966003/full/full/0/default.jpg	84976844b5cc8ba4e1173ffd332acfb84cd5a2e39c740364096dc5dcf39ba2b3	698905	image/jpeg	2026-10-02T03:21:57+00:00		
cmp_yale_cushing_ms3_opera_medicinalia	images/486_16966002.jpg	https://collections.library.yale.edu/iiif/2/16966002/full/full/0/default.jpg	dff9e930278c43d09e31e744daa2fb917481a4d3996436de748779d36d8f46a8	762703	image/jpeg	2026-10-02T03:21:57+00:00		
cmp_yale_cushing_ms3_opera_medicinalia	images/485_16966001.jpg	https://collections.library.yale.edu/iiif/2/16966001/full/full/0/default.jpg	5a17d87e4f5900f8e6881196322292b08bf3cbfc67182d93456f4aaaa701837f	892194	image/jpeg	2026-10-02T03:21:57+00:00		
cmp_yale_cushing_ms3_opera_medicinalia	images/484_16966000.jpg	https://collections.library.yale.edu/iiif/2/16966000/full/full/0/default.jpg	5b37efe49abd191ab5296546c290b6316434eab95a1d37848d6dc462152e1300	856506	image/jpeg	2026-10-02T03:21:57+00:00		
cmp_yale_cushing_ms3_opera_medicinalia	images/488_16966004.jpg	https://collections.library.yale.edu/iiif/2/16966004/full/full/0/default.jpg	093f356d382aebf87a41d4ea253dd48b118c507f7b2519ff6dcfdc8c8edf4314	758164	image/jpeg	2026-10-02T03:21:58+00:00		
cmp_yale_cushing_ms3_opera_medicinalia	images/490_16966006.jpg	https://collections.library.yale.edu/iiif/2/16966006/full/full/0/default.jpg	3b2dfe147295e91b03db2088f394f849a28a79ab89b33591e72e054dcc12d8cc	747233	image/jpeg	2026-10-02T03:21:59+00:00		
cmp_yale_cushing_ms3_opera_medicinalia	images/489_16966005.jpg	https://collections.library.yale.edu/iiif/2/16966005/full/full/0/default.jpg	081b07b1d140df4f411f74c1f5632ab004587b566fb75acf68e90c8faf9ed980	868595	image/jpeg	2026-10-02T03:21:59+00:00		
cmp_yale_cushing_ms3_opera_medicinalia	images/491_16966007.jpg	https://collections.library.yale.edu/iiif/2/16966007/full/full/0/default.jpg	8761fe602cd6ba57918875c52e102a0c8f70e66899e4e1b9402226d3ef18dcac	801485	image/jpeg	2026-10-02T03:21:59+00:00		
cmp_yale_cushing_ms3_opera_medicinalia	images/492_16966008.jpg	https://collections.library.yale.edu/iiif/2/16966008/full/full/0/default.jpg	c0cdcb2c1dbd928de0ad9b7966f6e6e93eb03c9f815b1f829c025f44f72e9d17	1135719	image/jpeg	2026-10-02T03:22:00+00:00		
cmp_yale_cushing_ms3_opera_medicinalia	images/495_16966011.jpg	https://collections.library.yale.edu/iiif/2/16966011/full/full/0/default.jpg	32d2da2f96dd4e8f2f55d4d54bb78f9ece56e12e62dc0fbf0ad6a6a9f930a21a	753273	image/jpeg	2026-10-02T03:22:00+00:00		
cmp_yale_cushing_ms3_opera_medicinalia	images/494_16966010.jpg	https://collections.library.yale.edu/iiif/2/16966010/full/full/0/default.jpg	aed0df7677a5caeb74f3dc1784c4b50f805ac14d45240344da2cd57e34a1b927	761004	image/jpeg	2026-10-02T03:22:00+00:00		
cmp_yale_cushing_ms3_opera_medicinalia	images/493_16966009.jpg	https://collections.library.yale.edu/iiif/2/16966009/full/full/0/default.jpg	e9a7c64347bd91540bb6fa0915e564e6dbaf8bf588a27dca7894cf1254f42b5e	1150732	image/jpeg	2026-10-02T03:22:00+00:00		
cmp_yale_cushing_ms3_opera_medicinalia	images/496_16966012.jpg	https://collections.library.yale.edu/iiif/2/16966012/full/full/0/default.jpg	74609cd3c5ab71118f8030ebb1290c66a2297c6b59ec185cb4b16b4e4c71a9cb	1039378	image/jpeg	2026-10-02T03:22:02+00:00		
cmp_yale_cushing_ms3_opera_medicinalia	images/499_16966015.jpg	https://collections.library.yale.edu/iiif/2/16966015/full/full/0/default.jpg	4e3507a6c3da5ccec85e3712e1dc6828ec874cd8a6b03af7d6183e1ff7670202	763992	image/jpeg	2026-10-02T03:22:03+00:00		
cmp_yale_cushing_ms3_opera_medicinalia	images/500_16966016.jpg	https://collections.library.yale.edu/iiif/2/16966016/full/full/0/default.jpg	c654998230ec87b8bece57a08d23eb399191c768f9f221efcf87b870397f8463	816200	image/jpeg	2026-10-02T03:22:03+00:00		
cmp_yale_cushing_ms3_opera_medicinalia	images/498_16966014.jpg	https://collections.library.yale.edu/iiif/2/16966014/full/full/0/default.jpg	115a46cb46af92d9b5868eb832423b44885c73ecc6bc85ba7fa0fe182841da59	751757	image/jpeg	2026-10-02T03:22:03+00:00		
cmp_yale_cushing_ms3_opera_medicinalia	images/497_16966013.jpg	https://collections.library.yale.edu/iiif/2/16966013/full/full/0/default.jpg	c8ef88a75e43367b2f8f3356070a80c0eceba14ad8b565a18ea76f4ecf03b17b	1114026	image/jpeg	2026-10-02T03:22:04+00:00		
cmp_yale_cushing_ms3_opera_medicinalia	images/502_16966018.jpg	https://collections.library.yale.edu/iiif/2/16966018/full/full/0/default.jpg	4dfe5e409e2998e1a35e3fc9459f6b1928132c27bee62184fdecca0a10b141d4	785983	image/jpeg	2026-10-02T03:22:05+00:00		
cmp_yale_cushing_ms3_opera_medicinalia	images/501_16966017.jpg	https://collections.library.yale.edu/iiif/2/16966017/full/full/0/default.jpg	6c1632b2f5f9942840662c445043756f3f7eed2fd7f7f8f5f9f4e77f6a647646	911999	image/jpeg	2026-10-02T03:22:05+00:00		
cmp_yale_cushing_ms3_opera_medicinalia	images/503_16966019.jpg	https://collections.library.yale.edu/iiif/2/16966019/full/full/0/default.jpg	91a9079a0bf67127e48476b4c054a6d3ea80c1f7dfdf828dd472b75480ba1168	720469	image/jpeg	2026-10-02T03:22:05+00:00		
cmp_yale_cushing_ms3_opera_medicinalia	images/506_16966022.jpg	https://collections.library.yale.edu/iiif/2/16966022/full/full/0/default.jpg	089b11ed7cca9d90a6784ad4698670c444e6a8ffbae9f0df5624fa6e9a82a69c	684049	image/jpeg	2026-10-02T03:22:06+00:00		
cmp_yale_cushing_ms3_opera_medicinalia	images/505_16966021.jpg	https://collections.library.yale.edu/iiif/2/16966021/full/full/0/default.jpg	8bff97912cd39cb1358d5dfd4aa9051eb20021f9cdb4c1282b44ed3f069f5e35	943804	image/jpeg	2026-10-02T03:22:06+00:00		
cmp_yale_cushing_ms3_opera_medicinalia	images/504_16966020.jpg	https://collections.library.yale.edu/iiif/2/16966020/full/full/0/default.jpg	f58d9845c0124afa9378415519fd5739adad51dd6debea0110d839ad613860dd	786050	image/jpeg	2026-10-02T03:22:06+00:00		
cmp_yale_cushing_ms3_opera_medicinalia	images/510_16966026.jpg	https://collections.library.yale.edu/iiif/2/16966026/full/full/0/default.jpg	9d41ecb57795a7af6a8d049b8fbe1a69975c8c1d25648ef266e919a192e182b9	747828	image/jpeg	2026-10-02T03:22:07+00:00		
cmp_yale_cushing_ms3_opera_medicinalia	images/508_16966024.jpg	https://collections.library.yale.edu/iiif/2/16966024/full/full/0/default.jpg	cfb95e5c4026d2bc0ef1ba5ed49e56706732ae9da7efacec1ae897d1bc3372ee	773105	image/jpeg	2026-10-02T03:22:08+00:00		
cmp_yale_cushing_ms3_opera_medicinalia	images/509_16966025.jpg	https://collections.library.yale.edu/iiif/2/16966025/full/full/0/default.jpg	39b6c5519358bb19ed775be5521b50987936c732cd49836f127aee7327f1cd4a	863010	image/jpeg	2026-10-02T03:22:08+00:00		
cmp_yale_cushing_ms3_opera_medicinalia	images/507_16966023.jpg	https://collections.library.yale.edu/iiif/2/16966023/full/full/0/default.jpg	2503c633571649ab7e0879a2c8bb84aa6f5171007c2684f96dc596809c71c224	793057	image/jpeg	2026-10-02T03:22:08+00:00		
cmp_yale_cushing_ms3_opera_medicinalia	images/511_16966027.jpg	https://collections.library.yale.edu/iiif/2/16966027/full/full/0/default.jpg	a05fc67dede0bab7ce2f44910fdfee582d4ff4b8582942b82f9ab54efebebf7f	773073	image/jpeg	2026-10-02T03:22:09+00:00		
cmp_yale_cushing_ms3_opera_medicinalia	images/514_16966030.jpg	https://collections.library.yale.edu/iiif/2/16966030/full/full/0/default.jpg	970e3fbb39a93c6ba81a4f3d18f5e72fa1d2a557fa6e9f1840ff1ca3dc22d1ca	750373	image/jpeg	2026-10-02T03:22:09+00:00		
cmp_yale_cushing_ms3_opera_medicinalia	images/512_16966028.jpg	https://collections.library.yale.edu/iiif/2/16966028/full/full/0/default.jpg	819524d14c8a3ebf0defdd8d19750756214a062e773a93d81cfd74b33101ae74	865887	image/jpeg	2026-10-02T03:22:09+00:00		
cmp_yale_cushing_ms3_opera_medicinalia	images/513_16966029.jpg	https://collections.library.yale.edu/iiif/2/16966029/full/full/0/default.jpg	0f54fdf1346c9b0c72ecd7905d0c6e522d33e894bd8b478da8d9b0cc70f6f7b1	850010	image/jpeg	2026-10-02T03:22:09+00:00		
cmp_yale_cushing_ms3_opera_medicinalia	images/515_16966031.jpg	https://collections.library.yale.edu/iiif/2/16966031/full/full/0/default.jpg	071d6471023e80158c3eea05cf38547a3e65f84e9626652434ae63f4c21c6896	733671	image/jpeg	2026-10-02T03:22:10+00:00		
cmp_yale_cushing_ms3_opera_medicinalia	images/516_16966032.jpg	https://collections.library.yale.edu/iiif/2/16966032/full/full/0/default.jpg	87abaf48a3543dcfebe0cea2eda502eece4c34361ee34fc5a3029d8749cfc8e7	887511	image/jpeg	2026-10-02T03:22:11+00:00		
cmp_yale_cushing_ms3_opera_medicinalia	images/518_16966034.jpg	https://collections.library.yale.edu/iiif/2/16966034/full/full/0/default.jpg	3ba5d0f4e00ed9d80d000e93565fd6da02dd752b679b916cb61fcac085cf99a0	777915	image/jpeg	2026-10-02T03:22:12+00:00		
cmp_yale_cushing_ms3_opera_medicinalia	images/517_16966033.jpg	https://collections.library.yale.edu/iiif/2/16966033/full/full/0/default.jpg	0de10867dac22698145e8272383ab41a36256adac9e4e501210a3e36a4f63122	863072	image/jpeg	2026-10-02T03:22:12+00:00		
cmp_yale_cushing_ms3_opera_medicinalia	images/519_16966035.jpg	https://collections.library.yale.edu/iiif/2/16966035/full/full/0/default.jpg	8a90ea5f88c1a740f2612295ed0ff94886c076e901006ae999bdade9114da545	750995	image/jpeg	2026-10-02T03:22:13+00:00		
cmp_yale_cushing_ms3_opera_medicinalia	images/520_16966036.jpg	https://collections.library.yale.edu/iiif/2/16966036/full/full/0/default.jpg	1c96a27203e3c585a8d3e533c5b959a8dfd1a11eeb91ad476bf990e6857be9a7	909064	image/jpeg	2026-10-02T03:22:13+00:00		
cmp_yale_cushing_ms3_opera_medicinalia	images/521_16966037.jpg	https://collections.library.yale.edu/iiif/2/16966037/full/full/0/default.jpg	71a83d3870382184269ca264e1f7679832f4c87bf3d0a7117d997acd35cfa71a	893759	image/jpeg	2026-10-02T03:22:13+00:00		
cmp_yale_cushing_ms3_opera_medicinalia	images/522_16966038.jpg	https://collections.library.yale.edu/iiif/2/16966038/full/full/0/default.jpg	dd68281d389bb9bac7101e90d59aff9805dfd87900653cf2df9a94f38ef384e9	730708	image/jpeg	2026-10-02T03:22:14+00:00		
cmp_yale_cushing_ms3_opera_medicinalia	images/523_16966039.jpg	https://collections.library.yale.edu/iiif/2/16966039/full/full/0/default.jpg	a3771a9434d323a34db666e392fbd853fc8309ccc2fc52633d9b1f707e0993cd	701558	image/jpeg	2026-10-02T03:22:14+00:00		
cmp_yale_cushing_ms3_opera_medicinalia	images/524_16966040.jpg	https://collections.library.yale.edu/iiif/2/16966040/full/full/0/default.jpg	76e8052087c93c096dba63598e46b53c212a8fa890d2a45d2f1d928a27f47d4a	953173	image/jpeg	2026-10-02T03:22:14+00:00		
cmp_yale_cushing_ms3_opera_medicinalia	images/525_16966041.jpg	https://collections.library.yale.edu/iiif/2/16966041/full/full/0/default.jpg	8de769390f189e764eb3328205a2dc49b6515205d9287a522760648f379afd0a	843367	image/jpeg	2026-10-02T03:22:15+00:00		
cmp_yale_cushing_ms3_opera_medicinalia	images/527_16966043.jpg	https://collections.library.yale.edu/iiif/2/16966043/full/full/0/default.jpg	1c9bc392dec85380e6b6bc40ee0cd7e1c368a4330a57872345ef15506c9528c9	833257	image/jpeg	2026-10-02T03:22:16+00:00		
cmp_yale_cushing_ms3_opera_medicinalia	images/526_16966042.jpg	https://collections.library.yale.edu/iiif/2/16966042/full/full/0/default.jpg	6218ce1f994ba18766f405ac036ba7b137e9c825d10ce388d1f6f4391ef97e39	806761	image/jpeg	2026-10-02T03:22:16+00:00		
cmp_yale_cushing_ms3_opera_medicinalia	images/528_16966044.jpg	https://collections.library.yale.edu/iiif/2/16966044/full/full/0/default.jpg	2f194ddf6f69727a0b2b0fd8ef6511b4d86cbab5e1a4dc129e16cfd8b4808a2e	842700	image/jpeg	2026-10-02T03:22:16+00:00		
cmp_yale_cushing_ms3_opera_medicinalia	images/529_16966045.jpg	https://collections.library.yale.edu/iiif/2/16966045/full/full/0/default.jpg	c5f893afc81b4923d09020fb798c2ece64e90c1f2658743bfc8fb2d498c70433	964477	image/jpeg	2026-10-02T03:22:16+00:00		
cmp_yale_cushing_ms3_opera_medicinalia	images/530_16966046.jpg	https://collections.library.yale.edu/iiif/2/16966046/full/full/0/default.jpg	347616cd6a1949a13c98495017ead10e59b9aa7087851770cbc84a79fc38ae25	774814	image/jpeg	2026-10-02T03:22:18+00:00		
cmp_yale_cushing_ms3_opera_medicinalia	images/531_16966047.jpg	https://collections.library.yale.edu/iiif/2/16966047/full/full/0/default.jpg	7e1ca1c8e55a96c49cce9a3b326185856549c22ac564698761c277e9b6cfdf7b	911665	image/jpeg	2026-10-02T03:22:18+00:00		
cmp_yale_cushing_ms3_opera_medicinalia	images/533_16966049.jpg	https://collections.library.yale.edu/iiif/2/16966049/full/full/0/default.jpg	e68a197c520ddf020ee990cba212a38f59b596713ecda92f9f52914b19133c3d	951551	image/jpeg	2026-10-02T03:22:18+00:00		
cmp_yale_cushing_ms3_opera_medicinalia	images/532_16966048.jpg	https://collections.library.yale.edu/iiif/2/16966048/full/full/0/default.jpg	600288669803a9e4078860cf4a3b191e392d4007ca5ecff682af79723aee2f37	973366	image/jpeg	2026-10-02T03:22:18+00:00		
cmp_yale_cushing_ms3_opera_medicinalia	images/535_16966051.jpg	https://collections.library.yale.edu/iiif/2/16966051/full/full/0/default.jpg	91d9a7f77e51ac251483251ddec348fbf7caf990c78122728128ed1fd86118fd	989760	image/jpeg	2026-10-02T03:22:20+00:00		
cmp_yale_cushing_ms3_opera_medicinalia	images/536_16966052.jpg	https://collections.library.yale.edu/iiif/2/16966052/full/full/0/default.jpg	0f128fe4735ebf892ffdd0773ba36599c50e096df670b9ec6195ef68beffb4fc	992247	image/jpeg	2026-10-02T03:22:20+00:00		
cmp_yale_cushing_ms3_opera_medicinalia	images/534_16966050.jpg	https://collections.library.yale.edu/iiif/2/16966050/full/full/0/default.jpg	10fac8d92f9bdf8739c01aba1af61267cadffbf09c181c395496277c3bf81c32	826567	image/jpeg	2026-10-02T03:22:21+00:00		
cmp_yale_cushing_ms3_opera_medicinalia	images/537_16966053.jpg	https://collections.library.yale.edu/iiif/2/16966053/full/full/0/default.jpg	dea8b0f11b827b0631c40fd556ce577ee709684acfd7139968f6e460d0a5ceb5	896500	image/jpeg	2026-10-02T03:22:21+00:00		
cmp_yale_cushing_ms3_opera_medicinalia	images/538_16966054.jpg	https://collections.library.yale.edu/iiif/2/16966054/full/full/0/default.jpg	405e1335ecf7518d0a7266d5c7d98eb3e32f30f04d53d75901b1a966b1231d73	879596	image/jpeg	2026-10-02T03:22:22+00:00		
cmp_yale_cushing_ms3_opera_medicinalia	images/539_16966055.jpg	https://collections.library.yale.edu/iiif/2/16966055/full/full/0/default.jpg	5425e57d2634d64fff1a691d9439f5589a04bf73db07feb51a0a1b8c8b91dbd3	868257	image/jpeg	2026-10-02T03:22:22+00:00		
cmp_yale_cushing_ms3_opera_medicinalia	images/540_16966056.jpg	https://collections.library.yale.edu/iiif/2/16966056/full/full/0/default.jpg	ee78b5e46a70bf6e0f89822d84a9f595f09046e1d4f267cc03a0e514bcd125cd	976676	image/jpeg	2026-10-02T03:22:22+00:00		
cmp_yale_cushing_ms3_opera_medicinalia	images/541_16966057.jpg	https://collections.library.yale.edu/iiif/2/16966057/full/full/0/default.jpg	41f8dfebd3ed07f2c0dc5b281ad82d15e55f6cbdec3f1aac754bf3a5e4b89838	873444	image/jpeg	2026-10-02T03:22:24+00:00		
cmp_yale_cushing_ms3_opera_medicinalia	images/542_16966058.jpg	https://collections.library.yale.edu/iiif/2/16966058/full/full/0/default.jpg	41395d4bab9a23711345abad92821e4051f9cc1d8149e381d471d9b408469110	932560	image/jpeg	2026-10-02T03:22:24+00:00		
cmp_yale_cushing_ms3_opera_medicinalia	images/544_16966060.jpg	https://collections.library.yale.edu/iiif/2/16966060/full/full/0/default.jpg	85a7edb2571d9b84c7a7ef86f369e80bb54d315e844723d70d746b1dc7d6e496	1003844	image/jpeg	2026-10-02T03:22:24+00:00		
cmp_yale_cushing_ms3_opera_medicinalia	images/543_16966059.jpg	https://collections.library.yale.edu/iiif/2/16966059/full/full/0/default.jpg	350faeb132124aba7c3a79171adbddcc30fd1432c62a7e68bd2fe5cd91e6ca11	900410	image/jpeg	2026-10-02T03:22:25+00:00		
cmp_yale_cushing_ms3_opera_medicinalia	images/547_16966063.jpg	https://collections.library.yale.edu/iiif/2/16966063/full/full/0/default.jpg	81c9098053e1ac620a556e97278a8dc314c127c592f1c0f6590de1539315a0e3	904217	image/jpeg	2026-10-02T03:22:26+00:00		
cmp_yale_cushing_ms3_opera_medicinalia	images/548_16966064.jpg	https://collections.library.yale.edu/iiif/2/16966064/full/full/0/default.jpg	c4e01e2edc91ff3ea023f3d4e4bcd2f744f0bfd32f48a8e03b99de1097522f2b	1105809	image/jpeg	2026-10-02T03:22:27+00:00		
cmp_yale_cushing_ms3_opera_medicinalia	images/545_16966061.jpg	https://collections.library.yale.edu/iiif/2/16966061/full/full/0/default.jpg	f3f45130d9baffce1abcf2c928382e4a626e1e211e15d8b1763ab501ef91abd1	942357	image/jpeg	2026-10-02T03:22:27+00:00		
cmp_yale_cushing_ms3_opera_medicinalia	images/546_16966062.jpg	https://collections.library.yale.edu/iiif/2/16966062/full/full/0/default.jpg	3d4d3335bf58921aa2a0e99d3c05038ca58315843b7b8eb5138d8ae0ae6ad1cf	965339	image/jpeg	2026-10-02T03:22:27+00:00		
cmp_yale_cushing_ms3_opera_medicinalia	images/549_16966065.jpg	https://collections.library.yale.edu/iiif/2/16966065/full/full/0/default.jpg	cc8e09e4d628a5c1639b12003b32408c06df539dd9696911ad0eca4d9e5f82b4	1035131	image/jpeg	2026-10-02T03:22:29+00:00		
cmp_yale_cushing_ms3_opera_medicinalia	images/550_16966066.jpg	https://collections.library.yale.edu/iiif/2/16966066/full/full/0/default.jpg	61b4c3ff1d7e7ac8813d88b916b0bd0a4bf7766666270524216c6bca7fe6bf6f	949099	image/jpeg	2026-10-02T03:22:29+00:00		
cmp_yale_cushing_ms3_opera_medicinalia	images/551_16966067.jpg	https://collections.library.yale.edu/iiif/2/16966067/full/full/0/default.jpg	f9c36bd6ba428cd62e690cfad869d4ed3bdc751a683b6d5dde1869516b273412	938618	image/jpeg	2026-10-02T03:22:29+00:00		
cmp_yale_cushing_ms3_opera_medicinalia	images/552_16966068.jpg	https://collections.library.yale.edu/iiif/2/16966068/full/full/0/default.jpg	bb65eb33a9eee40f5011550821942a5901e12dd9e6026d3c9990b1b0dbf9260a	1000563	image/jpeg	2026-10-02T03:22:29+00:00		
cmp_yale_cushing_ms3_opera_medicinalia	images/553_16966069.jpg	https://collections.library.yale.edu/iiif/2/16966069/full/full/0/default.jpg	392699570fd163503cc0a7ce3e202b08fcdb420922d8efea14765cfc4ed095d8	982508	image/jpeg	2026-10-02T03:22:31+00:00		
cmp_yale_cushing_ms3_opera_medicinalia	images/555_16966071.jpg	https://collections.library.yale.edu/iiif/2/16966071/full/full/0/default.jpg	117b4ff20687120af5a50cd178219690d10a1453fabae4fecbc9fb6661da5661	935660	image/jpeg	2026-10-02T03:22:32+00:00		
cmp_yale_cushing_ms3_opera_medicinalia	images/556_16966072.jpg	https://collections.library.yale.edu/iiif/2/16966072/full/full/0/default.jpg	f34a6bbd9120c34f533c125be879683dc7f5c9389328a1cdbc28b8f60770a95a	950017	image/jpeg	2026-10-02T03:22:32+00:00		
cmp_yale_cushing_ms3_opera_medicinalia	images/554_16966070.jpg	https://collections.library.yale.edu/iiif/2/16966070/full/full/0/default.jpg	ab0f9684f4c178d322a0f46774e2aee7e825db272d387d0385ce751bd65a84ed	964720	image/jpeg	2026-10-02T03:22:32+00:00		
cmp_yale_cushing_ms3_opera_medicinalia	images/557_16966073.jpg	https://collections.library.yale.edu/iiif/2/16966073/full/full/0/default.jpg	d90e046c7176f3afa0aa8406c60b78029a8664c1c5c959ac04881a5ccc5e100a	901602	image/jpeg	2026-10-02T03:22:34+00:00		
cmp_yale_cushing_ms3_opera_medicinalia	images/558_16966074.jpg	https://collections.library.yale.edu/iiif/2/16966074/full/full/0/default.jpg	bfbe966a4e50b13349d9f79e251ef987eef814ee69e40f0b8b0aa526b36f5704	974378	image/jpeg	2026-10-02T03:22:35+00:00		
cmp_yale_cushing_ms3_opera_medicinalia	images/560_16966076.jpg	https://collections.library.yale.edu/iiif/2/16966076/full/full/0/default.jpg	d1a966ba2ca3b78a10f7b6b01113ba6794e2d9b9e1db2064b889195f446dacd6	974180	image/jpeg	2026-10-02T03:22:35+00:00		
cmp_yale_cushing_ms3_opera_medicinalia	images/559_16966075.jpg	https://collections.library.yale.edu/iiif/2/16966075/full/full/0/default.jpg	4b0962af01550b95d54b60a116e05770025ea92d5d23128284b14a742ba95604	911465	image/jpeg	2026-10-02T03:22:35+00:00		
cmp_yale_cushing_ms3_opera_medicinalia	images/561_16966077.jpg	https://collections.library.yale.edu/iiif/2/16966077/full/full/0/default.jpg	c74752067bbe785118d9e79c02e3f0289de637410959edee0c9f53d959ed2b12	939244	image/jpeg	2026-10-02T03:22:35+00:00		
cmp_yale_cushing_ms3_opera_medicinalia	images/564_16966080.jpg	https://collections.library.yale.edu/iiif/2/16966080/full/full/0/default.jpg	67206199549c4a947bc5bef39a578e0a2b069b1ad61e66a0fb05d531242ebd60	1009798	image/jpeg	2026-10-02T03:22:37+00:00		
cmp_yale_cushing_ms3_opera_medicinalia	images/562_16966078.jpg	https://collections.library.yale.edu/iiif/2/16966078/full/full/0/default.jpg	7d5f6986088b5ab288d12662031e5159a4ce6c6d21877e0b9687e4ded667bb58	942822	image/jpeg	2026-10-02T03:22:37+00:00		
cmp_yale_cushing_ms3_opera_medicinalia	images/563_16966079.jpg	https://collections.library.yale.edu/iiif/2/16966079/full/full/0/default.jpg	792f4d53280b0588c3ebdc0fc9ea1d58d15dc7443f1da95c1c06d1451453d36e	925038	image/jpeg	2026-10-02T03:22:37+00:00		
cmp_yale_cushing_ms3_opera_medicinalia	images/565_16966081.jpg	https://collections.library.yale.edu/iiif/2/16966081/full/full/0/default.jpg	32253bf9f145f668d809cfdf691900b5a0fb74989c4282f2910a7563119160d4	976016	image/jpeg	2026-10-02T03:22:37+00:00		
cmp_yale_cushing_ms3_opera_medicinalia	images/567_16966083.jpg	https://collections.library.yale.edu/iiif/2/16966083/full/full/0/default.jpg	28d3a96e8b48c1d157efcdadebb33baa57272b4c09b6a7d593b8ac8da03b7821	1034493	image/jpeg	2026-10-02T03:22:40+00:00		
cmp_yale_cushing_ms3_opera_medicinalia	images/568_16966084.jpg	https://collections.library.yale.edu/iiif/2/16966084/full/full/0/default.jpg	a28775998bdeb0f4e52c348876a3add4a5d8dd66f36d7572101932a9db853a26	961761	image/jpeg	2026-10-02T03:22:40+00:00		
cmp_yale_cushing_ms3_opera_medicinalia	images/566_16966082.jpg	https://collections.library.yale.edu/iiif/2/16966082/full/full/0/default.jpg	d19962e948726f50f2b08fdde45b1ebd67bd6ff79fd9fc98429852fbc7f780d6	992256	image/jpeg	2026-10-02T03:22:40+00:00		
cmp_yale_cushing_ms3_opera_medicinalia	images/569_16966085.jpg	https://collections.library.yale.edu/iiif/2/16966085/full/full/0/default.jpg	a12740e9293f427b3ae8d5c5052f316b0df1257d99ffbd53af5c84af5430fb25	972947	image/jpeg	2026-10-02T03:22:40+00:00		
cmp_yale_cushing_ms3_opera_medicinalia	images/572_16966088.jpg	https://collections.library.yale.edu/iiif/2/16966088/full/full/0/default.jpg	54930ea83186ba156bf1a6e10ec406f666c1d7762d3252a7db3d36d4e479a0fe	985323	image/jpeg	2026-10-02T03:22:43+00:00		
cmp_yale_cushing_ms3_opera_medicinalia	images/570_16966086.jpg	https://collections.library.yale.edu/iiif/2/16966086/full/full/0/default.jpg	7ded288224befb8c9408125dd612095ad927842055d106ad6b82a3b7b08be448	991027	image/jpeg	2026-10-02T03:22:43+00:00		
cmp_yale_cushing_ms3_opera_medicinalia	images/571_16966087.jpg	https://collections.library.yale.edu/iiif/2/16966087/full/full/0/default.jpg	78fe70dc5239082cb213d3160f8270443a3f277a169f044cee0ee6963a4f3c1e	905794	image/jpeg	2026-10-02T03:22:43+00:00		
cmp_yale_cushing_ms3_opera_medicinalia	images/573_16966089.jpg	https://collections.library.yale.edu/iiif/2/16966089/full/full/0/default.jpg	12c31b44064070c8c7128e470544e626a1cf8e2784b14d525519e8aa8fd5b22a	908477	image/jpeg	2026-10-02T03:22:43+00:00		
cmp_yale_cushing_ms3_opera_medicinalia	images/577_16966093.jpg	https://collections.library.yale.edu/iiif/2/16966093/full/full/0/default.jpg	063ba03d8050dc56a79c56e828032ad895561aa9de9c0c106484588d3988de0b	938921	image/jpeg	2026-10-02T03:22:44+00:00		
cmp_yale_cushing_ms3_opera_medicinalia	images/574_16966090.jpg	https://collections.library.yale.edu/iiif/2/16966090/full/full/0/default.jpg	73cfcb3bbb7ad141d21fbecbd5e3806a94c89c14827b0842aed1ee7a5d9921ab	934319	image/jpeg	2026-10-02T03:22:45+00:00		
cmp_yale_cushing_ms3_opera_medicinalia	images/576_16966092.jpg	https://collections.library.yale.edu/iiif/2/16966092/full/full/0/default.jpg	b3b2b9ddb989b1be33e92217f70878bfa4283ee0ab5a515ddb6e6387b1f4c7a9	1240600	image/jpeg	2026-10-02T03:22:45+00:00		
cmp_yale_cushing_ms3_opera_medicinalia	images/578_16966094.jpg	https://collections.library.yale.edu/iiif/2/16966094/full/full/0/default.jpg	40ced00d0d65de86575265951b84458d8ca208c998aba85af26fa3409b9423a2	915372	image/jpeg	2026-10-02T03:22:46+00:00		
cmp_yale_cushing_ms3_opera_medicinalia	images/575_16966091.jpg	https://collections.library.yale.edu/iiif/2/16966091/full/full/0/default.jpg	f854cff71e0b2573c679ff921d1fae29dc52bee8fa7b024fe8ab9fc9b258a2e8	853258	image/jpeg	2026-10-02T03:22:46+00:00		
cmp_yale_cushing_ms3_opera_medicinalia	images/579_16966095.jpg	https://collections.library.yale.edu/iiif/2/16966095/full/full/0/default.jpg	30fa06ad3e18b514cf39977f18bc5f09d7a5456100e8bdd894fd334e9735488c	882937	image/jpeg	2026-10-02T03:22:46+00:00		
cmp_yale_cushing_ms3_opera_medicinalia	images/582_16966098.jpg	https://collections.library.yale.edu/iiif/2/16966098/full/full/0/default.jpg	ec936b649924ed70b643f48790677de1b312d4434c44cf6b0079132d9d3225bd	874856	image/jpeg	2026-10-02T03:22:49+00:00		
cmp_yale_cushing_ms3_opera_medicinalia	images/581_16966097.jpg	https://collections.library.yale.edu/iiif/2/16966097/full/full/0/default.jpg	d9abd6c0b9a10b99423b7d5edcbe4e3f55493d7b0021d416f54d130c0891593e	894284	image/jpeg	2026-10-02T03:22:49+00:00		
cmp_yale_cushing_ms3_opera_medicinalia	images/580_16966096.jpg	https://collections.library.yale.edu/iiif/2/16966096/full/full/0/default.jpg	ede11bb80273ebc7d5ce61a1df0239f743a621b77740cfd41dadccf214a126cf	882353	image/jpeg	2026-10-02T03:22:49+00:00		
cmp_yale_cushing_ms3_opera_medicinalia	images/583_16966099.jpg	https://collections.library.yale.edu/iiif/2/16966099/full/full/0/default.jpg	9b5e7e99f9702d8dff3ba68904e0e7d1c3172d5b87ec8d6de42b34d66c861127	942482	image/jpeg	2026-10-02T03:22:50+00:00		
cmp_yale_cushing_ms3_opera_medicinalia	images/585_16966101.jpg	https://collections.library.yale.edu/iiif/2/16966101/full/full/0/default.jpg	bad11070c46c309295a5f4be29faa01bb2160023be34c967a9a1219ec2e69226	992126	image/jpeg	2026-10-02T03:22:52+00:00		
cmp_yale_cushing_ms3_opera_medicinalia	images/584_16966100.jpg	https://collections.library.yale.edu/iiif/2/16966100/full/full/0/default.jpg	da93a5263e9b55e8fdd2cdcb5632473e5774a5522296a4fc32eca2f6c82068ea	931198	image/jpeg	2026-10-02T03:22:52+00:00		
cmp_yale_cushing_ms3_opera_medicinalia	images/587_16966103.jpg	https://collections.library.yale.edu/iiif/2/16966103/full/full/0/default.jpg	4254f76227e26d1cb579b4c849d824d790237b5894efbca955b72ba1d7a5a4bf	360851	image/jpeg	2026-10-02T03:22:52+00:00		
cmp_yale_cushing_ms3_opera_medicinalia	images/586_16966102.jpg	https://collections.library.yale.edu/iiif/2/16966102/full/full/0/default.jpg	3bdea19bff025ceea1e1bb5dee9aff8028c0013f686d28680128d383da5dd831	919374	image/jpeg	2026-10-02T03:22:52+00:00		
cmp_yale_cushing_ms3_opera_medicinalia	images/589_16966105.jpg	https://collections.library.yale.edu/iiif/2/16966105/full/full/0/default.jpg	57fe66ff2cfcd98e74a79f0819a6848ec73499aae6e7421a7c28d1e9b4b4e764	484849	image/jpeg	2026-10-02T03:22:53+00:00		
cmp_yale_cushing_ms3_opera_medicinalia	images/588_16966104.jpg	https://collections.library.yale.edu/iiif/2/16966104/full/full/0/default.jpg	533086e0edff02c5087a07fea0526fa6389ce285863c45ae2c9cf488e9c2d938	298002	image/jpeg	2026-10-02T03:22:53+00:00		
cmp_yale_cushing_ms3_opera_medicinalia	images/590_16966106.jpg	https://collections.library.yale.edu/iiif/2/16966106/full/full/0/default.jpg	5d49354cd21359bd01ed303f98fe7f4739a3973ddf64fbbe3f66ffbc974f1ead	1239359	image/jpeg	2026-10-02T03:22:54+00:00		
